pattern,injection_rate,offered_load,packets_injected,packets_received,throughput,delivery_ratio,queueing_latency,network_latency,packet_latency,average_hops,sim_ticks,sim_freq
uniform_random,0.01,0.005,3165.0,3162.0,0.004940625,0.9990521327014218,2.0,13.557559,15.557559,5.26945,10000.0,2000000000.0
uniform_random,0.02,0.01,6387.0,6382.0,0.009971875,0.9992171598559574,2.0,13.579285,15.579285,5.271702,10000.0,2000000000.0
uniform_random,0.03,0.015,9483.0,9471.0,0.0147984375,0.9987345776652958,2.0,13.614507,15.614507,5.280857,10000.0,2000000000.0
uniform_random,0.04,0.02,12618.0,12593.0,0.0196765625,0.9980187034395308,2.0,13.560947,15.560947,5.24728,10000.0,2000000000.0
uniform_random,0.05,0.025,15980.0,15955.0,0.0249296875,0.9984355444305382,2.0,13.526669,15.526669,5.221122,10000.0,2000000000.0
uniform_random,0.06,0.03,19131.0,19109.0,0.0298578125,0.9988500339762689,2.0,13.623738,15.623738,5.258779,10000.0,2000000000.0
uniform_random,0.07,0.035,22313.0,22280.0,0.0348125,0.9985210415452875,2.0,13.597756,15.597756,5.237522,10000.0,2000000000.0
uniform_random,0.08,0.04,25513.0,25486.0,0.039821875,0.9989417159879277,2.0,13.614298,15.614298,5.236169,10000.0,2000000000.0
uniform_random,0.09,0.045,28723.0,28679.0,0.0448109375,0.9984681265884483,2.0,13.644269,15.644269,5.242547,10000.0,2000000000.0
uniform_random,0.1,0.05,31970.0,31919.0,0.0498734375,0.9984047544573037,2.0,13.711394,15.711394,5.266832,10000.0,2000000000.0
uniform_random,0.11,0.055,35150.0,35109.0,0.0548578125,0.9988335704125177,2.0,13.705261,15.705261,5.253468,10000.0,2000000000.0
uniform_random,0.12,0.06,38312.0,38245.0,0.0597578125,0.998251200668198,2.0,13.728592,15.728592,5.257289,10000.0,2000000000.0
uniform_random,0.13,0.065,41441.0,41382.0,0.064659375,0.9985762891822109,2.0,13.700353,15.700353,5.232396,10000.0,2000000000.0
uniform_random,0.14,0.07,44515.0,44455.0,0.0694609375,0.9986521397281816,2.0,13.753414,15.753414,5.250995,10000.0,2000000000.0
uniform_random,0.15,0.075,47716.0,47649.0,0.0744515625,0.9985958588314192,2.0,13.745934,15.745934,5.241327,10000.0,2000000000.0
uniform_random,0.16,0.08,50920.0,50840.0,0.0794375,0.9984289080911233,2.0,13.812077,15.812077,5.2631,10000.0,2000000000.0
uniform_random,0.17,0.085,54190.0,54109.0,0.0845453125,0.9985052592729285,2.0,13.813913,15.813913,5.255041,10000.0,2000000000.0
uniform_random,0.18,0.09,57428.0,57352.0,0.0896125,0.9986766037473009,2.0,13.827853,15.827853,5.252999,10000.0,2000000000.0
uniform_random,0.19,0.095,60683.0,60581.0,0.0946578125,0.9983191338595653,2.0,13.869778,15.869778,5.26373,10000.0,2000000000.0
uniform_random,0.2,0.1,63801.0,63702.0,0.099534375,0.9984483001833827,2.0,13.890302,15.890302,5.264277,10000.0,2000000000.0
uniform_random,0.21,0.105,67103.0,67011.0,0.1047046875,0.9986289733692979,2.0,13.892167,15.892167,5.254093,10000.0,2000000000.0
uniform_random,0.22,0.11,70205.0,70106.0,0.109540625,0.9985898440282032,2.0,13.869141,15.869141,5.231507,10000.0,2000000000.0
uniform_random,0.23,0.115,73295.0,73185.0,0.1143515625,0.9984992154990109,2.0,13.925381,15.925381,5.248671,10000.0,2000000000.0
uniform_random,0.24,0.12,76649.0,76545.0,0.1196015625,0.9986431655990293,2.0,13.946528,15.946528,5.247959,10000.0,2000000000.0
uniform_random,0.25,0.125,79865.0,79728.0,0.124575,0.9982846052713955,2.0,13.979919,15.979919,5.256108,10000.0,2000000000.0
uniform_random,0.26,0.13,83161.0,83030.0,0.129734375,0.9984247423672155,2.0,13.971902,15.971902,5.241973,10000.0,2000000000.0
uniform_random,0.27,0.135,86362.0,86233.0,0.1347390625,0.9985062874875524,2.0,14.010448,16.010448,5.248374,10000.0,2000000000.0
uniform_random,0.28,0.14,89543.0,89406.0,0.139696875,0.9984700088225769,2.0,14.026106,16.026106,5.246068,10000.0,2000000000.0
uniform_random,0.29,0.145,92816.0,92670.0,0.144796875,0.9984269953456301,2.0,14.066645,16.066645,5.252563,10000.0,2000000000.0
uniform_random,0.3,0.15,96060.0,95916.0,0.14986875,0.9985009369144284,2.0,14.106958,16.106958,5.259592,10000.0,2000000000.0
uniform_random,0.31,0.155,99232.0,99095.0,0.1548359375,0.9986193969687198,2.0,14.110056,16.110056,5.248711,10000.0,2000000000.0
uniform_random,0.32,0.16,102412.0,102256.0,0.159775,0.9984767410069133,2.0,14.161135,16.161135,5.260718,10000.0,2000000000.0
uniform_random,0.33,0.165,105628.0,105459.0,0.1647796875,0.9984000454424963,2.0,14.147527,16.147527,5.239354,10000.0,2000000000.0
uniform_random,0.34,0.17,108817.0,108636.0,0.16974375,0.9983366569561741,2.0,14.181505,16.181505,5.241715,10000.0,2000000000.0
uniform_random,0.35,0.175,111998.0,111839.0,0.1747484375,0.9985803317916392,2.0,14.199984,16.199984,5.24132,10000.0,2000000000.0
uniform_random,0.36,0.18,115134.0,114954.0,0.179615625,0.9984366043045495,2.0,14.257625,16.257625,5.250135,10000.0,2000000000.0
uniform_random,0.37,0.185,118176.0,118001.0,0.1843765625,0.9985191578662335,2.0,14.282803,16.282803,5.248167,10000.0,2000000000.0
uniform_random,0.38,0.19,121411.0,121207.0,0.1893859375,0.9983197568589337,2.0,14.321483,16.321483,5.252527,10000.0,2000000000.0
uniform_random,0.39,0.195,124573.0,124367.0,0.1943234375,0.9983463511354788,2.0,14.325159,16.325159,5.235287,10000.0,2000000000.0
uniform_random,0.4,0.2,127850.0,127645.0,0.1994453125,0.9983965584669534,2.0,14.393482,16.393482,5.24518,10000.0,2000000000.0
uniform_random,0.41,0.205,130940.0,130735.0,0.2042734375,0.9984343974339392,2.0,14.421945,16.421945,5.24116,10000.0,2000000000.0
uniform_random,0.42,0.21,134152.0,133956.0,0.20930625,0.9985389707197806,2.0,14.492393,16.492393,5.254419,10000.0,2000000000.0
uniform_random,0.43,0.215,137408.0,137192.0,0.2143625,0.9984280391243596,2.000007,14.55235,16.552357,5.260299,10000.0,2000000000.0
uniform_random,0.44,0.22,140661.0,140451.0,0.2194546875,0.9985070488621579,2.0,14.567664,16.567664,5.250009,10000.0,2000000000.0
uniform_random,0.45,0.225,143788.0,143576.0,0.2243375,0.9985256071438506,2.0,14.614727,16.614727,5.251936,10000.0,2000000000.0
uniform_random,0.46,0.23,146960.0,146737.0,0.2292765625,0.9984825802939575,2.000061,14.680878,16.680939,5.252874,10000.0,2000000000.0
uniform_random,0.47,0.235,150117.0,149898.0,0.234215625,0.9985411379124283,2.000013,14.721898,16.721911,5.248282,10000.0,2000000000.0
uniform_random,0.48,0.24,153229.0,152997.0,0.2390578125,0.9984859262933257,2.000052,14.799512,16.799565,5.25209,10000.0,2000000000.0
uniform_random,0.49,0.245,156386.0,156147.0,0.2439796875,0.9984717302060286,2.000026,14.867106,16.867132,5.255535,10000.0,2000000000.0
uniform_random,0.5,0.25,159529.0,159305.0,0.2489140625,0.9985958665822515,2.00005,14.905213,16.905263,5.248122,10000.0,2000000000.0
shuffle,0.01,0.005,3151.0,3149.0,0.0049203125,0.9993652808632181,2.0,11.025405,13.025405,4.005716,10000.0,2000000000.0
shuffle,0.02,0.01,6392.0,6387.0,0.0099796875,0.9992177722152691,2.0,11.067637,13.067637,4.018945,10000.0,2000000000.0
shuffle,0.03,0.015,9506.0,9495.0,0.0148359375,0.9988428361035135,2.0,11.110479,13.110479,4.032438,10000.0,2000000000.0
shuffle,0.04,0.02,12607.0,12594.0,0.019678125,0.9989688268422305,2.0,11.098539,13.098539,4.020168,10000.0,2000000000.0
shuffle,0.05,0.025,15968.0,15951.0,0.0249234375,0.998935370741483,2.0,11.116544,13.116544,4.021002,10000.0,2000000000.0
shuffle,0.06,0.03,19104.0,19080.0,0.0298125,0.9987437185929648,2.0,11.123532,13.123532,4.018134,10000.0,2000000000.0
shuffle,0.07,0.035,22259.0,22229.0,0.0347328125,0.9986522305584258,2.0,11.139098,13.139098,4.019119,10000.0,2000000000.0
shuffle,0.08,0.04,25466.0,25429.0,0.0397328125,0.9985470823843556,2.0,11.143852,13.143852,4.013921,10000.0,2000000000.0
shuffle,0.09,0.045,28697.0,28657.0,0.0447765625,0.9986061260758964,2.0,11.154168,13.154168,4.011446,10000.0,2000000000.0
shuffle,0.1,0.05,31948.0,31902.0,0.049846875,0.9985601602604232,2.0,11.157451,13.157451,4.006927,10000.0,2000000000.0
shuffle,0.11,0.055,35122.0,35070.0,0.054796875,0.9985194465007687,2.0,11.168149,13.168149,4.004904,10000.0,2000000000.0
shuffle,0.12,0.06,38292.0,38235.0,0.0597421875,0.9985114384205578,2.0,11.177691,13.177691,4.002197,10000.0,2000000000.0
shuffle,0.13,0.065,41433.0,41375.0,0.0646484375,0.9986001496391765,2.0,11.19548,13.19548,4.002393,10000.0,2000000000.0
shuffle,0.14,0.07,44569.0,44507.0,0.0695421875,0.9986088985617806,2.0,11.209967,13.209967,4.001618,10000.0,2000000000.0
shuffle,0.15,0.075,47760.0,47695.0,0.0745234375,0.9986390284757118,2.0,11.21344,13.21344,3.995408,10000.0,2000000000.0
shuffle,0.16,0.08,50975.0,50905.0,0.0795390625,0.9986267778322707,2.0,11.231883,13.231883,3.995482,10000.0,2000000000.0
shuffle,0.17,0.085,54179.0,54105.0,0.0845390625,0.9986341571457575,2.0,11.250735,13.250735,3.996784,10000.0,2000000000.0
shuffle,0.18,0.09,57392.0,57316.0,0.08955625,0.9986757736269863,2.0,11.275909,13.275909,4.000436,10000.0,2000000000.0
shuffle,0.19,0.095,60619.0,60537.0,0.0945890625,0.9986472888038403,2.0,11.287328,13.287328,3.998133,10000.0,2000000000.0
shuffle,0.2,0.1,63806.0,63720.0,0.0995625,0.9986521643732564,2.0,11.302197,13.302197,3.997097,10000.0,2000000000.0
shuffle,0.21,0.105,66989.0,66901.0,0.1045328125,0.9986863514905432,2.0,11.320713,13.320713,3.996532,10000.0,2000000000.0
shuffle,0.22,0.11,70137.0,70045.0,0.1094453125,0.998688281506195,2.0,11.339011,13.339011,3.995303,10000.0,2000000000.0
shuffle,0.23,0.115,73254.0,73157.0,0.1143078125,0.9986758402271548,2.0,11.351094,13.351094,3.991252,10000.0,2000000000.0
shuffle,0.24,0.12,76496.0,76396.0,0.11936875,0.9986927421041623,2.0,11.37892,13.37892,3.993756,10000.0,2000000000.0
shuffle,0.25,0.125,79713.0,79607.0,0.1243859375,0.9986702294481452,2.0,11.406623,13.406623,3.99598,10000.0,2000000000.0
shuffle,0.26,0.13,82939.0,82833.0,0.1294265625,0.9987219522781804,2.0,11.429261,13.429261,3.994604,10000.0,2000000000.0
shuffle,0.27,0.135,86166.0,86054.0,0.134459375,0.9987001833669893,2.0,11.457794,13.457794,3.995503,10000.0,2000000000.0
shuffle,0.28,0.14,89320.0,89206.0,0.139384375,0.9987236901030004,2.0,11.489698,13.489698,3.996525,10000.0,2000000000.0
shuffle,0.29,0.145,92559.0,92442.0,0.144440625,0.9987359413995398,2.0,11.522717,13.522717,3.997101,10000.0,2000000000.0
shuffle,0.3,0.15,95810.0,95691.0,0.1495171875,0.998757958459451,2.0,11.553333,13.553333,3.995266,10000.0,2000000000.0
shuffle,0.31,0.155,98949.0,98827.0,0.1544171875,0.9987670416072927,2.0,11.589363,13.589363,3.995214,10000.0,2000000000.0
shuffle,0.32,0.16,102153.0,102027.0,0.1594171875,0.9987665560482806,2.000039,11.636518,13.636557,3.995521,10000.0,2000000000.0
shuffle,0.33,0.165,105338.0,105210.0,0.164390625,0.9987848639617232,2.000038,11.685638,13.685676,3.995685,10000.0,2000000000.0
shuffle,0.34,0.17,108533.0,108403.0,0.1693796875,0.9988022076234878,2.000037,11.751308,13.751345,3.995591,10000.0,2000000000.0
shuffle,0.35,0.175,111703.0,111572.0,0.17433125,0.9988272472538786,2.000081,11.81732,13.8174,3.995241,10000.0,2000000000.0
shuffle,0.36,0.18,114873.0,114737.0,0.1792765625,0.9988160838491204,2.000061,11.895195,13.895256,3.995154,10000.0,2000000000.0
shuffle,0.37,0.185,118054.0,117915.0,0.1842421875,0.9988225727209582,2.000237,11.994326,13.994564,3.995615,10000.0,2000000000.0
shuffle,0.38,0.19,121234.0,121086.0,0.189196875,0.9987792203507267,2.000933,12.126348,14.127281,3.996143,10000.0,2000000000.0
shuffle,0.39,0.195,124354.0,124195.0,0.1940546875,0.9987213921546553,2.001135,12.294875,14.29601,3.996747,10000.0,2000000000.0
shuffle,0.4,0.2,127637.0,127469.0,0.1991703125,0.9986837672461747,2.002189,12.505393,14.507582,3.997709,10000.0,2000000000.0
shuffle,0.41,0.205,130827.0,130648.0,0.2041375,0.9986317809014958,2.007953,12.808937,14.81689,3.998171,10000.0,2000000000.0
shuffle,0.42,0.21,133970.0,133783.0,0.2090359375,0.9986041651115921,2.03996,13.29654,15.3365,3.998483,10000.0,2000000000.0
shuffle,0.43,0.215,137149.0,136930.0,0.213953125,0.9984031965234891,2.147155,14.140269,16.287424,3.999182,10000.0,2000000000.0
shuffle,0.44,0.22,140401.0,140136.0,0.2189625,0.9981125490559184,2.620105,16.024812,18.644916,3.998509,10000.0,2000000000.0
shuffle,0.45,0.225,143485.0,143184.0,0.223725,0.9979022197442241,6.680174,19.06368,25.743854,3.997528,10000.0,2000000000.0
shuffle,0.46,0.23,145946.0,145587.0,0.2274796875,0.9975401860962274,24.889523,23.493588,48.383111,3.995048,10000.0,2000000000.0
shuffle,0.47,0.235,147072.0,146664.0,0.2291625,0.9972258485639687,84.745895,26.314276,111.060172,3.990577,10000.0,2000000000.0
shuffle,0.48,0.24,148278.0,147855.0,0.2310234375,0.9971472504349937,143.0788,26.932515,170.011315,3.986115,10000.0,2000000000.0
shuffle,0.49,0.245,149229.0,148803.0,0.2325046875,0.9971453269806807,203.401605,27.288919,230.690524,3.984987,10000.0,2000000000.0
shuffle,0.5,0.25,150241.0,149807.0,0.2340734375,0.9971113078320831,258.784469,27.540649,286.325118,3.984173,10000.0,2000000000.0
transpose,0.01,0.005,3151.0,3149.0,0.0049203125,0.9993652808632181,2.0,13.662433,15.662433,5.323595,10000.0,2000000000.0
transpose,0.02,0.01,6392.0,6384.0,0.009975,0.9987484355444305,2.0,13.579731,15.579731,5.272556,10000.0,2000000000.0
transpose,0.03,0.015,9506.0,9491.0,0.0148296875,0.998422049232064,2.0,13.619007,15.619007,5.283532,10000.0,2000000000.0
transpose,0.04,0.02,12607.0,12587.0,0.0196671875,0.9984135797572777,2.0,13.59339,15.59339,5.262255,10000.0,2000000000.0
transpose,0.05,0.025,15968.0,15943.0,0.0249109375,0.9984343687374749,2.0,13.582325,15.582325,5.247695,10000.0,2000000000.0
transpose,0.06,0.03,19104.0,19069.0,0.0297953125,0.9981679229480737,2.0,13.594053,15.594053,5.245057,10000.0,2000000000.0
transpose,0.07,0.035,22259.0,22219.0,0.0347171875,0.998202974077901,2.0,13.624781,15.624781,5.250461,10000.0,2000000000.0
transpose,0.08,0.04,25466.0,25421.0,0.0397203125,0.9982329380350271,2.0,13.636324,15.636324,5.24645,10000.0,2000000000.0
transpose,0.09,0.045,28697.0,28650.0,0.044765625,0.9983621981391783,2.0,13.637382,15.637382,5.237347,10000.0,2000000000.0
transpose,0.1,0.05,31948.0,31897.0,0.0498390625,0.998403655940904,2.0,13.642662,15.642662,5.229395,10000.0,2000000000.0
transpose,0.11,0.055,35122.0,35065.0,0.0547890625,0.9983770855873811,2.0,13.666391,15.666391,5.230058,10000.0,2000000000.0
transpose,0.12,0.06,38292.0,38230.0,0.059734375,0.9983808628434138,2.0,13.692179,15.692179,5.23118,10000.0,2000000000.0
transpose,0.13,0.065,41433.0,41368.0,0.0646375,0.9984312021818358,2.0,13.701363,15.701363,5.223603,10000.0,2000000000.0
transpose,0.14,0.07,44569.0,44500.0,0.06953125,0.9984518387219816,2.0,13.727213,15.727213,5.224404,10000.0,2000000000.0
transpose,0.15,0.075,47760.0,47687.0,0.0745109375,0.9984715242881071,2.0,13.761717,15.761717,5.227169,10000.0,2000000000.0
transpose,0.16,0.08,50975.0,50894.0,0.079521875,0.9984109857773419,2.0,13.805733,15.805733,5.232365,10000.0,2000000000.0
transpose,0.17,0.085,54179.0,54093.0,0.0845203125,0.9984126691153399,2.0,13.842142,15.842142,5.234984,10000.0,2000000000.0
transpose,0.18,0.09,57392.0,57301.0,0.0895328125,0.9984144131586283,2.0,13.87913,15.87913,5.233556,10000.0,2000000000.0
transpose,0.19,0.095,60619.0,60520.0,0.0945625,0.9983668486778073,2.0,13.927049,15.927049,5.234997,10000.0,2000000000.0
transpose,0.2,0.1,63806.0,63702.0,0.099534375,0.9983700592420776,2.0,14.000345,16.000345,5.245455,10000.0,2000000000.0
transpose,0.21,0.105,66989.0,66881.0,0.1045015625,0.9983877950111212,2.0,14.055217,16.055217,5.243851,10000.0,2000000000.0
transpose,0.22,0.11,70137.0,70025.0,0.1094140625,0.9984031253118896,2.0,14.120914,16.120914,5.242613,10000.0,2000000000.0
transpose,0.23,0.115,73254.0,73136.0,0.114275,0.9983891664618997,2.000014,14.204441,16.204455,5.242234,10000.0,2000000000.0
transpose,0.24,0.12,76496.0,76375.0,0.1193359375,0.9984182179460364,2.000013,14.305178,16.305191,5.241087,10000.0,2000000000.0
transpose,0.25,0.125,79713.0,79582.0,0.124346875,0.9983566043179908,2.000025,14.455668,16.455693,5.243246,10000.0,2000000000.0
transpose,0.26,0.13,82939.0,82807.0,0.1293859375,0.9984084688747151,2.000302,14.709747,16.710049,5.246368,10000.0,2000000000.0
transpose,0.27,0.135,86166.0,86024.0,0.1344125,0.9983520181974329,2.019006,15.222403,17.241409,5.248326,10000.0,2000000000.0
transpose,0.28,0.14,89310.0,89149.0,0.1392953125,0.9981972903370283,3.003208,16.312241,19.315449,5.244523,10000.0,2000000000.0
transpose,0.29,0.145,92398.0,92217.0,0.1440890625,0.9980410831403277,10.569342,18.047334,28.616676,5.228624,10000.0,2000000000.0
transpose,0.3,0.15,94906.0,94721.0,0.1480015625,0.9980507028006659,41.77818,18.575216,60.353396,5.171293,10000.0,2000000000.0
transpose,0.31,0.155,97381.0,97188.0,0.15185625,0.9980180938786827,60.867854,18.816953,79.684807,5.11771,10000.0,2000000000.0
transpose,0.32,0.16,99884.0,99685.0,0.1557578125,0.9980076889191463,72.33007,19.356924,91.686994,5.064453,10000.0,2000000000.0
transpose,0.33,0.165,102346.0,102124.0,0.15956875,0.9978308873820179,79.625171,20.32675,99.951921,5.010419,10000.0,2000000000.0
transpose,0.34,0.17,104504.0,104275.0,0.1629296875,0.9978086963178443,103.743237,21.365581,125.108818,4.952136,10000.0,2000000000.0
transpose,0.35,0.175,106412.0,106183.0,0.1659109375,0.9978479870691276,132.157219,21.454254,153.611473,4.884322,10000.0,2000000000.0
transpose,0.36,0.18,108277.0,108043.0,0.1688171875,0.9978388762156322,156.333534,21.512296,177.84583,4.817563,10000.0,2000000000.0
transpose,0.37,0.185,110166.0,109928.0,0.1717625,0.9978396238403864,173.920384,21.675278,195.595663,4.753584,10000.0,2000000000.0
transpose,0.38,0.19,112059.0,111811.0,0.1747046875,0.9977868801256481,184.626423,21.901745,206.528168,4.689861,10000.0,2000000000.0
transpose,0.39,0.195,113947.0,113694.0,0.177646875,0.9977796694954671,190.093074,22.313332,212.406407,4.633666,10000.0,2000000000.0
transpose,0.4,0.2,115853.0,115573.0,0.1805828125,0.9975831441568194,195.273983,23.151567,218.425549,4.575031,10000.0,2000000000.0
transpose,0.41,0.205,117413.0,117128.0,0.1830125,0.9975726708286136,221.159979,23.587818,244.747797,4.51378,10000.0,2000000000.0
transpose,0.42,0.21,118827.0,118539.0,0.1852171875,0.9975763084147542,249.267169,23.59771,272.86488,4.454213,10000.0,2000000000.0
transpose,0.43,0.215,120330.0,120039.0,0.1875609375,0.9975816504612316,274.343105,23.612068,297.955173,4.397871,10000.0,2000000000.0
transpose,0.44,0.22,121747.0,121450.0,0.189765625,0.997560514838148,294.75846,23.60839,318.366851,4.339201,10000.0,2000000000.0
transpose,0.45,0.225,123098.0,122804.0,0.19188125,0.9976116590033957,309.89844,23.645606,333.544046,4.282857,10000.0,2000000000.0
transpose,0.46,0.23,124532.0,124232.0,0.1941125,0.9975909806314843,322.140777,23.696133,345.83691,4.23052,10000.0,2000000000.0
transpose,0.47,0.235,125859.0,125553.0,0.1961765625,0.9975687078397254,329.432216,23.816372,353.248588,4.175639,10000.0,2000000000.0
transpose,0.48,0.24,127200.0,126890.0,0.198265625,0.997562893081761,333.320656,23.965726,357.286382,4.122169,10000.0,2000000000.0
transpose,0.49,0.245,128588.0,128261.0,0.2004078125,0.9974569944318288,335.191633,24.220285,359.411918,4.072056,10000.0,2000000000.0
transpose,0.5,0.25,129903.0,129573.0,0.2024578125,0.9974596429643657,343.439142,24.758275,368.197418,4.02553,10000.0,2000000000.0
tornado,0.01,0.005,3151.0,3150.0,0.004921875,0.999682640431609,2.0,10.468889,12.468889,3.726349,10000.0,2000000000.0
tornado,0.02,0.01,6392.0,6388.0,0.00998125,0.9993742177722152,2.0,10.509862,12.509862,3.74139,10000.0,2000000000.0
tornado,0.03,0.015,9506.0,9495.0,0.0148359375,0.9988428361035135,2.0,10.52217,12.52217,3.741443,10000.0,2000000000.0
tornado,0.04,0.02,12607.0,12593.0,0.0196765625,0.9988895058300944,2.0,10.530453,12.530453,3.74057,10000.0,2000000000.0
tornado,0.05,0.025,15968.0,15949.0,0.0249203125,0.998810120240481,2.0,10.550191,12.550191,3.744498,10000.0,2000000000.0
tornado,0.06,0.03,19104.0,19078.0,0.029809375,0.9986390284757118,2.0,10.573068,12.573068,3.750288,10000.0,2000000000.0
tornado,0.07,0.035,22259.0,22227.0,0.0347296875,0.9985623792623208,2.0,10.582175,12.582175,3.748549,10000.0,2000000000.0
tornado,0.08,0.04,25466.0,25428.0,0.03973125,0.9985078143406896,2.0,10.59816,12.59816,3.749646,10000.0,2000000000.0
tornado,0.09,0.045,28697.0,28656.0,0.044775,0.9985712792277939,2.0,10.607377,12.607377,3.747697,10000.0,2000000000.0
tornado,0.1,0.05,31948.0,31903.0,0.0498484375,0.9985914611243271,2.0,10.62386,12.62386,3.749459,10000.0,2000000000.0
tornado,0.11,0.055,35122.0,35073.0,0.0548015625,0.9986048630488014,2.0,10.635332,12.635332,3.749123,10000.0,2000000000.0
tornado,0.12,0.06,38292.0,38239.0,0.0597484375,0.9986158988822731,2.0,10.643845,12.643845,3.746358,10000.0,2000000000.0
tornado,0.13,0.065,41433.0,41379.0,0.0646546875,0.9986966910433712,2.0,10.662002,12.662002,3.747964,10000.0,2000000000.0
tornado,0.14,0.07,44569.0,44511.0,0.0695484375,0.9986986470416658,2.0,10.676934,12.676934,3.748759,10000.0,2000000000.0
tornado,0.15,0.075,47760.0,47699.0,0.0745296875,0.9987227805695142,2.0,10.68752,12.68752,3.746934,10000.0,2000000000.0
tornado,0.16,0.08,50975.0,50910.0,0.079546875,0.9987248651299657,2.0,10.70332,12.70332,3.747319,10000.0,2000000000.0
tornado,0.17,0.085,54179.0,54110.0,0.084546875,0.9987264438250982,2.0,10.717391,12.717391,3.747662,10000.0,2000000000.0
tornado,0.18,0.09,57392.0,57321.0,0.0895640625,0.9987628937831057,2.0,10.734077,12.734077,3.74744,10000.0,2000000000.0
tornado,0.19,0.095,60619.0,60542.0,0.094596875,0.9987297711938501,2.0,10.750735,12.750735,3.748703,10000.0,2000000000.0
tornado,0.2,0.1,63806.0,63725.0,0.0995703125,0.998730526909695,2.0,10.768082,12.768082,3.748686,10000.0,2000000000.0
tornado,0.21,0.105,66989.0,66905.0,0.1045390625,0.9987460627864276,2.0,10.783962,12.783962,3.747777,10000.0,2000000000.0
tornado,0.22,0.11,70137.0,70050.0,0.109453125,0.9987595705547714,2.0,10.802926,12.802926,3.748437,10000.0,2000000000.0
tornado,0.23,0.115,73254.0,73162.0,0.114315625,0.9987440958855489,2.0,10.818089,12.818089,3.74823,10000.0,2000000000.0
tornado,0.24,0.12,76496.0,76401.0,0.1193765625,0.9987581049989542,2.0,10.837188,12.837188,3.748969,10000.0,2000000000.0
tornado,0.25,0.125,79713.0,79613.0,0.1243953125,0.9987454994793823,2.0,10.857762,12.857762,3.749199,10000.0,2000000000.0
tornado,0.26,0.13,82939.0,82838.0,0.129434375,0.9987822375480775,2.0,10.878739,12.878739,3.749825,10000.0,2000000000.0
tornado,0.27,0.135,86166.0,86060.0,0.13446875,0.9987698164009006,2.0,10.899163,12.899163,3.74878,10000.0,2000000000.0
tornado,0.28,0.14,89320.0,89213.0,0.1393953125,0.9988020600089565,2.0,10.923419,12.923419,3.749218,10000.0,2000000000.0
tornado,0.29,0.145,92559.0,92448.0,0.14445,0.998800764917512,2.0,10.948674,12.948674,3.749329,10000.0,2000000000.0
tornado,0.3,0.15,95810.0,95696.0,0.149525,0.9988101450788018,2.0,10.974179,12.974179,3.749457,10000.0,2000000000.0
tornado,0.31,0.155,98949.0,98832.0,0.154425,0.998817572688961,2.0,11.000789,13.000789,3.74913,10000.0,2000000000.0
tornado,0.32,0.16,102153.0,102029.0,0.1594203125,0.9987861345237047,2.0,11.027747,13.027747,3.749454,10000.0,2000000000.0
tornado,0.33,0.165,105338.0,105209.0,0.1643890625,0.9987753707114242,2.0,11.05624,13.05624,3.749118,10000.0,2000000000.0
tornado,0.34,0.17,108533.0,108402.0,0.169378125,0.9987929938359762,2.0,11.090229,13.090229,3.748861,10000.0,2000000000.0
tornado,0.35,0.175,111703.0,111572.0,0.17433125,0.9988272472538786,2.0,11.127344,13.127344,3.748252,10000.0,2000000000.0
tornado,0.36,0.18,114873.0,114736.0,0.179275,0.998807378583305,2.000017,11.167297,13.167315,3.748815,10000.0,2000000000.0
tornado,0.37,0.185,118054.0,117911.0,0.1842359375,0.9987886899215613,2.000025,11.211923,13.211948,3.748514,10000.0,2000000000.0
tornado,0.38,0.19,121234.0,121084.0,0.18919375,0.9987627233284392,2.000025,11.266154,13.266179,3.748092,10000.0,2000000000.0
tornado,0.39,0.195,124354.0,124198.0,0.194059375,0.9987455168309826,2.000089,11.324965,13.325054,3.747822,10000.0,2000000000.0
tornado,0.4,0.2,127637.0,127475.0,0.1991796875,0.9987307755588113,2.000408,11.391928,13.392336,3.747409,10000.0,2000000000.0
tornado,0.41,0.205,130827.0,130665.0,0.2041640625,0.9987617234974432,2.000513,11.465917,13.466429,3.747178,10000.0,2000000000.0
tornado,0.42,0.21,133970.0,133805.0,0.2090703125,0.9987683809808166,2.002646,11.562707,13.565353,3.746848,10000.0,2000000000.0
tornado,0.43,0.215,137149.0,136979.0,0.2140296875,0.9987604721871833,2.005439,11.668475,13.673914,3.746844,10000.0,2000000000.0
tornado,0.44,0.22,140415.0,140236.0,0.21911875,0.9987252074208596,2.013841,11.793363,13.807204,3.746941,10000.0,2000000000.0
tornado,0.45,0.225,143553.0,143370.0,0.224015625,0.9987252095045036,2.026993,11.989998,14.016991,3.747227,10000.0,2000000000.0
tornado,0.46,0.23,146736.0,146546.0,0.228978125,0.9987051575618798,2.070633,12.233715,14.304348,3.747315,10000.0,2000000000.0
tornado,0.47,0.235,149890.0,149692.0,0.23389375,0.9986790312896123,2.148331,12.521898,14.67023,3.747174,10000.0,2000000000.0
tornado,0.48,0.24,153083.0,152872.0,0.2388625,0.9986216627581116,2.318731,12.912162,15.230893,3.747253,10000.0,2000000000.0
tornado,0.49,0.245,156219.0,156000.0,0.24375,0.9985981218673785,2.759962,13.561795,16.321756,3.747538,10000.0,2000000000.0
tornado,0.5,0.25,159439.0,159213.0,0.2487703125,0.9985825299957978,4.929466,14.495393,19.424859,3.746861,10000.0,2000000000.0
neighbor,0.01,0.005,3151.0,3150.0,0.004921875,0.999682640431609,2.0,6.531429,8.531429,1.765714,10000.0,2000000000.0
neighbor,0.02,0.01,6392.0,6389.0,0.0099828125,0.9995306633291614,2.0,6.530756,8.530756,1.765378,10000.0,2000000000.0
neighbor,0.03,0.015,9506.0,9498.0,0.014840625,0.9991584262571008,2.0,6.493367,8.493367,1.746684,10000.0,2000000000.0
neighbor,0.04,0.02,12607.0,12598.0,0.019684375,0.999286110890775,2.0,6.473567,8.473567,1.736784,10000.0,2000000000.0
neighbor,0.05,0.025,15968.0,15955.0,0.0249296875,0.9991858717434869,2.0,6.474146,8.474146,1.737073,10000.0,2000000000.0
neighbor,0.06,0.03,19104.0,19087.0,0.0298234375,0.9991101340033501,2.0,6.478074,8.478074,1.739037,10000.0,2000000000.0
neighbor,0.07,0.035,22259.0,22239.0,0.0347484375,0.9991014870389505,2.0,6.477405,8.477405,1.738702,10000.0,2000000000.0
neighbor,0.08,0.04,25466.0,25443.0,0.0397546875,0.9990968349956805,2.0,6.485674,8.485674,1.742837,10000.0,2000000000.0
neighbor,0.09,0.045,28697.0,28671.0,0.0447984375,0.9990939819493326,2.0,6.490844,8.490844,1.745422,10000.0,2000000000.0
neighbor,0.1,0.05,31948.0,31920.0,0.049875,0.9991235758106923,2.0,6.486466,8.486466,1.743233,10000.0,2000000000.0
neighbor,0.11,0.055,35122.0,35092.0,0.05483125,0.9991458345196743,2.0,6.489228,8.489228,1.744614,10000.0,2000000000.0
neighbor,0.12,0.06,38292.0,38260.0,0.05978125,0.9991643163062781,2.0,6.485416,8.485416,1.742708,10000.0,2000000000.0
neighbor,0.13,0.065,41433.0,41400.0,0.0646875,0.9992035334153935,2.0,6.486957,8.486957,1.743478,10000.0,2000000000.0
neighbor,0.14,0.07,44569.0,44534.0,0.069584375,0.9992147008010052,2.0,6.485786,8.485786,1.742893,10000.0,2000000000.0
neighbor,0.15,0.075,47760.0,47725.0,0.0745703125,0.9992671691792295,2.0,6.48023,8.48023,1.740115,10000.0,2000000000.0
neighbor,0.16,0.08,50975.0,50938.0,0.079590625,0.9992741539970574,2.0,6.48345,8.48345,1.741725,10000.0,2000000000.0
neighbor,0.17,0.085,54179.0,54140.0,0.08459375,0.9992801639011425,2.0,6.486812,8.486812,1.743406,10000.0,2000000000.0
neighbor,0.18,0.09,57392.0,57351.0,0.0896109375,0.9992856147198216,2.0,6.484333,8.484333,1.742167,10000.0,2000000000.0
neighbor,0.19,0.095,60619.0,60574.0,0.094646875,0.9992576584899124,2.0,6.489154,8.489154,1.744577,10000.0,2000000000.0
neighbor,0.2,0.1,63806.0,63757.0,0.0996203125,0.9992320471429019,2.0,6.487837,8.487837,1.743918,10000.0,2000000000.0
neighbor,0.21,0.105,66989.0,66938.0,0.104590625,0.9992386809774739,2.0,6.487406,8.487406,1.743703,10000.0,2000000000.0
neighbor,0.22,0.11,70137.0,70085.0,0.1095078125,0.9992585938948059,2.0,6.490133,8.490133,1.745067,10000.0,2000000000.0
neighbor,0.23,0.115,73254.0,73198.0,0.114371875,0.9992355366259863,2.0,6.489385,8.489385,1.744692,10000.0,2000000000.0
neighbor,0.24,0.12,76496.0,76439.0,0.1194359375,0.9992548629993725,2.0,6.490286,8.490286,1.745143,10000.0,2000000000.0
neighbor,0.25,0.125,79713.0,79654.0,0.124459375,0.9992598446928356,2.0,6.493108,8.493108,1.746554,10000.0,2000000000.0
neighbor,0.26,0.13,82939.0,82879.0,0.1294984375,0.9992765767612342,2.0,6.494227,8.494227,1.747113,10000.0,2000000000.0
neighbor,0.27,0.135,86166.0,86102.0,0.134534375,0.9992572476382796,2.0,6.491812,8.491812,1.745906,10000.0,2000000000.0
neighbor,0.28,0.14,89320.0,89255.0,0.1394609375,0.9992722794446932,2.0,6.494773,8.494773,1.747387,10000.0,2000000000.0
neighbor,0.29,0.145,92559.0,92493.0,0.1445203125,0.9992869413023044,2.0,6.497065,8.497065,1.748532,10000.0,2000000000.0
neighbor,0.3,0.15,95810.0,95742.0,0.149596875,0.9992902619768291,2.0,6.501786,8.501786,1.750893,10000.0,2000000000.0
neighbor,0.31,0.155,98949.0,98878.0,0.154496875,0.9992824586403096,2.0,6.499424,8.499424,1.749712,10000.0,2000000000.0
neighbor,0.32,0.16,102153.0,102076.0,0.15949375,0.9992462286961714,2.0,6.499118,8.499118,1.749559,10000.0,2000000000.0
neighbor,0.33,0.165,105338.0,105259.0,0.1644671875,0.9992500332263761,2.0,6.496879,8.496879,1.74844,10000.0,2000000000.0
neighbor,0.34,0.17,108533.0,108453.0,0.1694578125,0.9992628969990694,2.0,6.499156,8.499156,1.749578,10000.0,2000000000.0
neighbor,0.35,0.175,111703.0,111620.0,0.17440625,0.9992569581837552,2.0,6.499839,8.499839,1.749919,10000.0,2000000000.0
neighbor,0.36,0.18,114873.0,114787.0,0.1793546875,0.999251347139885,2.0,6.500484,8.500484,1.750242,10000.0,2000000000.0
neighbor,0.37,0.185,118054.0,117967.0,0.1843234375,0.9992630491131177,2.0,6.500318,8.500318,1.750159,10000.0,2000000000.0
neighbor,0.38,0.19,121234.0,121144.0,0.1892875,0.9992576339970636,2.0,6.498712,8.498712,1.749356,10000.0,2000000000.0
neighbor,0.39,0.195,124354.0,124261.0,0.1941578125,0.999252135033855,2.0,6.499843,8.499843,1.749922,10000.0,2000000000.0
neighbor,0.4,0.2,127637.0,127541.0,0.1992828125,0.9992478669978141,2.0,6.497307,8.497307,1.748653,10000.0,2000000000.0
neighbor,0.41,0.205,130827.0,130731.0,0.2042671875,0.9992662065170034,2.0,6.495743,8.495743,1.747872,10000.0,2000000000.0
neighbor,0.42,0.21,133970.0,133872.0,0.209175,0.999268492946182,2.0,6.494801,8.494801,1.747401,10000.0,2000000000.0
neighbor,0.43,0.215,137149.0,137048.0,0.2141375,0.9992635746523854,2.0,6.496235,8.496235,1.748117,10000.0,2000000000.0
neighbor,0.44,0.22,140415.0,140309.0,0.2192328125,0.9992450948972688,2.0,6.497979,8.497979,1.74899,10000.0,2000000000.0
neighbor,0.45,0.225,143553.0,143447.0,0.2241359375,0.9992615967621714,2.0,6.498588,8.498588,1.749294,10000.0,2000000000.0
neighbor,0.46,0.23,146736.0,146627.0,0.2291046875,0.999257169338131,2.0,6.498578,8.498578,1.749289,10000.0,2000000000.0
neighbor,0.47,0.235,149890.0,149777.0,0.2340265625,0.999246113816799,2.0,6.496945,8.496945,1.748473,10000.0,2000000000.0
neighbor,0.48,0.24,153087.0,152971.0,0.2390171875,0.9992422609365916,2.0,6.497068,8.497068,1.748534,10000.0,2000000000.0
neighbor,0.49,0.245,156229.0,156112.0,0.243925,0.9992510993477524,2.0,6.496848,8.496848,1.748424,10000.0,2000000000.0
neighbor,0.5,0.25,159452.0,159332.0,0.24895625,0.9992474224217947,2.0,6.495368,8.495368,1.747684,10000.0,2000000000.0
