mode,pattern,injection_rate,vcs_per_vnet,sim_cycles,deadlock,expected_generated,packets_injected,packets_received,injection_acceptance,delivery_ratio,throughput,queueing_latency,network_latency,packet_latency,average_hops,cbs_entry_blocks,cbs_mark_moves,sim_ticks
torus3d_dor,uniform_random,0.05,4,10000,0,16000.0,15980.0,15959.0,0.99875,0.998685857321652,0.0249359375,2.0,9.033022,11.033022,2.996804,0.0,0.0,10000.0
torus3d_dor,uniform_random,0.1,4,10000,0,32000.0,31970.0,31933.0,0.9990625,0.998842664998436,0.0498953125,2.0,9.103811,11.103811,3.008393,0.0,0.0,10000.0
torus3d_dor,uniform_random,0.15,4,10000,0,48000.0,47716.0,47665.0,0.9940833333333333,0.9989311761254087,0.0744765625,2.0,9.1319,11.1319,3.000399,0.0,0.0,10000.0
torus3d_dor,uniform_random,0.2,4,10000,0,64000.0,63801.0,63731.0,0.996890625,0.9989028385135029,0.0995796875,2.0,9.168003,11.168003,2.997693,0.0,0.0,10000.0
torus3d_dor,uniform_random,0.25,4,10000,0,80000.0,79865.0,79780.0,0.9983125,0.9989357040005008,0.12465625,2.0,9.218125,11.218125,3.001617,0.0,0.0,10000.0
torus3d_dor,uniform_random,0.3,4,10000,0,96000.0,96060.0,95966.0,1.000625,0.9990214449302519,0.149946875,2.0,9.272763,11.272763,3.005929,0.0,0.0,10000.0
torus3d_dor,uniform_random,0.35,4,10000,0,112000.0,111998.0,111892.0,0.9999821428571428,0.9990535545277595,0.17483125,2.0,9.297841,11.297841,2.997372,0.0,0.0,10000.0
torus3d_dor,uniform_random,0.4,4,10000,0,128000.0,127850.0,127721.0,0.998828125,0.9989910050840829,0.1995640625,2.0,9.342465,11.342465,2.997181,0.0,0.0,10000.0
torus3d_dor,uniform_random,0.45,4,10000,0,144000.0,143788.0,143651.0,0.9985277777777778,0.99904720839013,0.2244546875,2.0,9.409047,11.409047,3.004943,0.0,0.0,10000.0
torus3d_dor,uniform_random,0.5,4,10000,0,160000.0,159529.0,159392.0,0.99705625,0.9991412219721806,0.24905,2.0,9.447381,11.447381,2.998883,0.0,0.0,10000.0
torus3d_dor,uniform_random,0.55,4,10000,0,176000.0,175585.0,175414.0,0.9976420454545455,0.9990261127089444,0.274084375,2.0,9.499903,11.499903,2.998096,0.0,0.0,10000.0
torus3d_dor,uniform_random,0.6,4,10000,0,192000.0,191612.0,191409.0,0.9979791666666666,0.998940567396614,0.2990765625,2.0,9.560689,11.560689,2.998401,0.0,0.0,10000.0
torus3d_dor,uniform_random,0.65,4,10000,0,208000.0,207489.0,207277.0,0.9975432692307692,0.9989782590884336,0.3238703125,2.0,9.631189,11.631189,3.002243,0.0,0.0,10000.0
torus3d_dor,uniform_random,0.7,4,10000,0,224000.0,223803.0,223552.0,0.9991205357142857,0.9988784779471231,0.3493,2.0,9.709432,11.709432,3.006441,0.0,0.0,10000.0
torus3d_dor,uniform_random,0.75,4,10000,0,240000.0,239782.0,239518.0,0.9990916666666667,0.9988989999249318,0.374246875,2.000008,9.767571,11.767579,2.999328,0.0,0.0,10000.0
torus3d_dor,uniform_random,0.8,4,10000,0,256000.0,255570.0,255310.0,0.9983203125,0.9989826661971279,0.398921875,2.000039,9.859269,11.859308,3.000227,0.0,0.0,10000.0
torus3d_dor,uniform_random,0.85,4,10000,0,272000.0,271616.0,271339.0,0.9985882352941177,0.9989801778982093,0.4239671875,2.000037,9.963828,11.963864,3.00387,0.0,0.0,10000.0
torus3d_dor,uniform_random,0.9,4,10000,0,288000.0,287618.0,287309.0,0.9986736111111111,0.9989256583384907,0.4489203125,2.000171,10.055331,12.055501,2.99717,0.0,0.0,10000.0
torus3d_dor,uniform_random,0.95,4,10000,0,304000.0,303677.0,303344.0,0.9989375,0.9989034401683368,0.473975,2.000762,10.18866,12.189422,3.000827,0.0,0.0,10000.0
torus3d_dor,uniform_random,1.0,4,10000,0,320000.0,319599.0,319249.0,0.998746875,0.9989048776748363,0.4988265625,2.002468,10.340433,12.342902,2.998844,0.0,0.0,10000.0
torus3d_dor_cbs,uniform_random,0.05,4,10000,0,16000.0,15980.0,15959.0,0.99875,0.998685857321652,0.0249359375,2.0,9.033022,11.033022,2.996804,0.0,0.0,10000.0
torus3d_dor_cbs,uniform_random,0.1,4,10000,0,32000.0,31970.0,31933.0,0.9990625,0.998842664998436,0.0498953125,2.0,9.103842,11.103842,3.008393,1.0,1.0,10000.0
torus3d_dor_cbs,uniform_random,0.15,4,10000,0,48000.0,47716.0,47665.0,0.9940833333333333,0.9989311761254087,0.0744765625,2.0,9.132047,11.132047,3.000399,6.0,3.0,10000.0
torus3d_dor_cbs,uniform_random,0.2,4,10000,0,64000.0,63801.0,63731.0,0.996890625,0.9989028385135029,0.0995796875,2.0,9.168442,11.168442,2.997693,30.0,22.0,10000.0
torus3d_dor_cbs,uniform_random,0.25,4,10000,0,80000.0,79865.0,79780.0,0.9983125,0.9989357040005008,0.12465625,2.0,9.218902,11.218902,3.001617,55.0,27.0,10000.0
torus3d_dor_cbs,uniform_random,0.3,4,10000,0,96000.0,96060.0,95966.0,1.000625,0.9990214449302519,0.149946875,2.0,9.273795,11.273795,3.005929,111.0,49.0,10000.0
torus3d_dor_cbs,uniform_random,0.35,4,10000,0,112000.0,111998.0,111892.0,0.9999821428571428,0.9990535545277595,0.17483125,2.0,9.299762,11.299762,2.997372,219.0,96.0,10000.0
torus3d_dor_cbs,uniform_random,0.4,4,10000,0,128000.0,127850.0,127721.0,0.998828125,0.9989910050840829,0.1995640625,2.0,9.345112,11.345112,2.997181,353.0,169.0,10000.0
torus3d_dor_cbs,uniform_random,0.45,4,10000,0,144000.0,143788.0,143651.0,0.9985277777777778,0.99904720839013,0.2244546875,2.0,9.412333,11.412333,3.004943,548.0,287.0,10000.0
torus3d_dor_cbs,uniform_random,0.5,4,10000,0,160000.0,159529.0,159392.0,0.99705625,0.9991412219721806,0.24905,2.0,9.452043,11.452043,2.998883,830.0,411.0,10000.0
torus3d_dor_cbs,uniform_random,0.55,4,10000,0,176000.0,175585.0,175414.0,0.9976420454545455,0.9990261127089444,0.274084375,2.0,9.505883,11.505883,2.998102,1234.0,632.0,10000.0
torus3d_dor_cbs,uniform_random,0.6,4,10000,0,192000.0,191612.0,191409.0,0.9979791666666666,0.998940567396614,0.2990765625,2.0,9.569179,11.569179,2.998401,1866.0,864.0,10000.0
torus3d_dor_cbs,uniform_random,0.65,4,10000,0,208000.0,207489.0,207277.0,0.9975432692307692,0.9989782590884336,0.3238703125,2.000005,9.640751,11.640756,3.002243,2525.0,1210.0,10000.0
torus3d_dor_cbs,uniform_random,0.7,4,10000,0,224000.0,223803.0,223553.0,0.9991205357142857,0.9988829461624732,0.3493015625,2.000004,9.722978,11.722983,3.006446,3485.0,1568.0,10000.0
torus3d_dor_cbs,uniform_random,0.75,4,10000,0,240000.0,239782.0,239514.0,0.9990916666666667,0.9988823181056126,0.374240625,2.000025,9.78496,11.784985,2.999324,4572.0,2008.0,10000.0
torus3d_dor_cbs,uniform_random,0.8,4,10000,0,256000.0,255570.0,255309.0,0.9983203125,0.9989787533748092,0.3989203125,2.000074,9.881473,11.881547,3.000223,5975.0,2507.0,10000.0
torus3d_dor_cbs,uniform_random,0.85,4,10000,0,272000.0,271616.0,271340.0,0.9985882352941177,0.9989838595664468,0.42396875,2.000092,9.986338,11.98643,3.00387,7817.0,3206.0,10000.0
torus3d_dor_cbs,uniform_random,0.9,4,10000,0,288000.0,287618.0,287311.0,0.9986736111111111,0.9989326120062026,0.4489234375,2.000313,10.083241,12.083554,2.99717,9856.0,3925.0,10000.0
torus3d_dor_cbs,uniform_random,0.95,4,10000,0,304000.0,303677.0,303331.0,0.9989375,0.9988606315262598,0.4739546875,2.000584,10.218243,12.218827,3.000785,12422.0,4902.0,10000.0
torus3d_dor_cbs,uniform_random,1.0,4,10000,0,320000.0,319599.0,319249.0,0.998746875,0.9989048776748363,0.4988265625,2.004918,10.386905,12.391823,2.998844,16176.0,6059.0,10000.0
torus3d_adaptive_escape,uniform_random,0.05,4,10000,0,16000.0,15980.0,15959.0,0.99875,0.998685857321652,0.0249359375,2.0,9.039852,11.039852,2.996804,0.0,0.0,10000.0
torus3d_adaptive_escape,uniform_random,0.1,4,10000,0,32000.0,31970.0,31933.0,0.9990625,0.998842664998436,0.0498953125,2.0,9.113832,11.113832,3.008393,0.0,0.0,10000.0
torus3d_adaptive_escape,uniform_random,0.15,4,10000,0,48000.0,47716.0,47665.0,0.9940833333333333,0.9989311761254087,0.0744765625,2.0,9.140606,11.140606,3.000399,0.0,0.0,10000.0
torus3d_adaptive_escape,uniform_random,0.2,4,10000,0,64000.0,63801.0,63731.0,0.996890625,0.9989028385135029,0.0995796875,2.0,9.179599,11.179599,2.997725,0.0,0.0,10000.0
torus3d_adaptive_escape,uniform_random,0.25,4,10000,0,80000.0,79865.0,79781.0,0.9983125,0.9989482251299067,0.1246578125,2.000025,9.23112,11.231145,3.00168,0.0,0.0,10000.0
torus3d_adaptive_escape,uniform_random,0.3,4,10000,0,96000.0,96060.0,95966.0,1.000625,0.9990214449302519,0.149946875,2.000031,9.283142,11.283173,3.00595,0.0,0.0,10000.0
torus3d_adaptive_escape,uniform_random,0.35,4,10000,0,112000.0,111998.0,111892.0,0.9999821428571428,0.9990535545277595,0.17483125,2.000098,9.307806,11.307904,2.997515,0.0,0.0,10000.0
torus3d_adaptive_escape,uniform_random,0.4,4,10000,0,128000.0,127850.0,127720.0,0.998828125,0.998983183418068,0.1995625,2.000125,9.353719,11.353844,2.997314,0.0,0.0,10000.0
torus3d_adaptive_escape,uniform_random,0.45,4,10000,0,144000.0,143788.0,143652.0,0.9985277777777778,0.9990541630734137,0.22445625,2.000202,9.413235,11.413437,3.005158,0.0,0.0,10000.0
torus3d_adaptive_escape,uniform_random,0.5,4,10000,0,160000.0,159529.0,159391.0,0.99705625,0.9991349535194228,0.2490484375,2.000471,9.448915,11.449385,2.999247,0.0,0.0,10000.0
torus3d_adaptive_escape,uniform_random,0.55,4,10000,0,176000.0,175585.0,175417.0,0.9976420454545455,0.9990431984508927,0.2740890625,2.000621,9.498441,11.499062,2.998643,0.0,0.0,10000.0
torus3d_adaptive_escape,uniform_random,0.6,4,10000,0,192000.0,191612.0,191409.0,0.9979791666666666,0.998940567396614,0.2990765625,2.001217,9.553469,11.554687,2.998924,0.0,0.0,10000.0
torus3d_adaptive_escape,uniform_random,0.65,4,10000,0,208000.0,207489.0,207274.0,0.9975432692307692,0.9989638004906284,0.323865625,2.001693,9.61205,11.613743,3.002953,0.0,0.0,10000.0
torus3d_adaptive_escape,uniform_random,0.7,4,10000,0,224000.0,223803.0,223557.0,0.9991205357142857,0.9989008190238736,0.3493078125,2.002885,9.683705,11.68659,3.007743,0.0,0.0,10000.0
torus3d_adaptive_escape,uniform_random,0.75,4,10000,0,240000.0,239782.0,239522.0,0.9990916666666667,0.998915681744251,0.374253125,2.004492,9.731678,11.73617,3.000852,0.0,0.0,10000.0
torus3d_adaptive_escape,uniform_random,0.8,4,10000,0,256000.0,255570.0,255313.0,0.9983203125,0.9989944046640842,0.3989265625,2.006639,9.797652,11.804291,3.002334,0.0,0.0,10000.0
torus3d_adaptive_escape,uniform_random,0.85,4,10000,0,272000.0,271616.0,271343.0,0.9985882352941177,0.9989949045711592,0.4239734375,2.010452,9.877517,11.887968,3.006372,0.0,0.0,10000.0
torus3d_adaptive_escape,uniform_random,0.9,4,10000,0,288000.0,287617.0,287315.0,0.9986701388888889,0.9989499925247812,0.4489296875,2.013939,9.946738,11.960677,3.000428,0.0,0.0,10000.0
torus3d_adaptive_escape,uniform_random,0.95,4,10000,0,304000.0,303677.0,303354.0,0.9989375,0.9989363698930114,0.473990625,2.021622,10.036189,12.05781,3.004836,0.0,0.0,10000.0
torus3d_adaptive_escape,uniform_random,1.0,4,10000,0,320000.0,319599.0,319254.0,0.998746875,0.9989205222794815,0.498834375,2.03256,10.128747,12.161307,3.003868,0.0,0.0,10000.0
torus3d_dor,torus3d_neighbor,0.05,4,10000,0,16000.0,15968.0,15957.0,0.998,0.9993111222444889,0.0249328125,2.0,5.0,7.0,1.0,0.0,0.0,10000.0
torus3d_dor,torus3d_neighbor,0.1,4,10000,0,32000.0,31948.0,31924.0,0.998375,0.9992487792663077,0.04988125,2.0,5.0,7.0,1.0,0.0,0.0,10000.0
torus3d_dor,torus3d_neighbor,0.15,4,10000,0,48000.0,47760.0,47729.0,0.995,0.9993509212730318,0.0745765625,2.0,5.0,7.0,1.0,0.0,0.0,10000.0
torus3d_dor,torus3d_neighbor,0.2,4,10000,0,64000.0,63806.0,63763.0,0.99696875,0.9993260821866282,0.0996296875,2.0,5.0,7.0,1.0,0.0,0.0,10000.0
torus3d_dor,torus3d_neighbor,0.25,4,10000,0,80000.0,79713.0,79662.0,0.9964125,0.999360204734485,0.124471875,2.0,5.0,7.0,1.0,0.0,0.0,10000.0
torus3d_dor,torus3d_neighbor,0.3,4,10000,0,96000.0,95810.0,95751.0,0.9980208333333334,0.9993841978916606,0.1496109375,2.0,5.0,7.0,1.0,0.0,0.0,10000.0
torus3d_dor,torus3d_neighbor,0.35,4,10000,0,112000.0,111703.0,111637.0,0.9973482142857143,0.9994091474714197,0.1744328125,2.0,5.0,7.0,1.0,0.0,0.0,10000.0
torus3d_dor,torus3d_neighbor,0.4,4,10000,0,128000.0,127637.0,127562.0,0.9971640625,0.9994123960920422,0.199315625,2.0,5.0,7.0,1.0,0.0,0.0,10000.0
torus3d_dor,torus3d_neighbor,0.45,4,10000,0,144000.0,143553.0,143470.0,0.9968958333333333,0.9994218163326437,0.224171875,2.0,5.0,7.0,1.0,0.0,0.0,10000.0
torus3d_dor,torus3d_neighbor,0.5,4,10000,0,160000.0,159452.0,159359.0,0.996575,0.9994167523768909,0.2489984375,2.0,5.0,7.0,1.0,0.0,0.0,10000.0
torus3d_dor,torus3d_neighbor,0.55,4,10000,0,176000.0,175634.0,175531.0,0.9979204545454545,0.9994135531844631,0.2742671875,2.0,5.0,7.0,1.0,0.0,0.0,10000.0
torus3d_dor,torus3d_neighbor,0.6,4,10000,0,192000.0,191507.0,191396.0,0.9974322916666667,0.9994203867221564,0.29905625,2.0,5.0,7.0,1.0,0.0,0.0,10000.0
torus3d_dor,torus3d_neighbor,0.65,4,10000,0,208000.0,207649.0,207533.0,0.9983125,0.999441364995738,0.3242703125,2.0,5.0,7.0,1.0,0.0,0.0,10000.0
torus3d_dor,torus3d_neighbor,0.7,4,10000,0,224000.0,223725.0,223596.0,0.9987723214285714,0.9994233992624875,0.34936875,2.0,5.0,7.0,1.0,0.0,0.0,10000.0
torus3d_dor,torus3d_neighbor,0.75,4,10000,0,240000.0,239664.0,239523.0,0.9986,0.9994116763468857,0.3742546875,2.0,5.0,7.0,1.0,0.0,0.0,10000.0
torus3d_dor,torus3d_neighbor,0.8,4,10000,0,256000.0,255852.0,255701.0,0.999421875,0.9994098150493254,0.3995328125,2.0,5.0,7.0,1.0,0.0,0.0,10000.0
torus3d_dor,torus3d_neighbor,0.85,4,10000,0,272000.0,271674.0,271515.0,0.9988014705882353,0.9994147397248172,0.4242421875,2.0,5.0,7.0,1.0,0.0,0.0,10000.0
torus3d_dor,torus3d_neighbor,0.9,4,10000,0,288000.0,287669.0,287498.0,0.9988506944444444,0.9994055668146377,0.449215625,2.0,5.0,7.0,1.0,0.0,0.0,10000.0
torus3d_dor,torus3d_neighbor,0.95,4,10000,0,304000.0,303819.0,303636.0,0.9994046052631579,0.9993976676903025,0.47443125,2.0,5.0,7.0,1.0,0.0,0.0,10000.0
torus3d_dor,torus3d_neighbor,1.0,4,10000,0,320000.0,319602.0,319411.0,0.99875625,0.9994023817122546,0.4990796875,2.0,5.0,7.0,1.0,0.0,0.0,10000.0
torus3d_dor_cbs,torus3d_neighbor,0.05,4,10000,0,16000.0,15968.0,15957.0,0.998,0.9993111222444889,0.0249328125,2.0,5.0,7.0,1.0,0.0,0.0,10000.0
torus3d_dor_cbs,torus3d_neighbor,0.1,4,10000,0,32000.0,31948.0,31924.0,0.998375,0.9992487792663077,0.04988125,2.0,5.0,7.0,1.0,0.0,0.0,10000.0
torus3d_dor_cbs,torus3d_neighbor,0.15,4,10000,0,48000.0,47760.0,47729.0,0.995,0.9993509212730318,0.0745765625,2.0,5.0,7.0,1.0,0.0,0.0,10000.0
torus3d_dor_cbs,torus3d_neighbor,0.2,4,10000,0,64000.0,63806.0,63763.0,0.99696875,0.9993260821866282,0.0996296875,2.0,5.0,7.0,1.0,0.0,0.0,10000.0
torus3d_dor_cbs,torus3d_neighbor,0.25,4,10000,0,80000.0,79713.0,79662.0,0.9964125,0.999360204734485,0.124471875,2.0,5.0,7.0,1.0,0.0,0.0,10000.0
torus3d_dor_cbs,torus3d_neighbor,0.3,4,10000,0,96000.0,95810.0,95751.0,0.9980208333333334,0.9993841978916606,0.1496109375,2.0,5.0,7.0,1.0,0.0,0.0,10000.0
torus3d_dor_cbs,torus3d_neighbor,0.35,4,10000,0,112000.0,111703.0,111637.0,0.9973482142857143,0.9994091474714197,0.1744328125,2.0,5.0,7.0,1.0,0.0,0.0,10000.0
torus3d_dor_cbs,torus3d_neighbor,0.4,4,10000,0,128000.0,127637.0,127562.0,0.9971640625,0.9994123960920422,0.199315625,2.0,5.0,7.0,1.0,0.0,0.0,10000.0
torus3d_dor_cbs,torus3d_neighbor,0.45,4,10000,0,144000.0,143553.0,143470.0,0.9968958333333333,0.9994218163326437,0.224171875,2.0,5.0,7.0,1.0,0.0,0.0,10000.0
torus3d_dor_cbs,torus3d_neighbor,0.5,4,10000,0,160000.0,159452.0,159359.0,0.996575,0.9994167523768909,0.2489984375,2.0,5.0,7.0,1.0,0.0,0.0,10000.0
torus3d_dor_cbs,torus3d_neighbor,0.55,4,10000,0,176000.0,175634.0,175531.0,0.9979204545454545,0.9994135531844631,0.2742671875,2.0,5.0,7.0,1.0,0.0,0.0,10000.0
torus3d_dor_cbs,torus3d_neighbor,0.6,4,10000,0,192000.0,191507.0,191396.0,0.9974322916666667,0.9994203867221564,0.29905625,2.0,5.0,7.0,1.0,0.0,0.0,10000.0
torus3d_dor_cbs,torus3d_neighbor,0.65,4,10000,0,208000.0,207649.0,207533.0,0.9983125,0.999441364995738,0.3242703125,2.0,5.0,7.0,1.0,0.0,0.0,10000.0
torus3d_dor_cbs,torus3d_neighbor,0.7,4,10000,0,224000.0,223725.0,223596.0,0.9987723214285714,0.9994233992624875,0.34936875,2.0,5.0,7.0,1.0,0.0,0.0,10000.0
torus3d_dor_cbs,torus3d_neighbor,0.75,4,10000,0,240000.0,239664.0,239523.0,0.9986,0.9994116763468857,0.3742546875,2.0,5.0,7.0,1.0,0.0,0.0,10000.0
torus3d_dor_cbs,torus3d_neighbor,0.8,4,10000,0,256000.0,255852.0,255701.0,0.999421875,0.9994098150493254,0.3995328125,2.0,5.0,7.0,1.0,0.0,0.0,10000.0
torus3d_dor_cbs,torus3d_neighbor,0.85,4,10000,0,272000.0,271674.0,271515.0,0.9988014705882353,0.9994147397248172,0.4242421875,2.0,5.0,7.0,1.0,0.0,0.0,10000.0
torus3d_dor_cbs,torus3d_neighbor,0.9,4,10000,0,288000.0,287669.0,287498.0,0.9988506944444444,0.9994055668146377,0.449215625,2.0,5.0,7.0,1.0,0.0,0.0,10000.0
torus3d_dor_cbs,torus3d_neighbor,0.95,4,10000,0,304000.0,303819.0,303636.0,0.9994046052631579,0.9993976676903025,0.47443125,2.0,5.0,7.0,1.0,0.0,0.0,10000.0
torus3d_dor_cbs,torus3d_neighbor,1.0,4,10000,0,320000.0,319602.0,319411.0,0.99875625,0.9994023817122546,0.4990796875,2.0,5.0,7.0,1.0,0.0,0.0,10000.0
torus3d_adaptive_escape,torus3d_neighbor,0.05,4,10000,0,16000.0,15968.0,15957.0,0.998,0.9993111222444889,0.0249328125,2.0,5.0,7.0,1.0,0.0,0.0,10000.0
torus3d_adaptive_escape,torus3d_neighbor,0.1,4,10000,0,32000.0,31948.0,31924.0,0.998375,0.9992487792663077,0.04988125,2.0,5.0,7.0,1.0,0.0,0.0,10000.0
torus3d_adaptive_escape,torus3d_neighbor,0.15,4,10000,0,48000.0,47760.0,47729.0,0.995,0.9993509212730318,0.0745765625,2.0,5.0,7.0,1.0,0.0,0.0,10000.0
torus3d_adaptive_escape,torus3d_neighbor,0.2,4,10000,0,64000.0,63806.0,63763.0,0.99696875,0.9993260821866282,0.0996296875,2.0,5.0,7.0,1.0,0.0,0.0,10000.0
torus3d_adaptive_escape,torus3d_neighbor,0.25,4,10000,0,80000.0,79713.0,79662.0,0.9964125,0.999360204734485,0.124471875,2.0,5.0,7.0,1.0,0.0,0.0,10000.0
torus3d_adaptive_escape,torus3d_neighbor,0.3,4,10000,0,96000.0,95810.0,95751.0,0.9980208333333334,0.9993841978916606,0.1496109375,2.0,5.0,7.0,1.0,0.0,0.0,10000.0
torus3d_adaptive_escape,torus3d_neighbor,0.35,4,10000,0,112000.0,111703.0,111637.0,0.9973482142857143,0.9994091474714197,0.1744328125,2.0,5.0,7.0,1.0,0.0,0.0,10000.0
torus3d_adaptive_escape,torus3d_neighbor,0.4,4,10000,0,128000.0,127637.0,127562.0,0.9971640625,0.9994123960920422,0.199315625,2.0,5.0,7.0,1.0,0.0,0.0,10000.0
torus3d_adaptive_escape,torus3d_neighbor,0.45,4,10000,0,144000.0,143553.0,143470.0,0.9968958333333333,0.9994218163326437,0.224171875,2.0,5.0,7.0,1.0,0.0,0.0,10000.0
torus3d_adaptive_escape,torus3d_neighbor,0.5,4,10000,0,160000.0,159452.0,159359.0,0.996575,0.9994167523768909,0.2489984375,2.0,5.0,7.0,1.0,0.0,0.0,10000.0
torus3d_adaptive_escape,torus3d_neighbor,0.55,4,10000,0,176000.0,175634.0,175531.0,0.9979204545454545,0.9994135531844631,0.2742671875,2.0,5.0,7.0,1.0,0.0,0.0,10000.0
torus3d_adaptive_escape,torus3d_neighbor,0.6,4,10000,0,192000.0,191507.0,191396.0,0.9974322916666667,0.9994203867221564,0.29905625,2.0,5.0,7.0,1.0,0.0,0.0,10000.0
torus3d_adaptive_escape,torus3d_neighbor,0.65,4,10000,0,208000.0,207649.0,207533.0,0.9983125,0.999441364995738,0.3242703125,2.0,5.0,7.0,1.0,0.0,0.0,10000.0
torus3d_adaptive_escape,torus3d_neighbor,0.7,4,10000,0,224000.0,223725.0,223596.0,0.9987723214285714,0.9994233992624875,0.34936875,2.0,5.0,7.0,1.0,0.0,0.0,10000.0
torus3d_adaptive_escape,torus3d_neighbor,0.75,4,10000,0,240000.0,239664.0,239523.0,0.9986,0.9994116763468857,0.3742546875,2.0,5.0,7.0,1.0,0.0,0.0,10000.0
torus3d_adaptive_escape,torus3d_neighbor,0.8,4,10000,0,256000.0,255852.0,255701.0,0.999421875,0.9994098150493254,0.3995328125,2.0,5.0,7.0,1.0,0.0,0.0,10000.0
torus3d_adaptive_escape,torus3d_neighbor,0.85,4,10000,0,272000.0,271674.0,271515.0,0.9988014705882353,0.9994147397248172,0.4242421875,2.0,5.0,7.0,1.0,0.0,0.0,10000.0
torus3d_adaptive_escape,torus3d_neighbor,0.9,4,10000,0,288000.0,287669.0,287498.0,0.9988506944444444,0.9994055668146377,0.449215625,2.0,5.0,7.0,1.0,0.0,0.0,10000.0
torus3d_adaptive_escape,torus3d_neighbor,0.95,4,10000,0,304000.0,303819.0,303636.0,0.9994046052631579,0.9993976676903025,0.47443125,2.0,5.0,7.0,1.0,0.0,0.0,10000.0
torus3d_adaptive_escape,torus3d_neighbor,1.0,4,10000,0,320000.0,319602.0,319411.0,0.99875625,0.9994023817122546,0.4990796875,2.0,5.0,7.0,1.0,0.0,0.0,10000.0
torus3d_dor,torus3d_tornado,0.05,4,10000,0,16000.0,15968.0,15949.0,0.998,0.998810120240481,0.0249203125,2.0,9.0,11.0,3.0,0.0,0.0,10000.0
torus3d_dor,torus3d_tornado,0.1,4,10000,0,32000.0,31948.0,31904.0,0.998375,0.9986227619882309,0.04985,2.0,9.0,11.0,3.0,0.0,0.0,10000.0
torus3d_dor,torus3d_tornado,0.15,4,10000,0,48000.0,47760.0,47701.0,0.995,0.9987646566164154,0.0745328125,2.0,9.0,11.0,3.0,0.0,0.0,10000.0
torus3d_dor,torus3d_tornado,0.2,4,10000,0,64000.0,63806.0,63730.0,0.99696875,0.9988088894461336,0.099578125,2.0,9.0,11.0,3.0,0.0,0.0,10000.0
torus3d_dor,torus3d_tornado,0.25,4,10000,0,80000.0,79713.0,79623.0,0.9964125,0.9988709495314441,0.1244109375,2.0,9.0,11.0,3.0,0.0,0.0,10000.0
torus3d_dor,torus3d_tornado,0.3,4,10000,0,96000.0,95810.0,95708.0,0.9980208333333334,0.9989353929652437,0.14954375,2.0,9.0,11.0,3.0,0.0,0.0,10000.0
torus3d_dor,torus3d_tornado,0.35,4,10000,0,112000.0,111703.0,111591.0,0.9973482142857143,0.9989973411636214,0.1743609375,2.0,9.0,11.0,3.0,0.0,0.0,10000.0
torus3d_dor,torus3d_tornado,0.4,4,10000,0,128000.0,127637.0,127504.0,0.9971640625,0.9989579824032216,0.199225,2.0,9.0,11.0,3.0,0.0,0.0,10000.0
torus3d_dor,torus3d_tornado,0.45,4,10000,0,144000.0,143553.0,143408.0,0.9968958333333333,0.9989899200991968,0.224075,2.0,9.0,11.0,3.0,0.0,0.0,10000.0
torus3d_dor,torus3d_tornado,0.5,4,10000,0,160000.0,159452.0,159293.0,0.996575,0.9990028347088779,0.2488953125,2.0,9.0,11.0,3.0,0.0,0.0,10000.0
torus3d_dor,torus3d_tornado,0.55,4,10000,0,176000.0,175634.0,175458.0,0.9979204545454545,0.9989979161210244,0.274153125,2.0,9.0,11.0,3.0,0.0,0.0,10000.0
torus3d_dor,torus3d_tornado,0.6,4,10000,0,192000.0,191507.0,191314.0,0.9974322916666667,0.998992203940326,0.298928125,2.0,9.0,11.0,3.0,0.0,0.0,10000.0
torus3d_dor,torus3d_tornado,0.65,4,10000,0,208000.0,207649.0,207445.0,0.9983125,0.9990175729235392,0.3241328125,2.0,9.0,11.0,3.0,0.0,0.0,10000.0
torus3d_dor,torus3d_tornado,0.7,4,10000,0,224000.0,223725.0,223498.0,0.9987723214285714,0.9989853614929043,0.349215625,2.0,9.0,11.0,3.0,0.0,0.0,10000.0
torus3d_dor,torus3d_tornado,0.75,4,10000,0,240000.0,239664.0,239418.0,0.9986,0.9989735629881834,0.374090625,2.0,9.0,11.0,3.0,0.0,0.0,10000.0
torus3d_dor,torus3d_tornado,0.8,4,10000,0,256000.0,255852.0,255590.0,0.999421875,0.9989759704829354,0.399359375,2.0,9.0,11.0,3.0,0.0,0.0,10000.0
torus3d_dor,torus3d_tornado,0.85,4,10000,0,272000.0,271674.0,271399.0,0.9988014705882353,0.9989877573856902,0.4240609375,2.0,9.0,11.0,3.0,0.0,0.0,10000.0
torus3d_dor,torus3d_tornado,0.9,4,10000,0,288000.0,287669.0,287377.0,0.9988506944444444,0.9989849445021883,0.4490265625,2.0,9.0,11.0,3.0,0.0,0.0,10000.0
torus3d_dor,torus3d_tornado,0.95,4,10000,0,304000.0,303819.0,303512.0,0.9994046052631579,0.9989895299503981,0.4742375,2.0,9.0,11.0,3.0,0.0,0.0,10000.0
torus3d_dor,torus3d_tornado,1.0,4,10000,0,320000.0,319602.0,319283.0,0.99875625,0.9990018835927185,0.4988796875,2.0,9.0,11.0,3.0,0.0,0.0,10000.0
torus3d_dor_cbs,torus3d_tornado,0.05,4,10000,0,16000.0,15968.0,15949.0,0.998,0.998810120240481,0.0249203125,2.0,9.0,11.0,3.0,0.0,0.0,10000.0
torus3d_dor_cbs,torus3d_tornado,0.1,4,10000,0,32000.0,31948.0,31904.0,0.998375,0.9986227619882309,0.04985,2.0,9.0,11.0,3.0,0.0,0.0,10000.0
torus3d_dor_cbs,torus3d_tornado,0.15,4,10000,0,48000.0,47760.0,47701.0,0.995,0.9987646566164154,0.0745328125,2.0,9.0,11.0,3.0,0.0,0.0,10000.0
torus3d_dor_cbs,torus3d_tornado,0.2,4,10000,0,64000.0,63806.0,63730.0,0.99696875,0.9988088894461336,0.099578125,2.0,9.0,11.0,3.0,0.0,0.0,10000.0
torus3d_dor_cbs,torus3d_tornado,0.25,4,10000,0,80000.0,79713.0,79623.0,0.9964125,0.9988709495314441,0.1244109375,2.0,9.0,11.0,3.0,0.0,0.0,10000.0
torus3d_dor_cbs,torus3d_tornado,0.3,4,10000,0,96000.0,95810.0,95708.0,0.9980208333333334,0.9989353929652437,0.14954375,2.0,9.0,11.0,3.0,0.0,0.0,10000.0
torus3d_dor_cbs,torus3d_tornado,0.35,4,10000,0,112000.0,111703.0,111591.0,0.9973482142857143,0.9989973411636214,0.1743609375,2.0,9.0,11.0,3.0,0.0,0.0,10000.0
torus3d_dor_cbs,torus3d_tornado,0.4,4,10000,0,128000.0,127637.0,127504.0,0.9971640625,0.9989579824032216,0.199225,2.0,9.0,11.0,3.0,0.0,0.0,10000.0
torus3d_dor_cbs,torus3d_tornado,0.45,4,10000,0,144000.0,143553.0,143408.0,0.9968958333333333,0.9989899200991968,0.224075,2.0,9.0,11.0,3.0,0.0,0.0,10000.0
torus3d_dor_cbs,torus3d_tornado,0.5,4,10000,0,160000.0,159452.0,159293.0,0.996575,0.9990028347088779,0.2488953125,2.0,9.0,11.0,3.0,0.0,0.0,10000.0
torus3d_dor_cbs,torus3d_tornado,0.55,4,10000,0,176000.0,175634.0,175458.0,0.9979204545454545,0.9989979161210244,0.274153125,2.0,9.0,11.0,3.0,0.0,0.0,10000.0
torus3d_dor_cbs,torus3d_tornado,0.6,4,10000,0,192000.0,191507.0,191314.0,0.9974322916666667,0.998992203940326,0.298928125,2.0,9.0,11.0,3.0,0.0,0.0,10000.0
torus3d_dor_cbs,torus3d_tornado,0.65,4,10000,0,208000.0,207649.0,207445.0,0.9983125,0.9990175729235392,0.3241328125,2.0,9.0,11.0,3.0,0.0,0.0,10000.0
torus3d_dor_cbs,torus3d_tornado,0.7,4,10000,0,224000.0,223725.0,223498.0,0.9987723214285714,0.9989853614929043,0.349215625,2.0,9.0,11.0,3.0,0.0,0.0,10000.0
torus3d_dor_cbs,torus3d_tornado,0.75,4,10000,0,240000.0,239664.0,239418.0,0.9986,0.9989735629881834,0.374090625,2.0,9.0,11.0,3.0,0.0,0.0,10000.0
torus3d_dor_cbs,torus3d_tornado,0.8,4,10000,0,256000.0,255852.0,255590.0,0.999421875,0.9989759704829354,0.399359375,2.0,9.0,11.0,3.0,0.0,0.0,10000.0
torus3d_dor_cbs,torus3d_tornado,0.85,4,10000,0,272000.0,271674.0,271399.0,0.9988014705882353,0.9989877573856902,0.4240609375,2.0,9.0,11.0,3.0,0.0,0.0,10000.0
torus3d_dor_cbs,torus3d_tornado,0.9,4,10000,0,288000.0,287669.0,287377.0,0.9988506944444444,0.9989849445021883,0.4490265625,2.0,9.0,11.0,3.0,0.0,0.0,10000.0
torus3d_dor_cbs,torus3d_tornado,0.95,4,10000,0,304000.0,303819.0,303512.0,0.9994046052631579,0.9989895299503981,0.4742375,2.0,9.0,11.0,3.0,0.0,0.0,10000.0
torus3d_dor_cbs,torus3d_tornado,1.0,4,10000,0,320000.0,319602.0,319283.0,0.99875625,0.9990018835927185,0.4988796875,2.0,9.0,11.0,3.0,0.0,0.0,10000.0
torus3d_adaptive_escape,torus3d_tornado,0.05,4,10000,0,16000.0,15968.0,15949.0,0.998,0.998810120240481,0.0249203125,2.0,9.04157,11.04157,3.0,0.0,0.0,10000.0
torus3d_adaptive_escape,torus3d_tornado,0.1,4,10000,0,32000.0,31948.0,31904.0,0.998375,0.9986227619882309,0.04985,2.0,9.094471,11.094471,3.0,0.0,0.0,10000.0
torus3d_adaptive_escape,torus3d_tornado,0.15,4,10000,0,48000.0,47760.0,47701.0,0.995,0.9987646566164154,0.0745328125,2.0,9.138551,11.138551,3.0,0.0,0.0,10000.0
torus3d_adaptive_escape,torus3d_tornado,0.2,4,10000,0,64000.0,63806.0,63730.0,0.99696875,0.9988088894461336,0.099578125,2.000031,9.193159,11.19319,3.0,0.0,0.0,10000.0
torus3d_adaptive_escape,torus3d_tornado,0.25,4,10000,0,80000.0,79713.0,79623.0,0.9964125,0.9988709495314441,0.1244109375,2.000025,9.242819,11.242844,3.0,0.0,0.0,10000.0
torus3d_adaptive_escape,torus3d_tornado,0.3,4,10000,0,96000.0,95810.0,95708.0,0.9980208333333334,0.9989353929652437,0.14954375,2.000073,9.298857,11.29893,3.000042,0.0,0.0,10000.0
torus3d_adaptive_escape,torus3d_tornado,0.35,4,10000,0,112000.0,111703.0,111591.0,0.9973482142857143,0.9989973411636214,0.1743609375,2.00017,9.36019,11.360361,3.000072,0.0,0.0,10000.0
torus3d_adaptive_escape,torus3d_tornado,0.4,4,10000,0,128000.0,127637.0,127504.0,0.9971640625,0.9989579824032216,0.199225,2.000455,9.425344,11.425798,3.000188,0.0,0.0,10000.0
torus3d_adaptive_escape,torus3d_tornado,0.45,4,10000,0,144000.0,143553.0,143404.0,0.9968958333333333,0.9989620558260712,0.22406875,2.000816,9.497852,11.498668,3.000502,0.0,0.0,10000.0
torus3d_adaptive_escape,torus3d_tornado,0.5,4,10000,0,160000.0,159452.0,159289.0,0.996575,0.9989777487896044,0.2488890625,2.001287,9.565431,11.566718,3.000741,0.0,0.0,10000.0
torus3d_adaptive_escape,torus3d_tornado,0.55,4,10000,0,176000.0,175634.0,175453.0,0.9979204545454545,0.9989694478290081,0.2741453125,2.002787,9.647113,11.649901,3.001288,0.0,0.0,10000.0
torus3d_adaptive_escape,torus3d_tornado,0.6,4,10000,0,192000.0,191507.0,191311.0,0.9974322916666667,0.9989765387166004,0.2989234375,2.003957,9.723382,11.727339,3.00185,0.0,0.0,10000.0
torus3d_adaptive_escape,torus3d_tornado,0.65,4,10000,0,208000.0,207649.0,207441.0,0.9983125,0.9989983096475302,0.3241265625,2.007337,9.821294,11.828631,3.003635,0.0,0.0,10000.0
torus3d_adaptive_escape,torus3d_tornado,0.7,4,10000,0,224000.0,223725.0,223487.0,0.9987723214285714,0.9989361939881551,0.3491984375,2.010654,9.918121,11.928774,3.005235,0.0,0.0,10000.0
torus3d_adaptive_escape,torus3d_tornado,0.75,4,10000,0,240000.0,239664.0,239404.0,0.9986,0.9989151478736898,0.37406875,2.017974,10.030033,12.048007,3.008204,0.0,0.0,10000.0
torus3d_adaptive_escape,torus3d_tornado,0.8,4,10000,0,256000.0,255851.0,255569.0,0.99941796875,0.9988977959828181,0.3993265625,2.027245,10.152702,12.179947,3.011285,0.0,0.0,10000.0
torus3d_adaptive_escape,torus3d_tornado,0.85,4,10000,0,272000.0,271673.0,271374.0,0.998797794117647,0.9988994121609435,0.424021875,2.044492,10.292637,12.337129,3.01712,0.0,0.0,10000.0
torus3d_adaptive_escape,torus3d_tornado,0.9,4,10000,0,288000.0,287669.0,287348.0,0.9988506944444444,0.9988841341958987,0.44898125,2.073026,10.460463,12.533489,3.024222,0.0,0.0,10000.0
torus3d_adaptive_escape,torus3d_tornado,0.95,4,10000,0,304000.0,303818.0,303479.0,0.9994013157894737,0.9988842004094557,0.4741859375,2.12421,10.650681,12.774891,3.033966,0.0,0.0,10000.0
torus3d_adaptive_escape,torus3d_tornado,1.0,4,10000,0,320000.0,319598.0,319231.0,0.99874375,0.9988516824260477,0.4987984375,2.249694,10.906456,13.15615,3.047533,0.0,0.0,10000.0
torus3d_dor,torus3d_transpose,0.05,4,10000,0,16000.0,15968.0,15949.0,0.998,0.998810120240481,0.0249203125,2.0,9.062386,11.062386,3.003825,0.0,0.0,10000.0
torus3d_dor,torus3d_transpose,0.1,4,10000,0,32000.0,31948.0,31906.0,0.998375,0.9986853637160386,0.049853125,2.0,9.116373,11.116373,3.00351,0.0,0.0,10000.0
torus3d_dor,torus3d_transpose,0.15,4,10000,0,48000.0,47760.0,47703.0,0.995,0.9988065326633165,0.0745359375,2.0,9.162883,11.162883,2.999057,0.0,0.0,10000.0
torus3d_dor,torus3d_transpose,0.2,4,10000,0,64000.0,63806.0,63731.0,0.99696875,0.9988245619534213,0.0995796875,2.0,9.225542,11.225542,3.001553,0.0,0.0,10000.0
torus3d_dor,torus3d_transpose,0.25,4,10000,0,80000.0,79713.0,79625.0,0.9964125,0.9988960395418565,0.1244140625,2.0,9.298863,11.298863,3.00368,0.0,0.0,10000.0
torus3d_dor,torus3d_transpose,0.3,4,10000,0,96000.0,95810.0,95709.0,0.9980208333333334,0.9989458302891139,0.1495453125,2.0,9.379463,11.379463,3.001243,0.0,0.0,10000.0
torus3d_dor,torus3d_transpose,0.35,4,10000,0,112000.0,111703.0,111591.0,0.9973482142857143,0.9989973411636214,0.1743609375,2.000054,9.50324,11.503293,3.00078,0.0,0.0,10000.0
torus3d_dor,torus3d_transpose,0.4,4,10000,0,128000.0,127637.0,127505.0,0.9971640625,0.9989658171219944,0.1992265625,2.000384,9.701306,11.70169,3.000086,0.0,0.0,10000.0
torus3d_dor,torus3d_transpose,0.45,4,10000,0,144000.0,143553.0,143403.0,0.9968958333333333,0.9989550897577898,0.2240671875,2.036017,10.199501,12.235518,2.998027,0.0,0.0,10000.0
torus3d_dor,torus3d_transpose,0.5,4,10000,0,160000.0,134787.0,134420.0,0.84241875,0.9972771854852471,0.21003125,316.547374,23.131402,339.678775,2.913257,0.0,0.0,10000.0
torus3d_dor,torus3d_transpose,0.55,4,10000,0,176000.0,155876.0,155492.0,0.8856590909090909,0.9975365033744772,0.24295625,393.623659,22.525654,416.149313,2.93444,0.0,0.0,10000.0
torus3d_dor,torus3d_transpose,0.6,4,10000,0,192000.0,165251.0,164868.0,0.8606822916666667,0.9976823135714761,0.25760625,649.382476,21.915684,671.29816,2.913713,0.0,0.0,10000.0
torus3d_dor,torus3d_transpose,0.65,4,10000,0,208000.0,164718.0,164328.0,0.7919134615384615,0.9976323170509598,0.2567625,777.914701,22.494188,800.40889,2.891412,0.0,0.0,10000.0
torus3d_dor,torus3d_transpose,0.7,4,10000,0,224000.0,173842.0,173446.0,0.7760803571428572,0.9977220694653766,0.271009375,803.220599,21.32402,824.544619,2.830195,0.0,0.0,10000.0
torus3d_dor,torus3d_transpose,0.75,4,10000,0,240000.0,185094.0,184691.0,0.771225,0.9978227279112235,0.2885796875,900.867054,20.253716,921.120769,2.855548,0.0,0.0,10000.0
torus3d_dor,torus3d_transpose,0.8,4,10000,0,256000.0,189213.0,188810.0,0.73911328125,0.9978701252028137,0.295015625,963.352799,20.158556,983.511355,2.827234,0.0,0.0,10000.0
torus3d_dor,torus3d_transpose,0.85,4,10000,0,272000.0,193030.0,192617.0,0.7096691176470589,0.9978604362016267,0.3009640625,1050.119273,20.066074,1070.185347,2.799317,0.0,0.0,10000.0
torus3d_dor,torus3d_transpose,0.9,4,10000,0,288000.0,197021.0,196606.0,0.6841006944444444,0.9978936255526061,0.307196875,1075.053111,20.005692,1095.058803,2.776904,0.0,0.0,10000.0
torus3d_dor,torus3d_transpose,0.95,4,10000,0,304000.0,205216.0,204795.0,0.6750526315789473,0.9979485030406986,0.3199921875,1072.886335,19.383427,1092.269762,2.767987,0.0,0.0,10000.0
torus3d_dor,torus3d_transpose,1.0,4,10000,0,320000.0,218312.0,217891.0,0.682225,0.9980715672981788,0.3404546875,1121.143049,18.458459,1139.601507,2.803493,0.0,0.0,10000.0
torus3d_dor_cbs,torus3d_transpose,0.05,4,10000,0,16000.0,15968.0,15949.0,0.998,0.998810120240481,0.0249203125,2.0,9.062449,11.062449,3.003825,1.0,1.0,10000.0
torus3d_dor_cbs,torus3d_transpose,0.1,4,10000,0,32000.0,31948.0,31906.0,0.998375,0.9986853637160386,0.049853125,2.0,9.11747,11.11747,3.00351,29.0,10.0,10000.0
torus3d_dor_cbs,torus3d_transpose,0.15,4,10000,0,48000.0,47760.0,47703.0,0.995,0.9988065326633165,0.0745359375,2.0,9.165985,11.165985,2.999057,119.0,56.0,10000.0
torus3d_dor_cbs,torus3d_transpose,0.2,4,10000,0,64000.0,63806.0,63731.0,0.99696875,0.9988245619534213,0.0995796875,2.0,9.233058,11.233058,3.001553,343.0,137.0,10000.0
torus3d_dor_cbs,torus3d_transpose,0.25,4,10000,0,80000.0,79713.0,79625.0,0.9964125,0.9988960395418565,0.1244140625,2.0,9.31313,11.31313,3.00368,834.0,310.0,10000.0
torus3d_dor_cbs,torus3d_transpose,0.3,4,10000,0,96000.0,95810.0,95709.0,0.9980208333333334,0.9989458302891139,0.1495453125,2.00001,9.40481,11.404821,3.001243,1700.0,608.0,10000.0
torus3d_dor_cbs,torus3d_transpose,0.35,4,10000,0,112000.0,111703.0,111591.0,0.9973482142857143,0.9989973411636214,0.1743609375,2.000036,9.55293,11.552966,3.00078,3380.0,1116.0,10000.0
torus3d_dor_cbs,torus3d_transpose,0.4,4,10000,0,128000.0,127637.0,127505.0,0.9971640625,0.9989658171219944,0.1992265625,2.002816,9.798596,11.801412,3.000086,6879.0,1867.0,10000.0
torus3d_dor_cbs,torus3d_transpose,0.45,4,10000,0,144000.0,143553.0,143399.0,0.9968958333333333,0.9989272254846642,0.2240609375,2.020872,10.383057,12.403929,2.997999,13966.0,3063.0,10000.0
torus3d_dor_cbs,torus3d_transpose,0.5,4,10000,0,160000.0,155559.0,155260.0,0.97224375,0.9980778997036495,0.24259375,80.730781,17.349601,98.080381,2.974649,134800.0,4380.0,10000.0
torus3d_dor_cbs,torus3d_transpose,0.55,4,10000,0,176000.0,165168.0,164806.0,0.9384545454545454,0.9978082921631308,0.257509375,302.594693,19.911144,322.505837,2.96721,222912.0,1015.0,10000.0
torus3d_dor_cbs,torus3d_transpose,0.6,4,10000,0,192000.0,166712.0,166342.0,0.8682916666666667,0.9977806036758002,0.259909375,569.79244,20.575194,590.367634,2.93434,241738.0,974.0,10000.0
torus3d_dor_cbs,torus3d_transpose,0.65,4,10000,0,208000.0,173639.0,173265.0,0.8348028846153847,0.9978461060015319,0.2707265625,726.715107,20.182137,746.897244,2.917658,232306.0,426.0,10000.0
torus3d_dor_cbs,torus3d_transpose,0.7,4,10000,0,224000.0,179268.0,178885.0,0.8003035714285714,0.9978635339268581,0.2795078125,818.485373,20.062129,838.547503,2.887207,245607.0,1330.0,10000.0
torus3d_dor_cbs,torus3d_transpose,0.75,4,10000,0,240000.0,189383.0,188993.0,0.7890958333333333,0.9979406810537377,0.2953015625,882.855989,19.363585,902.219574,2.887895,241444.0,866.0,10000.0
torus3d_dor_cbs,torus3d_transpose,0.8,4,10000,0,256000.0,189894.0,189496.0,0.7417734375,0.9979040938628919,0.2960875,1019.057795,19.818445,1038.87624,2.844588,276357.0,1132.0,10000.0
torus3d_dor_cbs,torus3d_transpose,0.85,4,10000,0,272000.0,195716.0,195312.0,0.7195441176470588,0.9979357845040774,0.305175,1064.007183,19.668894,1083.676077,2.823298,276285.0,1395.0,10000.0
torus3d_dor_cbs,torus3d_transpose,0.9,4,10000,0,288000.0,201779.0,201365.0,0.7006215277777778,0.9979482503134618,0.3146328125,1117.413855,19.134711,1136.548566,2.821026,263123.0,530.0,10000.0
torus3d_dor_cbs,torus3d_transpose,0.95,4,10000,0,304000.0,206385.0,205973.0,0.6788980263157894,0.9980037308912953,0.3218328125,1155.256645,18.835833,1174.092478,2.79392,282418.0,435.0,10000.0
torus3d_dor_cbs,torus3d_transpose,1.0,4,10000,0,320000.0,217607.0,217188.0,0.680021875,0.9980745104707109,0.33935625,1181.498481,17.853113,1199.351594,2.815947,249782.0,66.0,10000.0
torus3d_adaptive_escape,torus3d_transpose,0.05,4,10000,0,16000.0,15968.0,15949.0,0.998,0.998810120240481,0.0249203125,2.0,9.042072,11.042072,3.003825,0.0,0.0,10000.0
torus3d_adaptive_escape,torus3d_transpose,0.1,4,10000,0,32000.0,31948.0,31906.0,0.998375,0.9986853637160386,0.049853125,2.0,9.076694,11.076694,3.00351,0.0,0.0,10000.0
torus3d_adaptive_escape,torus3d_transpose,0.15,4,10000,0,48000.0,47760.0,47703.0,0.995,0.9988065326633165,0.0745359375,2.0,9.098799,11.098799,2.999057,0.0,0.0,10000.0
torus3d_adaptive_escape,torus3d_transpose,0.2,4,10000,0,64000.0,63806.0,63730.0,0.99696875,0.9988088894461336,0.099578125,2.000016,9.137471,11.137486,3.001538,0.0,0.0,10000.0
torus3d_adaptive_escape,torus3d_transpose,0.25,4,10000,0,80000.0,79713.0,79624.0,0.9964125,0.9988834945366503,0.1244125,2.000025,9.176793,11.176819,3.003692,0.0,0.0,10000.0
torus3d_adaptive_escape,torus3d_transpose,0.3,4,10000,0,96000.0,95810.0,95709.0,0.9980208333333334,0.9989458302891139,0.1495453125,2.000021,9.201611,11.201632,3.001243,0.0,0.0,10000.0
torus3d_adaptive_escape,torus3d_transpose,0.35,4,10000,0,112000.0,111703.0,111592.0,0.9973482142857143,0.9990062934746605,0.1743625,2.00009,9.23249,11.232579,3.000789,0.0,0.0,10000.0
torus3d_adaptive_escape,torus3d_transpose,0.4,4,10000,0,128000.0,127637.0,127506.0,0.9971640625,0.9989736518407671,0.199228125,2.000165,9.264686,11.26485,3.000094,0.0,0.0,10000.0
torus3d_adaptive_escape,torus3d_transpose,0.45,4,10000,0,144000.0,143553.0,143409.0,0.9968958333333333,0.9989968861674782,0.2240765625,2.000258,9.289947,11.290205,2.998082,0.0,0.0,10000.0
torus3d_adaptive_escape,torus3d_transpose,0.5,4,10000,0,160000.0,159452.0,159294.0,0.996575,0.9990091061886963,0.248896875,2.00054,9.327169,11.327709,2.99774,0.0,0.0,10000.0
torus3d_adaptive_escape,torus3d_transpose,0.55,4,10000,0,176000.0,175634.0,175456.0,0.9979204545454545,0.9989865288042179,0.27415,2.000901,9.362798,11.363698,2.999441,0.0,0.0,10000.0
torus3d_adaptive_escape,torus3d_transpose,0.6,4,10000,0,192000.0,191507.0,191311.0,0.9974322916666667,0.9989765387166004,0.2989234375,2.001589,9.402653,11.404242,3.000037,0.0,0.0,10000.0
torus3d_adaptive_escape,torus3d_transpose,0.65,4,10000,0,208000.0,207649.0,207440.0,0.9983125,0.998993493828528,0.324125,2.002574,9.441414,11.443989,3.000347,0.0,0.0,10000.0
torus3d_adaptive_escape,torus3d_transpose,0.7,4,10000,0,224000.0,223725.0,223491.0,0.9987723214285714,0.9989540730807912,0.3492046875,2.004515,9.480641,11.485156,2.999217,0.0,0.0,10000.0
torus3d_adaptive_escape,torus3d_transpose,0.75,4,10000,0,240000.0,239664.0,239417.0,0.9986,0.9989693904800053,0.3740890625,2.006566,9.524219,11.530785,3.000104,0.0,0.0,10000.0
torus3d_adaptive_escape,torus3d_transpose,0.8,4,10000,0,256000.0,255852.0,255586.0,0.999421875,0.998960336444507,0.399353125,2.010196,9.572512,11.582708,3.001064,0.0,0.0,10000.0
torus3d_adaptive_escape,torus3d_transpose,0.85,4,10000,0,272000.0,271673.0,271397.0,0.998797794117647,0.9989840727639479,0.4240578125,2.01524,9.619933,11.635173,3.000512,0.0,0.0,10000.0
torus3d_adaptive_escape,torus3d_transpose,0.9,4,10000,0,288000.0,287669.0,287367.0,0.9988506944444444,0.9989501823276057,0.4490109375,2.024276,9.67299,11.697265,3.002161,0.0,0.0,10000.0
torus3d_adaptive_escape,torus3d_transpose,0.95,4,10000,0,304000.0,303819.0,303503.0,0.9994046052631579,0.9989599070499212,0.4742234375,2.03572,9.726158,11.761877,3.002211,0.0,0.0,10000.0
torus3d_adaptive_escape,torus3d_transpose,1.0,4,10000,0,320000.0,319601.0,319270.0,0.998753125,0.9989643336535242,0.498859375,2.053118,9.782917,11.836035,3.003063,0.0,0.0,10000.0
