mode,pattern,low_load_latency,max_stable_throughput,max_stable_rate,first_unstable_rate,deadlocks,max_dp_shared_grants,max_dp_pool_blocks,max_cbs_entry_blocks,max_escape_transitions
A1_cbs_v3,torus3d_xopposite,9.050771,0.264928125,0.55,0.6,0,0.0,0.0,319648.0,0.0
A2_dpcbs_v4_s2,torus3d_xopposite,9.049016,0.3201859375,0.65,0.7,0,254263.0,0.0,474896.0,0.0
A3_cbs_v4,torus3d_xopposite,9.049016,0.4105734375,0.9,0.95,0,0.0,0.0,291008.0,0.0
A4_dpcbs_v6_s4,torus3d_xopposite,9.048953,0.3993921875,0.8,0.85,0,474388.0,0.0,265471.0,0.0
B1_esc_v2,torus3d_xopposite,9.288266,0.1962109375,0.4,0.45,0,0.0,0.0,0.0,38043.0
B2_dpesc_v3_s2,torus3d_xopposite,9.033471,0.26898125,0.55,0.6,0,232975.0,0.0,0.0,98042.0
B3_esc_v3,torus3d_xopposite,9.027329,0.3989578125,0.85,0.9,0,0.0,0.0,0.0,17108.0
B4_dpesc_v5_s4,torus3d_xopposite,9.025574,0.484046875,1.0,nan,0,530966.0,0.0,0.0,113794.0
B5_esc_v4,torus3d_xopposite,9.025574,0.498978125,1.0,nan,0,0.0,0.0,0.0,3696.0
B6_dpesc_v7_s6,torus3d_xopposite,9.025574,0.4989796875,1.0,nan,0,638987.0,0.0,0.0,123.0
A1_cbs_v3,torus3d_tornado,11.0,0.4988796875,1.0,nan,0,0.0,0.0,0.0,0.0
A2_dpcbs_v4_s2,torus3d_tornado,11.0,0.4988796875,1.0,nan,0,958425.0,0.0,0.0,0.0
A3_cbs_v4,torus3d_tornado,11.0,0.4988796875,1.0,nan,0,0.0,0.0,0.0,0.0
A4_dpcbs_v6_s4,torus3d_tornado,11.0,0.4988796875,1.0,nan,0,958425.0,0.0,0.0,0.0
B1_esc_v2,torus3d_tornado,11.30679,0.195178125,0.4,0.45,0,0.0,0.0,0.0,53807.0
B2_dpesc_v3_s2,torus3d_tornado,11.049031,0.3806640625,0.8,0.85,0,657730.0,0.0,0.0,63393.0
B3_esc_v3,torus3d_tornado,11.049031,0.3806640625,0.8,0.85,0,0.0,0.0,0.0,63393.0
B4_dpesc_v5_s4,torus3d_tornado,11.04157,0.4987984375,1.0,nan,0,957522.0,0.0,0.0,850.0
B5_esc_v4,torus3d_tornado,11.04157,0.4987984375,1.0,nan,0,0.0,0.0,0.0,29824.0
B6_dpesc_v7_s6,torus3d_tornado,11.04157,0.4988015625,1.0,nan,0,958359.0,0.0,0.0,0.0
A1_cbs_v3,torus3d_transpose,11.06759,0.22735625,0.5,0.55,0,0.0,0.0,272367.0,0.0
A2_dpcbs_v4_s2,torus3d_transpose,11.062449,0.230490625,0.5,0.55,0,295943.0,556291.0,366611.0,0.0
A3_cbs_v4,torus3d_transpose,11.062449,0.257509375,0.55,0.6,0,0.0,0.0,282418.0,0.0
A4_dpcbs_v6_s4,torus3d_transpose,11.062386,0.260984375,0.55,0.6,0,454547.0,678772.0,584223.0,0.0
B1_esc_v2,torus3d_transpose,11.294752,0.195553125,0.4,0.45,0,0.0,0.0,0.0,30444.0
B2_dpesc_v3_s2,torus3d_transpose,11.045645,0.3666578125,0.8,0.85,0,583974.0,0.0,0.0,85992.0
B3_esc_v3,torus3d_transpose,11.04715,0.3862328125,0.85,0.9,0,0.0,0.0,0.0,16410.0
B4_dpesc_v5_s4,torus3d_transpose,11.042072,0.4988578125,1.0,nan,0,941994.0,0.0,0.0,14171.0
B5_esc_v4,torus3d_transpose,11.042072,0.498859375,1.0,nan,0,0.0,0.0,0.0,2189.0
B6_dpesc_v7_s6,torus3d_transpose,11.042072,0.4988640625,1.0,nan,0,958357.0,0.0,0.0,8.0
A1_cbs_v3,torus3d_neighbor,7.0,0.4990796875,1.0,nan,0,0.0,0.0,0.0,0.0
A2_dpcbs_v4_s2,torus3d_neighbor,7.0,0.4990796875,1.0,nan,0,319539.0,0.0,0.0,0.0
A3_cbs_v4,torus3d_neighbor,7.0,0.4990796875,1.0,nan,0,0.0,0.0,0.0,0.0
A4_dpcbs_v6_s4,torus3d_neighbor,7.0,0.4990796875,1.0,nan,0,319539.0,0.0,0.0,0.0
B1_esc_v2,torus3d_neighbor,7.2231,0.1968453125,0.4,0.45,0,0.0,0.0,0.0,0.0
B2_dpesc_v3_s2,torus3d_neighbor,7.002945,0.3996015625,0.85,0.9,0,255936.0,0.0,0.0,0.0
B3_esc_v3,torus3d_neighbor,7.002945,0.3996015625,0.85,0.9,0,0.0,0.0,0.0,0.0
B4_dpesc_v5_s4,torus3d_neighbor,7.0,0.4990796875,1.0,nan,0,319539.0,0.0,0.0,0.0
B5_esc_v4,torus3d_neighbor,7.0,0.4990796875,1.0,nan,0,0.0,0.0,0.0,0.0
B6_dpesc_v7_s6,torus3d_neighbor,7.0,0.4990796875,1.0,nan,0,319539.0,0.0,0.0,0.0
A1_cbs_v3,uniform_random,11.033649,0.4862,1.0,nan,0,0.0,0.0,150782.0,0.0
A2_dpcbs_v4_s2,uniform_random,11.033022,0.498815625,1.0,nan,0,618990.0,48421.0,44222.0,0.0
A3_cbs_v4,uniform_random,11.033022,0.4988265625,1.0,nan,0,0.0,0.0,16176.0,0.0
A4_dpcbs_v6_s4,uniform_random,11.033022,0.4988296875,1.0,nan,0,904364.0,4763.0,3190.0,0.0
B1_esc_v2,uniform_random,11.300495,0.1954296875,0.4,0.45,0,0.0,0.0,0.0,36860.0
B2_dpesc_v3_s2,uniform_random,11.043048,0.3823921875,0.85,0.9,0,612158.0,0.0,0.0,89499.0
B3_esc_v3,uniform_random,11.041105,0.38819375,0.85,0.9,0,0.0,0.0,0.0,18589.0
B4_dpesc_v5_s4,uniform_random,11.039852,0.498834375,1.0,nan,0,942944.0,0.0,0.0,14690.0
B5_esc_v4,uniform_random,11.039852,0.498834375,1.0,nan,0,0.0,0.0,0.0,3347.0
B6_dpesc_v7_s6,uniform_random,11.039852,0.498834375,1.0,nan,0,957902.0,0.0,0.0,197.0
