mode,physical_vcs,pattern,injection_rate,link_latency,sim_cycles,torus_x,torus_y,torus_z,traffic_epoch_cycles,traffic_x_bias,traffic_x_hops,seed,deadlock,expected_generated,packets_injected,packets_received,injection_acceptance,delivery_ratio,throughput,queueing_latency,network_latency,packet_latency,average_hops,escape_hops,escape_transitions,pool_allocations,owned_pool_allocations,demand_reclaims,owner_migrations,release_handoffs,release_keeps,ownership_wait_starts,ownership_wait_completions,ownership_wait_cycles,ownership_wait_max,pool_write_blocks,pool_read_conflicts,pool_reads,reserved_reads,borrowed_peak,sim_ticks,pool_allocations_east,pool_allocations_west,pool_allocations_north,pool_allocations_south,pool_allocations_up,pool_allocations_down,pool_reads_east,pool_reads_west,pool_reads_north,pool_reads_south,pool_reads_up,pool_reads_down,reserved_reads_east,reserved_reads_west,reserved_reads_north,reserved_reads_south,reserved_reads_up,reserved_reads_down,migrations_to_east,migrations_to_west,migrations_to_north,migrations_to_south,migrations_to_up,migrations_to_down
private_v6,6,torus3d_xbiased,0.15,8,10000,8,4,4,0,1.0,3,1,0,96000.0,74083.0,72988.0,0.7716979166666667,0.9852192810766303,0.057021875,146.836987,91.887297,238.724283,3.255165,57912.0,18496.0,0.0,0.0,0.0,0.0,0.0,0.0,0.0,0.0,0.0,0.0,0.0,0.0,0.0,0.0,0.0,10000.0,0.0,0.0,0.0,0.0,0.0,0.0,0.0,0.0,0.0,0.0,0.0,0.0,0.0,0.0,0.0,0.0,0.0,0.0,0.0,0.0,0.0,0.0,0.0,0.0
private_v6,6,torus3d_xbiased,0.15,8,10000,8,4,4,0,1.0,3,2,0,96000.0,79842.0,79003.0,0.8316875,0.9894917461987425,0.06172109375,124.829095,77.346101,202.175196,3.227713,56602.0,18312.0,0.0,0.0,0.0,0.0,0.0,0.0,0.0,0.0,0.0,0.0,0.0,0.0,0.0,0.0,0.0,10000.0,0.0,0.0,0.0,0.0,0.0,0.0,0.0,0.0,0.0,0.0,0.0,0.0,0.0,0.0,0.0,0.0,0.0,0.0,0.0,0.0,0.0,0.0,0.0,0.0
private_v6,6,torus3d_xbiased,0.15,8,10000,8,4,4,0,1.0,3,3,0,96000.0,72720.0,71601.0,0.7575,0.9846122112211221,0.05593828125,188.128071,95.379813,283.507884,3.259354,57442.0,18314.0,0.0,0.0,0.0,0.0,0.0,0.0,0.0,0.0,0.0,0.0,0.0,0.0,0.0,0.0,0.0,10000.0,0.0,0.0,0.0,0.0,0.0,0.0,0.0,0.0,0.0,0.0,0.0,0.0,0.0,0.0,0.0,0.0,0.0,0.0,0.0,0.0,0.0,0.0,0.0,0.0
private_v6,6,torus3d_xbiased,0.18,8,10000,8,4,4,0,1.0,3,1,0,115200.0,27322.0,25910.0,0.23717013888888888,0.94832003513652,0.0202421875,2562.289657,441.21594,3003.505596,3.889695,63591.0,18220.0,0.0,0.0,0.0,0.0,0.0,0.0,0.0,0.0,0.0,0.0,0.0,0.0,0.0,0.0,0.0,10000.0,0.0,0.0,0.0,0.0,0.0,0.0,0.0,0.0,0.0,0.0,0.0,0.0,0.0,0.0,0.0,0.0,0.0,0.0,0.0,0.0,0.0,0.0,0.0,0.0
private_v6,6,torus3d_xbiased,0.18,8,10000,8,4,4,0,1.0,3,2,0,115200.0,27871.0,26470.0,0.24193576388888888,0.9497326970686376,0.0206796875,2476.096373,430.248206,2906.344579,3.870646,63650.0,18282.0,0.0,0.0,0.0,0.0,0.0,0.0,0.0,0.0,0.0,0.0,0.0,0.0,0.0,0.0,0.0,10000.0,0.0,0.0,0.0,0.0,0.0,0.0,0.0,0.0,0.0,0.0,0.0,0.0,0.0,0.0,0.0,0.0,0.0,0.0,0.0,0.0,0.0,0.0,0.0,0.0
private_v6,6,torus3d_xbiased,0.18,8,10000,8,4,4,0,1.0,3,3,0,115200.0,26872.0,25468.0,0.23326388888888888,0.9477523072342959,0.019896875,2637.577391,450.975263,3088.552654,3.905764,63572.0,18277.0,0.0,0.0,0.0,0.0,0.0,0.0,0.0,0.0,0.0,0.0,0.0,0.0,0.0,0.0,0.0,10000.0,0.0,0.0,0.0,0.0,0.0,0.0,0.0,0.0,0.0,0.0,0.0,0.0,0.0,0.0,0.0,0.0,0.0,0.0,0.0,0.0,0.0,0.0,0.0,0.0
private_v6,6,torus3d_xbiased,0.2,8,10000,8,4,4,0,1.0,3,1,0,128000.0,25831.0,24432.0,0.2018046875,0.9458402694436917,0.0190875,2952.23678,473.636542,3425.873322,3.943189,63505.0,18284.0,0.0,0.0,0.0,0.0,0.0,0.0,0.0,0.0,0.0,0.0,0.0,0.0,0.0,0.0,0.0,10000.0,0.0,0.0,0.0,0.0,0.0,0.0,0.0,0.0,0.0,0.0,0.0,0.0,0.0,0.0,0.0,0.0,0.0,0.0,0.0,0.0,0.0,0.0,0.0,0.0
private_v6,6,torus3d_xbiased,0.2,8,10000,8,4,4,0,1.0,3,2,0,128000.0,25854.0,24442.0,0.201984375,0.9453856269822851,0.0190953125,2945.563538,474.818877,3420.382416,3.944767,63631.0,18367.0,0.0,0.0,0.0,0.0,0.0,0.0,0.0,0.0,0.0,0.0,0.0,0.0,0.0,0.0,0.0,10000.0,0.0,0.0,0.0,0.0,0.0,0.0,0.0,0.0,0.0,0.0,0.0,0.0,0.0,0.0,0.0,0.0,0.0,0.0,0.0,0.0,0.0,0.0,0.0,0.0
private_v6,6,torus3d_xbiased,0.2,8,10000,8,4,4,0,1.0,3,3,0,128000.0,25509.0,24101.0,0.1992890625,0.9448037947391117,0.01882890625,3016.530766,481.514294,3498.04506,3.958218,63508.0,18215.0,0.0,0.0,0.0,0.0,0.0,0.0,0.0,0.0,0.0,0.0,0.0,0.0,0.0,0.0,0.0,10000.0,0.0,0.0,0.0,0.0,0.0,0.0,0.0,0.0,0.0,0.0,0.0,0.0,0.0,0.0,0.0,0.0,0.0,0.0,0.0,0.0,0.0,0.0,0.0,0.0
private_v6,6,torus3d_xbiased,0.25,8,10000,8,4,4,0,1.0,3,1,0,160000.0,24942.0,23534.0,0.1558875,0.9435490337583193,0.0183859375,3362.322895,495.850217,3858.173111,3.979944,63439.0,18232.0,0.0,0.0,0.0,0.0,0.0,0.0,0.0,0.0,0.0,0.0,0.0,0.0,0.0,0.0,0.0,10000.0,0.0,0.0,0.0,0.0,0.0,0.0,0.0,0.0,0.0,0.0,0.0,0.0,0.0,0.0,0.0,0.0,0.0,0.0,0.0,0.0,0.0,0.0,0.0,0.0
private_v6,6,torus3d_xbiased,0.25,8,10000,8,4,4,0,1.0,3,2,0,160000.0,24879.0,23476.0,0.15549375,0.9436070581615017,0.018340625,3378.091285,493.986965,3872.07825,3.983387,63365.0,17972.0,0.0,0.0,0.0,0.0,0.0,0.0,0.0,0.0,0.0,0.0,0.0,0.0,0.0,0.0,0.0,10000.0,0.0,0.0,0.0,0.0,0.0,0.0,0.0,0.0,0.0,0.0,0.0,0.0,0.0,0.0,0.0,0.0,0.0,0.0,0.0,0.0,0.0,0.0,0.0,0.0
private_v6,6,torus3d_xbiased,0.25,8,10000,8,4,4,0,1.0,3,3,0,160000.0,24836.0,23436.0,0.155225,0.943630214205186,0.018309375,3388.979689,498.271932,3887.251621,3.983956,63480.0,18218.0,0.0,0.0,0.0,0.0,0.0,0.0,0.0,0.0,0.0,0.0,0.0,0.0,0.0,0.0,0.0,10000.0,0.0,0.0,0.0,0.0,0.0,0.0,0.0,0.0,0.0,0.0,0.0,0.0,0.0,0.0,0.0,0.0,0.0,0.0,0.0,0.0,0.0,0.0,0.0,0.0
dpphys_pressure_v6,6,torus3d_xbiased,0.15,8,10000,8,4,4,0,1.0,3,1,0,96000.0,95820.0,95298.0,0.998125,0.9945522855353789,0.0744515625,2.01915,48.926798,50.945948,3.108229,35009.0,12109.0,148281.0,146004.0,2277.0,4433.0,2156.0,145950.0,2277.0,2277.0,0.0,0.0,0.0,0.0,148106.0,148752.0,1.0,10000.0,0.0,148281.0,0.0,0.0,0.0,0.0,0.0,148106.0,0.0,0.0,0.0,0.0,18272.0,130480.0,0.0,0.0,0.0,0.0,2156.0,2277.0,0.0,0.0,0.0,0.0
dpphys_pressure_v6,6,torus3d_xbiased,0.15,8,10000,8,4,4,0,1.0,3,2,0,96000.0,95367.0,94884.0,0.99340625,0.9949353549970116,0.074128125,2.017347,48.907023,50.924371,3.111378,35136.0,12121.0,147183.0,144982.0,2201.0,4279.0,2078.0,144962.0,2201.0,2201.0,0.0,0.0,0.0,0.0,147040.0,148789.0,1.0,10000.0,0.0,147183.0,0.0,0.0,0.0,0.0,0.0,147040.0,0.0,0.0,0.0,0.0,18388.0,130401.0,0.0,0.0,0.0,0.0,2078.0,2201.0,0.0,0.0,0.0,0.0
dpphys_pressure_v6,6,torus3d_xbiased,0.15,8,10000,8,4,4,0,1.0,3,3,0,96000.0,94584.0,94050.0,0.98525,0.9943542248160365,0.0734765625,4.331111,50.304455,54.635566,3.115407,35933.0,12212.0,145915.0,143614.0,2301.0,4476.0,2175.0,143561.0,2301.0,2301.0,0.0,0.0,0.0,0.0,145736.0,147844.0,1.0,10000.0,0.0,145915.0,0.0,0.0,0.0,0.0,0.0,145736.0,0.0,0.0,0.0,0.0,19211.0,128633.0,0.0,0.0,0.0,0.0,2175.0,2301.0,0.0,0.0,0.0,0.0
dpphys_pressure_v6,6,torus3d_xbiased,0.18,8,10000,8,4,4,0,1.0,3,1,0,115200.0,42485.0,40935.0,0.3687934027777778,0.9635165352477345,0.03198046875,914.310932,208.875705,1123.186637,3.396629,54502.0,17396.0,52196.0,50851.0,1345.0,2562.0,1217.0,50495.0,1345.0,1345.0,0.0,0.0,0.0,0.0,51712.0,87818.0,1.0,10000.0,0.0,52196.0,0.0,0.0,0.0,0.0,0.0,51712.0,0.0,0.0,0.0,0.0,37912.0,49906.0,0.0,0.0,0.0,0.0,1217.0,1345.0,0.0,0.0,0.0,0.0
dpphys_pressure_v6,6,torus3d_xbiased,0.18,8,10000,8,4,4,0,1.0,3,2,0,115200.0,44327.0,42779.0,0.3847829861111111,0.96507771786947,0.03342109375,830.895322,197.440309,1028.335632,3.380467,54448.0,17377.0,55476.0,53959.0,1517.0,2906.0,1389.0,53591.0,1517.0,1517.0,0.0,0.0,0.0,0.0,54980.0,90115.0,1.0,10000.0,0.0,55476.0,0.0,0.0,0.0,0.0,0.0,54980.0,0.0,0.0,0.0,0.0,37678.0,52437.0,0.0,0.0,0.0,0.0,1389.0,1517.0,0.0,0.0,0.0,0.0
dpphys_pressure_v6,6,torus3d_xbiased,0.18,8,10000,8,4,4,0,1.0,3,3,0,115200.0,36141.0,34589.0,0.31372395833333333,0.9570570819844498,0.02702265625,1285.510075,255.052647,1540.562722,3.464888,54216.0,17142.0,40813.0,39842.0,971.0,1814.0,843.0,39469.0,971.0,971.0,0.0,0.0,0.0,0.0,40312.0,80037.0,1.0,10000.0,0.0,40813.0,0.0,0.0,0.0,0.0,0.0,40312.0,0.0,0.0,0.0,0.0,38490.0,41547.0,0.0,0.0,0.0,0.0,843.0,971.0,0.0,0.0,0.0,0.0
dpphys_pressure_v6,6,torus3d_xbiased,0.2,8,10000,8,4,4,0,1.0,3,1,0,128000.0,26234.0,24681.0,0.204953125,0.9408020126553328,0.01928203125,2412.680969,376.141202,2788.822171,3.645922,54007.0,16848.0,23191.0,22852.0,339.0,550.0,211.0,22485.0,339.0,339.0,0.0,0.0,0.0,0.0,22696.0,67802.0,1.0,10000.0,0.0,23191.0,0.0,0.0,0.0,0.0,0.0,22696.0,0.0,0.0,0.0,0.0,39524.0,28278.0,0.0,0.0,0.0,0.0,211.0,339.0,0.0,0.0,0.0,0.0
dpphys_pressure_v6,6,torus3d_xbiased,0.2,8,10000,8,4,4,0,1.0,3,2,0,128000.0,26889.0,25339.0,0.2100703125,0.9423556101007847,0.01979609375,2317.906626,365.691345,2683.597972,3.633963,54273.0,16929.0,24334.0,23901.0,433.0,738.0,305.0,23529.0,433.0,433.0,0.0,0.0,0.0,0.0,23834.0,68745.0,1.0,10000.0,0.0,24334.0,0.0,0.0,0.0,0.0,0.0,23834.0,0.0,0.0,0.0,0.0,39666.0,29079.0,0.0,0.0,0.0,0.0,305.0,433.0,0.0,0.0,0.0,0.0
dpphys_pressure_v6,6,torus3d_xbiased,0.2,8,10000,8,4,4,0,1.0,3,3,0,128000.0,25499.0,23954.0,0.1992109375,0.9394093886034747,0.0187140625,2523.546631,389.286549,2912.83318,3.667112,54109.0,16882.0,21861.0,21550.0,311.0,494.0,183.0,21183.0,311.0,311.0,0.0,0.0,0.0,0.0,21366.0,66989.0,1.0,10000.0,0.0,21861.0,0.0,0.0,0.0,0.0,0.0,21366.0,0.0,0.0,0.0,0.0,39693.0,27296.0,0.0,0.0,0.0,0.0,183.0,311.0,0.0,0.0,0.0,0.0
dpphys_pressure_v6,6,torus3d_xbiased,0.25,8,10000,8,4,4,0,1.0,3,1,0,160000.0,24230.0,22690.0,0.1514375,0.9364424267437061,0.0177265625,3044.20119,412.700529,3456.901719,3.700132,53965.0,16812.0,19590.0,19349.0,241.0,354.0,113.0,18982.0,241.0,241.0,0.0,0.0,0.0,0.0,19095.0,65344.0,1.0,10000.0,0.0,19590.0,0.0,0.0,0.0,0.0,0.0,19095.0,0.0,0.0,0.0,0.0,39700.0,25644.0,0.0,0.0,0.0,0.0,113.0,241.0,0.0,0.0,0.0,0.0
dpphys_pressure_v6,6,torus3d_xbiased,0.25,8,10000,8,4,4,0,1.0,3,2,0,160000.0,24124.0,22584.0,0.150775,0.9361631570220528,0.01764375,3064.27639,415.159715,3479.436105,3.703773,53965.0,16802.0,19406.0,19146.0,260.0,392.0,132.0,18771.0,260.0,260.0,0.0,0.0,0.0,0.0,18903.0,65221.0,1.0,10000.0,0.0,19406.0,0.0,0.0,0.0,0.0,0.0,18903.0,0.0,0.0,0.0,0.0,39737.0,25484.0,0.0,0.0,0.0,0.0,132.0,260.0,0.0,0.0,0.0,0.0
dpphys_pressure_v6,6,torus3d_xbiased,0.25,8,10000,8,4,4,0,1.0,3,3,0,160000.0,24031.0,22475.0,0.15019375,0.9352503016936458,0.01755859375,3092.74723,416.56614,3509.31337,3.706652,53953.0,16795.0,19226.0,18997.0,229.0,330.0,101.0,18630.0,229.0,229.0,0.0,0.0,0.0,0.0,18731.0,65058.0,1.0,10000.0,0.0,19226.0,0.0,0.0,0.0,0.0,0.0,18731.0,0.0,0.0,0.0,0.0,39734.0,25324.0,0.0,0.0,0.0,0.0,101.0,229.0,0.0,0.0,0.0,0.0
dpphys_pressure_v6_full,6,torus3d_xbiased,0.15,8,10000,8,4,4,0,1.0,3,1,0,96000.0,95820.0,95329.0,0.998125,0.994875808808182,0.07447578125,2.015672,46.974341,48.990014,3.025134,8382.0,3022.0,167033.0,166258.0,775.0,1173.0,398.0,166432.0,775.0,775.0,0.0,0.0,0.0,0.0,166830.0,122141.0,3.0,10000.0,0.0,167033.0,0.0,0.0,0.0,0.0,0.0,166830.0,0.0,0.0,0.0,0.0,4181.0,117960.0,0.0,0.0,0.0,0.0,398.0,775.0,0.0,0.0,0.0,0.0
dpphys_pressure_v6_full,6,torus3d_xbiased,0.15,8,10000,8,4,4,0,1.0,3,2,0,96000.0,95367.0,94904.0,0.99340625,0.9951450711462037,0.07414375,2.014583,46.964543,48.979126,3.02609,8354.0,2945.0,165974.0,165253.0,721.0,1067.0,346.0,165453.0,721.0,721.0,0.0,0.0,0.0,0.0,165799.0,121951.0,3.0,10000.0,0.0,165974.0,0.0,0.0,0.0,0.0,0.0,165799.0,0.0,0.0,0.0,0.0,4277.0,117674.0,0.0,0.0,0.0,0.0,346.0,721.0,0.0,0.0,0.0,0.0
dpphys_pressure_v6_full,6,torus3d_xbiased,0.15,8,10000,8,4,4,0,1.0,3,3,0,96000.0,95941.0,95497.0,0.9993854166666667,0.9953721558040879,0.07460703125,2.015058,46.981916,48.996974,3.027394,8569.0,2987.0,167439.0,166631.0,808.0,1233.0,425.0,166849.0,808.0,808.0,0.0,0.0,0.0,0.0,167274.0,122368.0,3.0,10000.0,0.0,167439.0,0.0,0.0,0.0,0.0,0.0,167274.0,0.0,0.0,0.0,0.0,4527.0,117841.0,0.0,0.0,0.0,0.0,425.0,808.0,0.0,0.0,0.0,0.0
dpphys_pressure_v6_full,6,torus3d_xbiased,0.18,8,10000,8,4,4,0,1.0,3,1,0,115200.0,115130.0,114584.0,0.9993923611111111,0.9952575349604794,0.08951875,2.036323,47.872146,49.908469,3.053969,20542.0,7223.0,210635.0,208887.0,1748.0,3127.0,1379.0,209062.0,1748.0,1748.0,0.0,0.0,0.0,0.0,210441.0,140182.0,3.0,10000.0,0.0,210635.0,0.0,0.0,0.0,0.0,0.0,210441.0,0.0,0.0,0.0,0.0,10812.0,129370.0,0.0,0.0,0.0,0.0,1379.0,1748.0,0.0,0.0,0.0,0.0
dpphys_pressure_v6_full,6,torus3d_xbiased,0.18,8,10000,8,4,4,0,1.0,3,2,0,115200.0,114622.0,114077.0,0.9949826388888889,0.9952452408787144,0.08912265625,2.034319,47.797961,49.83228,3.051807,19762.0,6874.0,209674.0,207922.0,1752.0,3137.0,1385.0,208077.0,1752.0,1752.0,0.0,0.0,0.0,0.0,209462.0,139345.0,3.0,10000.0,0.0,209674.0,0.0,0.0,0.0,0.0,0.0,209462.0,0.0,0.0,0.0,0.0,10324.0,129021.0,0.0,0.0,0.0,0.0,1385.0,1752.0,0.0,0.0,0.0,0.0
dpphys_pressure_v6_full,6,torus3d_xbiased,0.18,8,10000,8,4,4,0,1.0,3,3,0,115200.0,115042.0,114486.0,0.9986284722222222,0.9951669824933502,0.0894421875,2.033157,47.831254,49.864411,3.053631,20310.0,7129.0,210605.0,208716.0,1889.0,3410.0,1521.0,208871.0,1889.0,1889.0,0.0,0.0,0.0,0.0,210392.0,139921.0,3.0,10000.0,0.0,210605.0,0.0,0.0,0.0,0.0,0.0,210392.0,0.0,0.0,0.0,0.0,10751.0,129170.0,0.0,0.0,0.0,0.0,1521.0,1889.0,0.0,0.0,0.0,0.0
dpphys_pressure_v6_full,6,torus3d_xbiased,0.2,8,10000,8,4,4,0,1.0,3,1,0,128000.0,128080.0,127465.0,1.000625,0.9951983135540288,0.09958203125,2.060511,48.840945,50.901455,3.07464,32017.0,11184.0,238167.0,234604.0,3563.0,6746.0,3183.0,234740.0,3563.0,3563.0,0.0,0.0,0.0,0.0,237923.0,154782.0,3.0,10000.0,0.0,238167.0,0.0,0.0,0.0,0.0,0.0,237923.0,0.0,0.0,0.0,0.0,16671.0,138111.0,0.0,0.0,0.0,0.0,3183.0,3563.0,0.0,0.0,0.0,0.0
dpphys_pressure_v6_full,6,torus3d_xbiased,0.2,8,10000,8,4,4,0,1.0,3,2,0,128000.0,127426.0,126811.0,0.995515625,0.9951736694238225,0.09907109375,2.056572,48.797486,50.854058,3.073748,31389.0,11003.0,236757.0,233251.0,3506.0,6635.0,3129.0,233400.0,3506.0,3506.0,0.0,0.0,0.0,0.0,236529.0,154033.0,3.0,10000.0,0.0,236757.0,0.0,0.0,0.0,0.0,0.0,236529.0,0.0,0.0,0.0,0.0,16481.0,137552.0,0.0,0.0,0.0,0.0,3129.0,3506.0,0.0,0.0,0.0,0.0
dpphys_pressure_v6_full,6,torus3d_xbiased,0.2,8,10000,8,4,4,0,1.0,3,3,0,128000.0,126308.0,125619.0,0.98678125,0.9945450802799506,0.09813984375,3.121478,49.6487,52.770178,3.077154,32301.0,11240.0,234164.0,230719.0,3445.0,6515.0,3070.0,230819.0,3445.0,3445.0,0.0,0.0,0.0,0.0,233889.0,153414.0,3.0,10000.0,0.0,234164.0,0.0,0.0,0.0,0.0,0.0,233889.0,0.0,0.0,0.0,0.0,17205.0,136209.0,0.0,0.0,0.0,0.0,3070.0,3445.0,0.0,0.0,0.0,0.0
dpphys_pressure_v6_full,6,torus3d_xbiased,0.25,8,10000,8,4,4,0,1.0,3,1,0,160000.0,30294.0,28491.0,0.1893375,0.9404832640126758,0.02225859375,2177.911867,360.991506,2538.903373,3.562704,54184.0,16982.0,32098.0,30994.0,1104.0,1824.0,720.0,30624.0,1104.0,1104.0,0.0,0.0,0.0,0.0,31344.0,70730.0,3.0,10000.0,0.0,32098.0,0.0,0.0,0.0,0.0,0.0,31344.0,0.0,0.0,0.0,0.0,39431.0,31299.0,0.0,0.0,0.0,0.0,720.0,1104.0,0.0,0.0,0.0,0.0
dpphys_pressure_v6_full,6,torus3d_xbiased,0.25,8,10000,8,4,4,0,1.0,3,2,0,160000.0,28855.0,27051.0,0.18034375,0.9374805059781667,0.02113359375,2345.496876,381.160807,2726.657684,3.591254,54059.0,16912.0,29123.0,28260.0,863.0,1342.0,479.0,27890.0,863.0,863.0,0.0,0.0,0.0,0.0,28369.0,69329.0,3.0,10000.0,0.0,29123.0,0.0,0.0,0.0,0.0,0.0,28369.0,0.0,0.0,0.0,0.0,39466.0,29863.0,0.0,0.0,0.0,0.0,479.0,863.0,0.0,0.0,0.0,0.0
dpphys_pressure_v6_full,6,torus3d_xbiased,0.25,8,10000,8,4,4,0,1.0,3,3,0,160000.0,27783.0,25974.0,0.17364375,0.93488824101069,0.0202921875,2492.390082,398.051436,2890.441518,3.615154,54023.0,16857.0,26921.0,26150.0,771.0,1158.0,387.0,25786.0,771.0,771.0,0.0,0.0,0.0,0.0,26173.0,68294.0,3.0,10000.0,0.0,26921.0,0.0,0.0,0.0,0.0,0.0,26173.0,0.0,0.0,0.0,0.0,39532.0,28762.0,0.0,0.0,0.0,0.0,387.0,771.0,0.0,0.0,0.0,0.0
private_v8,8,torus3d_xbiased,0.15,8,10000,8,4,4,0,1.0,3,1,0,96000.0,95820.0,95344.0,0.998125,0.9950323523272803,0.0744875,2.000168,44.978866,46.979034,3.053218,17158.0,5931.0,0.0,0.0,0.0,0.0,0.0,0.0,0.0,0.0,0.0,0.0,0.0,0.0,0.0,0.0,0.0,10000.0,0.0,0.0,0.0,0.0,0.0,0.0,0.0,0.0,0.0,0.0,0.0,0.0,0.0,0.0,0.0,0.0,0.0,0.0,0.0,0.0,0.0,0.0,0.0,0.0
private_v8,8,torus3d_xbiased,0.15,8,10000,8,4,4,0,1.0,3,2,0,96000.0,95367.0,94924.0,0.99340625,0.9953547872953957,0.074159375,2.000074,44.951593,46.951667,3.053032,17094.0,5904.0,0.0,0.0,0.0,0.0,0.0,0.0,0.0,0.0,0.0,0.0,0.0,0.0,0.0,0.0,0.0,10000.0,0.0,0.0,0.0,0.0,0.0,0.0,0.0,0.0,0.0,0.0,0.0,0.0,0.0,0.0,0.0,0.0,0.0,0.0,0.0,0.0,0.0,0.0,0.0,0.0
private_v8,8,torus3d_xbiased,0.15,8,10000,8,4,4,0,1.0,3,3,0,96000.0,95941.0,95518.0,0.9993854166666667,0.9955910403268675,0.0746234375,2.000168,44.948764,46.948931,3.052346,17004.0,5881.0,0.0,0.0,0.0,0.0,0.0,0.0,0.0,0.0,0.0,0.0,0.0,0.0,0.0,0.0,0.0,10000.0,0.0,0.0,0.0,0.0,0.0,0.0,0.0,0.0,0.0,0.0,0.0,0.0,0.0,0.0,0.0,0.0,0.0,0.0,0.0,0.0,0.0,0.0,0.0,0.0
private_v8,8,torus3d_xbiased,0.18,8,10000,8,4,4,0,1.0,3,1,0,115200.0,115130.0,114608.0,0.9993923611111111,0.9954659949622167,0.0895375,2.000332,45.992714,47.993046,3.089348,34352.0,11769.0,0.0,0.0,0.0,0.0,0.0,0.0,0.0,0.0,0.0,0.0,0.0,0.0,0.0,0.0,0.0,10000.0,0.0,0.0,0.0,0.0,0.0,0.0,0.0,0.0,0.0,0.0,0.0,0.0,0.0,0.0,0.0,0.0,0.0,0.0,0.0,0.0,0.0,0.0,0.0,0.0
private_v8,8,torus3d_xbiased,0.18,8,10000,8,4,4,0,1.0,3,2,0,115200.0,114622.0,114106.0,0.9949826388888889,0.9954982464099388,0.0891453125,2.000561,45.898042,47.898603,3.085797,33347.0,11457.0,0.0,0.0,0.0,0.0,0.0,0.0,0.0,0.0,0.0,0.0,0.0,0.0,0.0,0.0,0.0,10000.0,0.0,0.0,0.0,0.0,0.0,0.0,0.0,0.0,0.0,0.0,0.0,0.0,0.0,0.0,0.0,0.0,0.0,0.0,0.0,0.0,0.0,0.0,0.0,0.0
private_v8,8,torus3d_xbiased,0.18,8,10000,8,4,4,0,1.0,3,3,0,115200.0,115042.0,114522.0,0.9986284722222222,0.9954799116844283,0.0894703125,2.000262,45.919378,47.91964,3.088769,34054.0,11710.0,0.0,0.0,0.0,0.0,0.0,0.0,0.0,0.0,0.0,0.0,0.0,0.0,0.0,0.0,0.0,10000.0,0.0,0.0,0.0,0.0,0.0,0.0,0.0,0.0,0.0,0.0,0.0,0.0,0.0,0.0,0.0,0.0,0.0,0.0,0.0,0.0,0.0,0.0,0.0,0.0
private_v8,8,torus3d_xbiased,0.2,8,10000,8,4,4,0,1.0,3,1,0,128000.0,128081.0,127478.0,1.0006328125,0.995292041754827,0.0995921875,2.001694,47.367914,49.369609,3.113761,47849.0,16279.0,0.0,0.0,0.0,0.0,0.0,0.0,0.0,0.0,0.0,0.0,0.0,0.0,0.0,0.0,0.0,10000.0,0.0,0.0,0.0,0.0,0.0,0.0,0.0,0.0,0.0,0.0,0.0,0.0,0.0,0.0,0.0,0.0,0.0,0.0,0.0,0.0,0.0,0.0,0.0,0.0
private_v8,8,torus3d_xbiased,0.2,8,10000,8,4,4,0,1.0,3,2,0,128000.0,116339.0,115511.0,0.9088984375,0.9928828681697454,0.09024296875,37.585485,59.927392,97.512878,3.13171,48737.0,16227.0,0.0,0.0,0.0,0.0,0.0,0.0,0.0,0.0,0.0,0.0,0.0,0.0,0.0,0.0,0.0,10000.0,0.0,0.0,0.0,0.0,0.0,0.0,0.0,0.0,0.0,0.0,0.0,0.0,0.0,0.0,0.0,0.0,0.0,0.0,0.0,0.0,0.0,0.0,0.0,0.0
private_v8,8,torus3d_xbiased,0.2,8,10000,8,4,4,0,1.0,3,3,0,128000.0,112216.0,111306.0,0.8766875,0.991890639481001,0.0869578125,64.478573,66.258944,130.737516,3.144341,50234.0,16604.0,0.0,0.0,0.0,0.0,0.0,0.0,0.0,0.0,0.0,0.0,0.0,0.0,0.0,0.0,0.0,10000.0,0.0,0.0,0.0,0.0,0.0,0.0,0.0,0.0,0.0,0.0,0.0,0.0,0.0,0.0,0.0,0.0,0.0,0.0,0.0,0.0,0.0,0.0,0.0,0.0
private_v8,8,torus3d_xbiased,0.25,8,10000,8,4,4,0,1.0,3,1,0,160000.0,28318.0,26400.0,0.1769875,0.9322692280528286,0.020625,2714.347235,583.69572,3298.042955,3.871288,63048.0,18334.0,0.0,0.0,0.0,0.0,0.0,0.0,0.0,0.0,0.0,0.0,0.0,0.0,0.0,0.0,0.0,10000.0,0.0,0.0,0.0,0.0,0.0,0.0,0.0,0.0,0.0,0.0,0.0,0.0,0.0,0.0,0.0,0.0,0.0,0.0,0.0,0.0,0.0,0.0,0.0,0.0
private_v8,8,torus3d_xbiased,0.25,8,10000,8,4,4,0,1.0,3,2,0,160000.0,28711.0,26804.0,0.17944375,0.9335794643168124,0.020940625,2652.212506,573.248396,3225.460901,3.860767,63118.0,18318.0,0.0,0.0,0.0,0.0,0.0,0.0,0.0,0.0,0.0,0.0,0.0,0.0,0.0,0.0,0.0,10000.0,0.0,0.0,0.0,0.0,0.0,0.0,0.0,0.0,0.0,0.0,0.0,0.0,0.0,0.0,0.0,0.0,0.0,0.0,0.0,0.0,0.0,0.0,0.0,0.0
private_v8,8,torus3d_xbiased,0.25,8,10000,8,4,4,0,1.0,3,3,0,160000.0,27826.0,25908.0,0.1739125,0.9310716595989362,0.020240625,2791.12664,597.300795,3388.427436,3.890536,63055.0,18326.0,0.0,0.0,0.0,0.0,0.0,0.0,0.0,0.0,0.0,0.0,0.0,0.0,0.0,0.0,0.0,10000.0,0.0,0.0,0.0,0.0,0.0,0.0,0.0,0.0,0.0,0.0,0.0,0.0,0.0,0.0,0.0,0.0,0.0,0.0,0.0,0.0,0.0,0.0,0.0,0.0
dpphys_pressure_v8,8,torus3d_xbiased,0.15,8,10000,8,4,4,0,1.0,3,1,0,96000.0,95820.0,95330.0,0.998125,0.9948862450427886,0.0744765625,2.000178,46.719217,48.719396,3.024567,8382.0,3027.0,119414.0,119014.0,400.0,679.0,279.0,119000.0,400.0,400.0,0.0,0.0,0.0,0.0,119279.0,169641.0,1.0,10000.0,0.0,119414.0,0.0,0.0,0.0,0.0,0.0,119279.0,0.0,0.0,0.0,0.0,4099.0,165542.0,0.0,0.0,0.0,0.0,279.0,400.0,0.0,0.0,0.0,0.0
dpphys_pressure_v8,8,torus3d_xbiased,0.15,8,10000,8,4,4,0,1.0,3,2,0,96000.0,95367.0,94915.0,0.99340625,0.9952604150282592,0.07415234375,2.000074,46.711921,48.711995,3.025813,8340.0,2960.0,118604.0,118218.0,386.0,650.0,264.0,118222.0,386.0,386.0,0.0,0.0,0.0,0.0,118486.0,169243.0,1.0,10000.0,0.0,118604.0,0.0,0.0,0.0,0.0,0.0,118486.0,0.0,0.0,0.0,0.0,4253.0,164990.0,0.0,0.0,0.0,0.0,264.0,386.0,0.0,0.0,0.0,0.0
dpphys_pressure_v8,8,torus3d_xbiased,0.15,8,10000,8,4,4,0,1.0,3,3,0,96000.0,95941.0,95497.0,0.9993854166666667,0.9953721558040879,0.07460703125,2.000147,46.738641,48.738788,3.027917,8727.0,3039.0,119587.0,119182.0,405.0,683.0,278.0,119194.0,405.0,405.0,0.0,0.0,0.0,0.0,119472.0,170229.0,1.0,10000.0,0.0,119587.0,0.0,0.0,0.0,0.0,0.0,119472.0,0.0,0.0,0.0,0.0,4578.0,165651.0,0.0,0.0,0.0,0.0,278.0,405.0,0.0,0.0,0.0,0.0
dpphys_pressure_v8,8,torus3d_xbiased,0.18,8,10000,8,4,4,0,1.0,3,1,0,115200.0,115130.0,114585.0,0.9993923611111111,0.9952662207938852,0.08951953125,2.000297,47.495283,49.49558,3.054894,20544.0,7137.0,158662.0,157488.0,1174.0,2225.0,1051.0,157463.0,1174.0,1174.0,0.0,0.0,0.0,0.0,158514.0,192220.0,1.0,10000.0,0.0,158662.0,0.0,0.0,0.0,0.0,0.0,158514.0,0.0,0.0,0.0,0.0,10932.0,181288.0,0.0,0.0,0.0,0.0,1051.0,1174.0,0.0,0.0,0.0,0.0
dpphys_pressure_v8,8,torus3d_xbiased,0.18,8,10000,8,4,4,0,1.0,3,2,0,115200.0,114622.0,114080.0,0.9949826388888889,0.9952714138647031,0.089125,2.000272,47.447677,49.447949,3.051946,19786.0,6941.0,157661.0,156563.0,1098.0,2074.0,976.0,156528.0,1098.0,1098.0,0.0,0.0,0.0,0.0,157504.0,191316.0,1.0,10000.0,0.0,157661.0,0.0,0.0,0.0,0.0,0.0,157504.0,0.0,0.0,0.0,0.0,10241.0,181075.0,0.0,0.0,0.0,0.0,976.0,1098.0,0.0,0.0,0.0,0.0
dpphys_pressure_v8,8,torus3d_xbiased,0.18,8,10000,8,4,4,0,1.0,3,3,0,115200.0,115042.0,114492.0,0.9986284722222222,0.99521913735853,0.089446875,2.000166,47.449787,49.449953,3.054257,20230.0,7022.0,158732.0,157601.0,1131.0,2142.0,1011.0,157568.0,1131.0,1131.0,0.0,0.0,0.0,0.0,158579.0,191816.0,1.0,10000.0,0.0,158732.0,0.0,0.0,0.0,0.0,0.0,158579.0,0.0,0.0,0.0,0.0,10756.0,181060.0,0.0,0.0,0.0,0.0,1011.0,1131.0,0.0,0.0,0.0,0.0
dpphys_pressure_v8,8,torus3d_xbiased,0.2,8,10000,8,4,4,0,1.0,3,1,0,128000.0,128081.0,127480.0,1.0006328125,0.9953076568733848,0.09959375,2.00058,48.320827,50.321407,3.074208,31447.0,10939.0,184123.0,181973.0,2150.0,4180.0,2030.0,181920.0,2150.0,2150.0,0.0,0.0,0.0,0.0,183950.0,208710.0,1.0,10000.0,0.0,184123.0,0.0,0.0,0.0,0.0,0.0,183950.0,0.0,0.0,0.0,0.0,16461.0,192249.0,0.0,0.0,0.0,0.0,2030.0,2150.0,0.0,0.0,0.0,0.0
dpphys_pressure_v8,8,torus3d_xbiased,0.2,8,10000,8,4,4,0,1.0,3,2,0,128000.0,127427.0,126813.0,0.9955234375,0.995181554929489,0.09907265625,2.000528,48.288196,50.288724,3.073794,30843.0,10764.0,182906.0,180601.0,2305.0,4491.0,2186.0,180551.0,2305.0,2305.0,0.0,0.0,0.0,0.0,182737.0,207840.0,1.0,10000.0,0.0,182906.0,0.0,0.0,0.0,0.0,0.0,182737.0,0.0,0.0,0.0,0.0,16337.0,191503.0,0.0,0.0,0.0,0.0,2186.0,2305.0,0.0,0.0,0.0,0.0
dpphys_pressure_v8,8,torus3d_xbiased,0.2,8,10000,8,4,4,0,1.0,3,3,0,128000.0,127759.0,127156.0,0.9981171875,0.9952801759562927,0.099340625,2.000598,48.274474,50.275072,3.074365,31306.0,10868.0,183309.0,181220.0,2089.0,4057.0,1968.0,181147.0,2089.0,2089.0,0.0,0.0,0.0,0.0,183115.0,208550.0,1.0,10000.0,0.0,183309.0,0.0,0.0,0.0,0.0,0.0,183115.0,0.0,0.0,0.0,0.0,16584.0,191966.0,0.0,0.0,0.0,0.0,1968.0,2089.0,0.0,0.0,0.0,0.0
dpphys_pressure_v8,8,torus3d_xbiased,0.25,8,10000,8,4,4,0,1.0,3,1,0,160000.0,32044.0,29986.0,0.200275,0.9357758082636375,0.0234265625,1955.688154,402.752885,2358.441039,3.534916,54187.0,17000.0,31720.0,31086.0,634.0,1140.0,506.0,30587.0,634.0,634.0,0.0,0.0,0.0,0.0,31093.0,75487.0,1.0,10000.0,0.0,31720.0,0.0,0.0,0.0,0.0,0.0,31093.0,0.0,0.0,0.0,0.0,39338.0,36149.0,0.0,0.0,0.0,0.0,506.0,634.0,0.0,0.0,0.0,0.0
dpphys_pressure_v8,8,torus3d_xbiased,0.25,8,10000,8,4,4,0,1.0,3,2,0,160000.0,31509.0,29446.0,0.19693125,0.9345266431813133,0.0230046875,2008.038919,410.165387,2418.204306,3.543843,54126.0,16962.0,30759.0,30172.0,587.0,1046.0,459.0,29668.0,587.0,587.0,0.0,0.0,0.0,0.0,30127.0,74805.0,1.0,10000.0,0.0,30759.0,0.0,0.0,0.0,0.0,0.0,30127.0,0.0,0.0,0.0,0.0,39333.0,35472.0,0.0,0.0,0.0,0.0,459.0,587.0,0.0,0.0,0.0,0.0
dpphys_pressure_v8,8,torus3d_xbiased,0.25,8,10000,8,4,4,0,1.0,3,3,0,160000.0,31715.0,29647.0,0.19821875,0.9347942613905093,0.02316171875,2001.205923,407.551557,2408.75748,3.542584,54222.0,16992.0,31160.0,30502.0,658.0,1188.0,530.0,30013.0,658.0,658.0,0.0,0.0,0.0,0.0,30543.0,75089.0,1.0,10000.0,0.0,31160.0,0.0,0.0,0.0,0.0,0.0,30543.0,0.0,0.0,0.0,0.0,39436.0,35653.0,0.0,0.0,0.0,0.0,530.0,658.0,0.0,0.0,0.0,0.0
dpphys_pressure_v8_full,8,torus3d_xbiased,0.15,8,10000,8,4,4,0,1.0,3,1,0,96000.0,95820.0,95336.0,0.998125,0.9949488624504279,0.07448125,2.000178,46.425401,48.425579,3.000734,251.0,86.0,125022.0,124517.0,505.0,506.0,1.0,124867.0,505.0,505.0,0.0,0.0,0.0,0.0,124868.0,161782.0,4.0,10000.0,0.0,125022.0,0.0,0.0,0.0,0.0,0.0,124868.0,0.0,0.0,0.0,0.0,119.0,161663.0,0.0,0.0,0.0,0.0,1.0,505.0,0.0,0.0,0.0,0.0
dpphys_pressure_v8_full,8,torus3d_xbiased,0.15,8,10000,8,4,4,0,1.0,3,2,0,96000.0,95367.0,94913.0,0.99340625,0.99523944341334,0.07415078125,2.000074,46.41694,48.417013,3.000548,197.0,75.0,124063.0,123563.0,500.0,501.0,1.0,123938.0,500.0,500.0,0.0,0.0,0.0,0.0,123939.0,161383.0,4.0,10000.0,0.0,124063.0,0.0,0.0,0.0,0.0,0.0,123939.0,0.0,0.0,0.0,0.0,90.0,161293.0,0.0,0.0,0.0,0.0,1.0,500.0,0.0,0.0,0.0,0.0
dpphys_pressure_v8_full,8,torus3d_xbiased,0.15,8,10000,8,4,4,0,1.0,3,3,0,96000.0,95941.0,95502.0,0.9993854166666667,0.9954242711666546,0.0746109375,2.000136,46.426515,48.426651,3.000817,241.0,82.0,125231.0,124725.0,506.0,513.0,7.0,125105.0,506.0,506.0,0.0,0.0,0.0,0.0,125112.0,161989.0,4.0,10000.0,0.0,125231.0,0.0,0.0,0.0,0.0,0.0,125112.0,0.0,0.0,0.0,0.0,127.0,161862.0,0.0,0.0,0.0,0.0,7.0,506.0,0.0,0.0,0.0,0.0
dpphys_pressure_v8_full,8,torus3d_xbiased,0.18,8,10000,8,4,4,0,1.0,3,1,0,115200.0,115130.0,114593.0,0.9993923611111111,0.9953357074611309,0.08952578125,2.000305,46.772892,48.773197,3.003316,1275.0,446.0,171558.0,171003.0,555.0,601.0,46.0,171354.0,555.0,555.0,0.0,0.0,0.0,0.0,171400.0,173411.0,4.0,10000.0,0.0,171558.0,0.0,0.0,0.0,0.0,0.0,171400.0,0.0,0.0,0.0,0.0,634.0,172777.0,0.0,0.0,0.0,0.0,46.0,555.0,0.0,0.0,0.0,0.0
dpphys_pressure_v8_full,8,torus3d_xbiased,0.18,8,10000,8,4,4,0,1.0,3,2,0,115200.0,114622.0,114091.0,0.9949826388888889,0.9953673814799952,0.08913359375,2.000202,46.738709,48.73891,3.002647,1051.0,389.0,170419.0,169873.0,546.0,585.0,39.0,170218.0,546.0,546.0,0.0,0.0,0.0,0.0,170257.0,172938.0,4.0,10000.0,0.0,170419.0,0.0,0.0,0.0,0.0,0.0,170257.0,0.0,0.0,0.0,0.0,514.0,172424.0,0.0,0.0,0.0,0.0,39.0,546.0,0.0,0.0,0.0,0.0
dpphys_pressure_v8_full,8,torus3d_xbiased,0.18,8,10000,8,4,4,0,1.0,3,3,0,115200.0,115042.0,114504.0,0.9986284722222222,0.9953234470888893,0.08945625,2.000166,46.736062,48.736228,3.002655,1162.0,425.0,171541.0,170994.0,547.0,587.0,40.0,171332.0,547.0,547.0,0.0,0.0,0.0,0.0,171372.0,173126.0,4.0,10000.0,0.0,171541.0,0.0,0.0,0.0,0.0,0.0,171372.0,0.0,0.0,0.0,0.0,559.0,172567.0,0.0,0.0,0.0,0.0,40.0,547.0,0.0,0.0,0.0,0.0
dpphys_pressure_v8_full,8,torus3d_xbiased,0.2,8,10000,8,4,4,0,1.0,3,1,0,128000.0,128081.0,127490.0,1.0006328125,0.9953857324661738,0.0996015625,2.000471,47.072515,49.072986,3.007091,2939.0,1013.0,203463.0,202807.0,656.0,805.0,149.0,203113.0,656.0,656.0,0.0,0.0,0.0,0.0,203262.0,180844.0,4.0,10000.0,0.0,203463.0,0.0,0.0,0.0,0.0,0.0,203262.0,0.0,0.0,0.0,0.0,1539.0,179305.0,0.0,0.0,0.0,0.0,149.0,656.0,0.0,0.0,0.0,0.0
dpphys_pressure_v8_full,8,torus3d_xbiased,0.2,8,10000,8,4,4,0,1.0,3,2,0,128000.0,127427.0,126832.0,0.9955234375,0.995330659907241,0.0990875,2.000442,47.058581,49.059023,3.006875,2783.0,994.0,201939.0,201283.0,656.0,806.0,150.0,201599.0,656.0,656.0,0.0,0.0,0.0,0.0,201749.0,180351.0,4.0,10000.0,0.0,201939.0,0.0,0.0,0.0,0.0,0.0,201749.0,0.0,0.0,0.0,0.0,1483.0,178868.0,0.0,0.0,0.0,0.0,150.0,656.0,0.0,0.0,0.0,0.0
dpphys_pressure_v8_full,8,torus3d_xbiased,0.2,8,10000,8,4,4,0,1.0,3,3,0,128000.0,127759.0,127166.0,0.9981171875,0.9953584483284935,0.0993484375,2.000535,47.048732,49.049266,3.006873,2866.0,1004.0,202546.0,201883.0,663.0,819.0,156.0,202183.0,663.0,663.0,0.0,0.0,0.0,0.0,202339.0,180734.0,4.0,10000.0,0.0,202546.0,0.0,0.0,0.0,0.0,0.0,202339.0,0.0,0.0,0.0,0.0,1499.0,179235.0,0.0,0.0,0.0,0.0,156.0,663.0,0.0,0.0,0.0,0.0
dpphys_pressure_v8_full,8,torus3d_xbiased,0.25,8,10000,8,4,4,0,1.0,3,1,0,160000.0,159975.0,159196.0,0.99984375,0.995130489138928,0.124371875,2.002481,48.239409,50.24189,3.026722,14243.0,5022.0,280409.0,278662.0,1747.0,2995.0,1248.0,278886.0,1747.0,1747.0,0.0,0.0,0.0,0.0,280134.0,202625.0,4.0,10000.0,0.0,280409.0,0.0,0.0,0.0,0.0,0.0,280134.0,0.0,0.0,0.0,0.0,7371.0,195254.0,0.0,0.0,0.0,0.0,1248.0,1747.0,0.0,0.0,0.0,0.0
dpphys_pressure_v8_full,8,torus3d_xbiased,0.25,8,10000,8,4,4,0,1.0,3,2,0,160000.0,159454.0,158670.0,0.9965875,0.995083221493346,0.1239609375,2.002256,48.255366,50.257623,3.025852,13956.0,4919.0,279037.0,277336.0,1701.0,2902.0,1201.0,277537.0,1701.0,1701.0,0.0,0.0,0.0,0.0,278738.0,202337.0,4.0,10000.0,0.0,279037.0,0.0,0.0,0.0,0.0,0.0,278738.0,0.0,0.0,0.0,0.0,7154.0,195183.0,0.0,0.0,0.0,0.0,1201.0,1701.0,0.0,0.0,0.0,0.0
dpphys_pressure_v8_full,8,torus3d_xbiased,0.25,8,10000,8,4,4,0,1.0,3,3,0,160000.0,159697.0,158945.0,0.99810625,0.9952910824874607,0.12417578125,2.002246,48.261241,50.263487,3.027909,14552.0,5003.0,279609.0,277773.0,1836.0,3168.0,1332.0,278000.0,1836.0,1836.0,0.0,0.0,0.0,0.0,279332.0,202875.0,4.0,10000.0,0.0,279609.0,0.0,0.0,0.0,0.0,0.0,279332.0,0.0,0.0,0.0,0.0,7726.0,195149.0,0.0,0.0,0.0,0.0,1332.0,1836.0,0.0,0.0,0.0,0.0
