mode,policy,reserve,pool_slots,pair_slots,pattern,link_latency,injection_rate,vcs_per_vnet,sim_cycles,random_seed,deadlock,exit_code,wall_seconds,expected_generated,packets_injected,packets_received,injection_acceptance,delivery_ratio,throughput,queueing_latency,network_latency,packet_latency,average_hops,escape_hops,escape_transitions,grants_migrated,credits_returned,pool_full_blocks,borrowed_peak,grant_queue_mean,grant_queue_max,return_credit_conflicts,received_east,received_west,received_north,received_south,received_up,received_down,received_dir_total,sim_ticks
PRIV-v2,private,,0,4,torus3d_xopposite,8,0.05,2,10000,1,0,0,10.143,16000.0,15921.0,15858.0,0.9950625,0.9960429621254946,0.024778125,9.455732,35.978497,45.434229,2.097364,5080.0,3223.0,0.0,0.0,0.0,0.0,nan,nan,0.0,0.0,0.0,0.0,0.0,0.0,0.0,0.0,10000.0
PRIV-v2,private,,0,4,torus3d_xopposite,8,0.1,2,10000,1,0,0,10.395,32000.0,31351.0,31226.0,0.97971875,0.9960128863513126,0.048790625,116.119164,36.399763,152.518927,2.11452,10375.0,6292.0,0.0,0.0,0.0,0.0,nan,nan,0.0,0.0,0.0,0.0,0.0,0.0,0.0,0.0,10000.0
PRIV-v2,private,,0,4,torus3d_xopposite,8,0.15,2,10000,1,0,0,10.853,48000.0,33621.0,33498.0,0.7004375,0.996341572231641,0.052340625,1466.637829,35.706042,1502.343871,2.053436,4584.0,2676.0,0.0,0.0,0.0,0.0,nan,nan,0.0,0.0,0.0,0.0,0.0,0.0,0.0,0.0,10000.0
PRIV-v2,private,,0,4,torus3d_xopposite,8,0.2,2,10000,1,0,0,10.766,64000.0,33669.0,33546.0,0.526078125,0.9963467878463869,0.052415625,2343.072497,35.502027,2378.574525,2.036129,3468.0,2226.0,0.0,0.0,0.0,0.0,nan,nan,0.0,0.0,0.0,0.0,0.0,0.0,0.0,0.0,10000.0
PRIV-v2,private,,0,4,torus3d_xopposite,8,0.25,2,10000,1,0,0,10.992,80000.0,33685.0,33559.0,0.4210625,0.9962594626688437,0.0524359375,2870.560446,35.757025,2906.317471,2.066629,6535.0,4226.0,0.0,0.0,0.0,0.0,nan,nan,0.0,0.0,0.0,0.0,0.0,0.0,0.0,0.0,10000.0
PRIV-v2,private,,0,4,torus3d_xopposite,8,0.3,2,10000,1,0,0,11.090,96000.0,33694.0,33575.0,0.3509791666666667,0.9964682139253279,0.0524609375,3221.215934,35.297305,3256.513239,2.026567,2185.0,1263.0,0.0,0.0,0.0,0.0,nan,nan,0.0,0.0,0.0,0.0,0.0,0.0,0.0,0.0,10000.0
PRIV-v2,private,,0,4,torus3d_xopposite,8,0.35,2,10000,1,0,0,11.060,112000.0,33699.0,33578.0,0.3008839285714286,0.996409389002641,0.052465625,3465.538329,35.300107,3500.838436,2.026386,2166.0,1253.0,0.0,0.0,0.0,0.0,nan,nan,0.0,0.0,0.0,0.0,0.0,0.0,0.0,0.0,10000.0
PRIV-v2,private,,0,4,torus3d_xopposite,8,0.4,2,10000,1,0,0,10.798,128000.0,33706.0,33584.0,0.263328125,0.9963804663858067,0.052475,3656.009528,35.016198,3691.025727,2.001191,146.0,98.0,0.0,0.0,0.0,0.0,nan,nan,0.0,0.0,0.0,0.0,0.0,0.0,0.0,0.0,10000.0
PRIV-v2,private,,0,4,torus3d_xopposite,8,0.45,2,10000,1,0,0,11.207,144000.0,33707.0,33585.0,0.23407638888888888,0.99638057376806,0.0524765625,3803.951943,35.273336,3839.225279,2.026202,1609.0,718.0,0.0,0.0,0.0,0.0,nan,nan,0.0,0.0,0.0,0.0,0.0,0.0,0.0,0.0,10000.0
PRIV-v2,private,,0,4,torus3d_xopposite,8,0.5,2,10000,1,0,0,11.216,160000.0,33707.0,33589.0,0.21066875,0.9964992434805827,0.0524828125,3930.096014,35.059275,3965.155289,2.004406,847.0,641.0,0.0,0.0,0.0,0.0,nan,nan,0.0,0.0,0.0,0.0,0.0,0.0,0.0,0.0,10000.0
PRIV-v2,private,,0,4,torus3d_xopposite,8,0.55,2,10000,1,0,0,11.423,176000.0,33715.0,33594.0,0.1915625,0.9964110929853182,0.052490625,4026.238078,35.442549,4061.680627,2.03203,1722.0,637.0,0.0,0.0,0.0,0.0,nan,nan,0.0,0.0,0.0,0.0,0.0,0.0,0.0,0.0,10000.0
PRIV-v2,private,,0,4,torus3d_xopposite,8,0.6,2,10000,1,0,0,11.178,192000.0,33720.0,33595.0,0.175625,0.9962930011862396,0.0524921875,4106.762018,35.866379,4142.628397,2.062866,3279.0,1156.0,0.0,0.0,0.0,0.0,nan,nan,0.0,0.0,0.0,0.0,0.0,0.0,0.0,0.0,10000.0
PRIV-v2,private,,0,4,torus3d_xopposite,8,0.65,2,10000,1,0,0,11.598,208000.0,33722.0,33595.0,0.162125,0.996233912579325,0.0524921875,4173.904212,35.866438,4209.77065,2.062866,3279.0,1156.0,0.0,0.0,0.0,0.0,nan,nan,0.0,0.0,0.0,0.0,0.0,0.0,0.0,0.0,10000.0
PRIV-v2,private,,0,4,torus3d_xopposite,8,0.7,2,10000,1,0,0,11.364,224000.0,33724.0,33596.0,0.15055357142857143,0.9962044834539201,0.05249375,4231.956066,35.866413,4267.822479,2.062865,3279.0,1156.0,0.0,0.0,0.0,0.0,nan,nan,0.0,0.0,0.0,0.0,0.0,0.0,0.0,0.0,10000.0
PRIV-v2,private,,0,4,torus3d_xopposite,8,0.75,2,10000,1,0,0,11.529,240000.0,33727.0,33598.0,0.14052916666666668,0.9961751712277996,0.052496875,4280.563724,35.453628,4316.017352,2.032323,1732.0,638.0,0.0,0.0,0.0,0.0,nan,nan,0.0,0.0,0.0,0.0,0.0,0.0,0.0,0.0,10000.0
PRIV-v2,private,,0,4,torus3d_xopposite,8,0.8,2,10000,1,0,0,11.561,256000.0,33728.0,33598.0,0.13175,0.9961456356736242,0.052496875,4323.775463,35.453628,4359.229091,2.032323,1732.0,638.0,0.0,0.0,0.0,0.0,nan,nan,0.0,0.0,0.0,0.0,0.0,0.0,0.0,0.0,10000.0
PRIV-v2,private,,0,4,torus3d_xopposite,8,0.85,2,10000,1,0,0,11.544,272000.0,33728.0,33598.0,0.124,0.9961456356736242,0.052496875,4362.230907,35.453628,4397.684535,2.032323,1732.0,638.0,0.0,0.0,0.0,0.0,nan,nan,0.0,0.0,0.0,0.0,0.0,0.0,0.0,0.0,10000.0
PRIV-v2,private,,0,4,torus3d_xopposite,8,0.9,2,10000,1,0,0,11.807,288000.0,33728.0,33598.0,0.11711111111111111,0.9961456356736242,0.052496875,4396.454134,35.453747,4431.907881,2.032323,1732.0,638.0,0.0,0.0,0.0,0.0,nan,nan,0.0,0.0,0.0,0.0,0.0,0.0,0.0,0.0,10000.0
PRIV-v2,private,,0,4,torus3d_xopposite,8,0.95,2,10000,1,0,0,11.777,304000.0,33728.0,33598.0,0.11094736842105263,0.9961456356736242,0.052496875,4426.824632,35.453747,4462.27838,2.032323,1732.0,638.0,0.0,0.0,0.0,0.0,nan,nan,0.0,0.0,0.0,0.0,0.0,0.0,0.0,0.0,10000.0
PRIV-v2,private,,0,4,torus3d_xopposite,8,1.0,2,10000,1,0,0,11.818,320000.0,33728.0,33598.0,0.1054,0.9961456356736242,0.052496875,4455.221144,35.453747,4490.674891,2.032323,1732.0,638.0,0.0,0.0,0.0,0.0,nan,nan,0.0,0.0,0.0,0.0,0.0,0.0,0.0,0.0,10000.0
STV-r1p2,starve,1,2,4,torus3d_xopposite,8,0.05,4,10000,1,0,0,11.241,16000.0,15920.0,15853.0,0.995,0.9957914572864321,0.0247703125,9.66694,36.715322,46.382262,2.13827,9637.0,5954.0,17803.0,135322.0,0.0,1.0,0.275484,3.0,47463.0,7974.0,7894.0,0.0,0.0,0.0,0.0,15868.0,10000.0
STV-r1p2,starve,1,2,4,torus3d_xopposite,8,0.1,4,10000,1,0,0,11.803,32000.0,31217.0,31089.0,0.97553125,0.9958996700515744,0.0485765625,134.24922,37.827592,172.076812,2.163273,21900.0,13832.0,20937.0,128199.0,0.0,1.0,0.265751,3.0,47810.0,15562.0,15556.0,0.0,0.0,0.0,0.0,31118.0,10000.0
STV-r1p2,starve,1,2,4,torus3d_xopposite,8,0.15,4,10000,1,0,0,11.902,48000.0,33393.0,33268.0,0.6956875,0.996256700506094,0.05198125,1496.892119,36.553775,1533.445894,2.08675,12524.0,8019.0,16159.0,126578.0,0.0,1.0,0.265193,3.0,47129.0,16696.0,16604.0,0.0,0.0,0.0,0.0,33300.0,10000.0
STV-r1p2,starve,1,2,4,torus3d_xopposite,8,0.2,4,10000,1,0,0,12.102,64000.0,33337.0,33210.0,0.520890625,0.996190419053904,0.051890625,2373.323999,36.997952,2410.321951,2.111412,16483.0,10573.0,23524.0,127046.0,0.0,1.0,0.265216,3.0,45483.0,16622.0,16622.0,0.0,0.0,0.0,0.0,33244.0,10000.0
STV-r1p2,starve,1,2,4,torus3d_xopposite,8,0.25,4,10000,1,0,0,12.145,80000.0,33462.0,33339.0,0.418275,0.996324188631881,0.0520921875,2891.580821,36.432047,2928.012868,2.079846,11705.0,7528.0,21913.0,126499.0,0.0,1.0,0.265618,3.0,45873.0,16722.0,16648.0,0.0,0.0,0.0,0.0,33370.0,10000.0
STV-r1p2,starve,1,2,4,torus3d_xopposite,8,0.3,4,10000,1,0,0,12.363,96000.0,33441.0,33317.0,0.34834375,0.996291976914566,0.0520578125,3239.640514,36.528229,3276.168743,2.087583,13005.0,8338.0,25109.0,126781.0,0.0,1.0,0.262261,3.0,47027.0,16699.0,16647.0,0.0,0.0,0.0,0.0,33346.0,10000.0
STV-r1p2,starve,1,2,4,torus3d_xopposite,8,0.35,4,10000,1,0,0,12.507,112000.0,33476.0,33352.0,0.2988928571428571,0.9962958537459673,0.0521125,3482.655313,36.363636,3519.018949,2.077716,11526.0,7346.0,24571.0,126631.0,0.0,1.0,0.265173,3.0,47426.0,16714.0,16666.0,0.0,0.0,0.0,0.0,33380.0,10000.0
STV-r1p2,starve,1,2,4,torus3d_xopposite,8,0.4,4,10000,1,0,0,12.306,128000.0,33452.0,33331.0,0.26134375,0.9963828769580294,0.0520796875,3672.402448,36.437041,3708.839489,2.080346,11452.0,7204.0,27584.0,126625.0,0.0,1.0,0.278287,3.0,43455.0,16695.0,16665.0,0.0,0.0,0.0,0.0,33360.0,10000.0
STV-r1p2,starve,1,2,4,torus3d_xopposite,8,0.45,4,10000,1,0,0,12.225,144000.0,33514.0,33392.0,0.23273611111111112,0.9963597302619801,0.052175,3818.000689,36.105414,3854.106103,2.061512,9102.0,5785.0,24992.0,126373.0,0.0,1.0,0.284707,3.0,44713.0,16721.0,16706.0,0.0,0.0,0.0,0.0,33427.0,10000.0
STV-r1p2,starve,1,2,4,torus3d_xopposite,8,0.5,4,10000,1,0,0,12.484,160000.0,33485.0,33361.0,0.20928125,0.9962968493355233,0.0521265625,3945.523695,36.306795,3981.830491,2.073319,10448.0,6636.0,34711.0,126551.0,0.0,1.0,0.284568,3.0,47510.0,16696.0,16698.0,0.0,0.0,0.0,0.0,33394.0,10000.0
STV-r1p2,starve,1,2,4,torus3d_xopposite,8,0.55,4,10000,1,0,0,12.555,176000.0,33448.0,33325.0,0.19004545454545455,0.996322650083712,0.0520703125,4043.737014,36.567322,4080.304336,2.087502,12090.0,7655.0,38528.0,126715.0,0.0,1.0,0.293598,3.0,49036.0,16685.0,16676.0,0.0,0.0,0.0,0.0,33361.0,10000.0
STV-r1p2,starve,1,2,4,torus3d_xopposite,8,0.6,4,10000,1,0,0,12.828,192000.0,33441.0,33315.0,0.174171875,0.9962321700906074,0.0520546875,4123.589194,36.587633,4160.176827,2.087888,12130.0,7673.0,44220.0,126735.0,0.0,1.0,0.295278,3.0,50405.0,16685.0,16665.0,0.0,0.0,0.0,0.0,33350.0,10000.0
STV-r1p2,starve,1,2,4,torus3d_xopposite,8,0.65,4,10000,1,0,0,12.728,208000.0,33405.0,33280.0,0.16060096153846154,0.9962580452028139,0.052,4190.233233,36.811749,4227.044982,2.099159,13730.0,8659.0,48820.0,126922.0,0.0,1.0,0.29574,3.0,50433.0,16666.0,16649.0,0.0,0.0,0.0,0.0,33315.0,10000.0
STV-r1p2,starve,1,2,4,torus3d_xopposite,8,0.7,4,10000,1,0,0,13.008,224000.0,33435.0,33309.0,0.14926339285714285,0.9962314939434724,0.0520453125,4247.858807,36.672761,4284.531568,2.092588,12878.0,8133.0,49596.0,126862.0,0.0,1.0,0.295673,3.0,50446.0,16697.0,16646.0,0.0,0.0,0.0,0.0,33343.0,10000.0
STV-r1p2,starve,1,2,4,torus3d_xopposite,8,0.75,4,10000,1,0,0,12.955,240000.0,33451.0,33326.0,0.13937916666666667,0.9962631909359959,0.052071875,4293.799436,36.568325,4330.367761,2.086299,11853.0,7469.0,51824.0,126705.0,0.0,1.0,0.295166,3.0,50421.0,16690.0,16667.0,0.0,0.0,0.0,0.0,33357.0,10000.0
STV-r1p2,starve,1,2,4,torus3d_xopposite,8,0.8,4,10000,1,0,0,12.715,256000.0,33456.0,33331.0,0.1306875,0.9962637494021999,0.0520796875,4337.774324,36.540608,4374.314932,2.083166,11703.0,7394.0,57401.0,126663.0,0.0,1.0,0.295261,3.0,50399.0,16692.0,16669.0,0.0,0.0,0.0,0.0,33361.0,10000.0
STV-r1p2,starve,1,2,4,torus3d_xopposite,8,0.85,4,10000,1,0,0,12.614,272000.0,33474.0,33348.0,0.12306617647058823,0.9962358845671268,0.05210625,4376.412229,36.462546,4412.874775,2.079645,11259.0,7120.0,59053.0,126609.0,0.0,1.0,0.295264,3.0,50385.0,16721.0,16658.0,0.0,0.0,0.0,0.0,33379.0,10000.0
STV-r1p2,starve,1,2,4,torus3d_xopposite,8,0.9,4,10000,1,0,0,12.504,288000.0,33488.0,33362.0,0.11627777777777777,0.9962374581939799,0.052128125,4410.262244,36.357712,4446.619957,2.074816,10532.0,6667.0,64033.0,126549.0,0.0,1.0,0.295439,3.0,50383.0,16741.0,16652.0,0.0,0.0,0.0,0.0,33393.0,10000.0
STV-r1p2,starve,1,2,4,torus3d_xopposite,8,0.95,4,10000,1,0,0,12.584,304000.0,33471.0,33347.0,0.11010197368421053,0.9962953004093096,0.0521046875,4439.213782,36.477824,4475.691606,2.081627,11650.0,7414.0,68123.0,126696.0,0.0,1.0,0.295232,3.0,50399.0,16720.0,16657.0,0.0,0.0,0.0,0.0,33377.0,10000.0
STV-r1p2,starve,1,2,4,torus3d_xopposite,8,1.0,4,10000,1,0,0,12.665,320000.0,33493.0,33369.0,0.104665625,0.9962977338548353,0.0521390625,4468.072462,36.281249,4504.353712,2.071444,10251.0,6512.0,68601.0,126568.0,0.0,1.0,0.295451,3.0,50383.0,16729.0,16671.0,0.0,0.0,0.0,0.0,33400.0,10000.0
PRIV-v2,private,,0,4,torus3d_tornado,8,0.05,2,10000,1,0,0,10.422,16000.0,15921.0,15841.0,0.9950625,0.9949751900006281,0.0247515625,9.467079,45.548892,55.015971,3.155041,7402.0,3915.0,0.0,0.0,0.0,0.0,nan,nan,0.0,0.0,0.0,0.0,0.0,0.0,0.0,0.0,10000.0
PRIV-v2,private,,0,4,torus3d_tornado,8,0.1,2,10000,1,0,0,10.961,32000.0,31349.0,31194.0,0.97965625,0.995055663657533,0.048740625,116.167693,47.339296,163.506989,3.294993,27580.0,13111.0,0.0,0.0,0.0,0.0,nan,nan,0.0,0.0,0.0,0.0,0.0,0.0,0.0,0.0,10000.0
PRIV-v2,private,,0,4,torus3d_tornado,8,0.15,2,10000,1,0,0,10.986,48000.0,33616.0,33453.0,0.7003333333333334,0.9951511185149928,0.0522703125,1465.129525,47.450782,1512.580307,3.301856,29645.0,13867.0,0.0,0.0,0.0,0.0,nan,nan,0.0,0.0,0.0,0.0,0.0,0.0,0.0,0.0,10000.0
PRIV-v2,private,,0,4,torus3d_tornado,8,0.2,2,10000,1,0,0,11.183,64000.0,33650.0,33492.0,0.52578125,0.9953046062407133,0.05233125,2340.808432,47.385495,2388.193927,3.298818,29527.0,13779.0,0.0,0.0,0.0,0.0,nan,nan,0.0,0.0,0.0,0.0,0.0,0.0,0.0,0.0,10000.0
PRIV-v2,private,,0,4,torus3d_tornado,8,0.25,2,10000,1,0,0,11.175,80000.0,33661.0,33490.0,0.4207625,0.9949199370191022,0.052328125,2867.109973,47.622156,2914.732129,3.311496,30786.0,14432.0,0.0,0.0,0.0,0.0,nan,nan,0.0,0.0,0.0,0.0,0.0,0.0,0.0,0.0,10000.0
PRIV-v2,private,,0,4,torus3d_tornado,8,0.3,2,10000,1,0,0,11.044,96000.0,33670.0,33506.0,0.35072916666666665,0.9951291951291952,0.052353125,3217.480004,47.480869,3264.960873,3.304662,30360.0,14062.0,0.0,0.0,0.0,0.0,nan,nan,0.0,0.0,0.0,0.0,0.0,0.0,0.0,0.0,10000.0
PRIV-v2,private,,0,4,torus3d_tornado,8,0.35,2,10000,1,0,0,11.257,112000.0,33668.0,33511.0,0.30060714285714285,0.9953368183438279,0.0523609375,3461.149802,47.623915,3508.773716,3.309988,30368.0,13883.0,0.0,0.0,0.0,0.0,nan,nan,0.0,0.0,0.0,0.0,0.0,0.0,0.0,0.0,10000.0
PRIV-v2,private,,0,4,torus3d_tornado,8,0.4,2,10000,1,0,0,11.163,128000.0,33671.0,33513.0,0.2630546875,0.9953075346737549,0.0523640625,3651.355951,47.595172,3698.951123,3.308835,30507.0,14089.0,0.0,0.0,0.0,0.0,nan,nan,0.0,0.0,0.0,0.0,0.0,0.0,0.0,0.0,10000.0
PRIV-v2,private,,0,4,torus3d_tornado,8,0.45,2,10000,1,0,0,11.268,144000.0,33676.0,33519.0,0.2338611111111111,0.9953379261194917,0.0523734375,3799.569647,47.491453,3847.0611,3.301441,30072.0,13891.0,0.0,0.0,0.0,0.0,nan,nan,0.0,0.0,0.0,0.0,0.0,0.0,0.0,0.0,10000.0
PRIV-v2,private,,0,4,torus3d_tornado,8,0.5,2,10000,1,0,0,11.219,160000.0,33679.0,33518.0,0.21049375,0.9952195730277027,0.052371875,3924.01453,47.468703,3971.483233,3.304016,30159.0,13822.0,0.0,0.0,0.0,0.0,nan,nan,0.0,0.0,0.0,0.0,0.0,0.0,0.0,0.0,10000.0
PRIV-v2,private,,0,4,torus3d_tornado,8,0.55,2,10000,1,0,0,11.309,176000.0,33676.0,33526.0,0.1913409090909091,0.9955457892861385,0.052384375,4021.468651,47.650361,4069.119012,3.313607,30768.0,14182.0,0.0,0.0,0.0,0.0,nan,nan,0.0,0.0,0.0,0.0,0.0,0.0,0.0,0.0,10000.0
PRIV-v2,private,,0,4,torus3d_tornado,8,0.6,2,10000,1,0,0,11.272,192000.0,33674.0,33516.0,0.17538541666666665,0.9953079527231692,0.05236875,4101.326501,47.49448,4148.820981,3.301289,30109.0,13920.0,0.0,0.0,0.0,0.0,nan,nan,0.0,0.0,0.0,0.0,0.0,0.0,0.0,0.0,10000.0
PRIV-v2,private,,0,4,torus3d_tornado,8,0.65,2,10000,1,0,0,11.444,208000.0,33676.0,33515.0,0.16190384615384615,0.995219147167122,0.0523671875,4168.261346,47.513084,4215.774429,3.299806,29860.0,13798.0,0.0,0.0,0.0,0.0,nan,nan,0.0,0.0,0.0,0.0,0.0,0.0,0.0,0.0,10000.0
PRIV-v2,private,,0,4,torus3d_tornado,8,0.7,2,10000,1,0,0,11.689,224000.0,33681.0,33516.0,0.15036160714285715,0.9951010955731718,0.05236875,4225.780463,47.415921,4273.196384,3.296097,29566.0,13402.0,0.0,0.0,0.0,0.0,nan,nan,0.0,0.0,0.0,0.0,0.0,0.0,0.0,0.0,10000.0
PRIV-v2,private,,0,4,torus3d_tornado,8,0.75,2,10000,1,0,0,11.727,240000.0,33671.0,33518.0,0.14029583333333334,0.9954560304119272,0.052371875,4275.216719,47.484516,4322.701235,3.298108,29941.0,13538.0,0.0,0.0,0.0,0.0,nan,nan,0.0,0.0,0.0,0.0,0.0,0.0,0.0,0.0,10000.0
PRIV-v2,private,,0,4,torus3d_tornado,8,0.8,2,10000,1,0,0,11.465,256000.0,33667.0,33515.0,0.13151171875,0.9954851932159088,0.0523671875,4318.697628,47.537819,4366.235447,3.303924,29953.0,13451.0,0.0,0.0,0.0,0.0,nan,nan,0.0,0.0,0.0,0.0,0.0,0.0,0.0,0.0,10000.0
PRIV-v2,private,,0,4,torus3d_tornado,8,0.85,2,10000,1,0,0,11.632,272000.0,33668.0,33518.0,0.12377941176470589,0.9955447309017464,0.052371875,4357.747688,47.386598,4405.134286,3.293037,29470.0,13335.0,0.0,0.0,0.0,0.0,nan,nan,0.0,0.0,0.0,0.0,0.0,0.0,0.0,0.0,10000.0
PRIV-v2,private,,0,4,torus3d_tornado,8,0.9,2,10000,1,0,0,11.816,288000.0,33664.0,33508.0,0.11688888888888889,0.995365969581749,0.05235625,4391.731199,47.478662,4439.20986,3.298675,29820.0,13534.0,0.0,0.0,0.0,0.0,nan,nan,0.0,0.0,0.0,0.0,0.0,0.0,0.0,0.0,10000.0
PRIV-v2,private,,0,4,torus3d_tornado,8,0.95,2,10000,1,0,0,11.701,304000.0,33667.0,33519.0,0.1107467105263158,0.9956040039207532,0.0523734375,4422.631851,47.401653,4470.033503,3.292371,29234.0,13088.0,0.0,0.0,0.0,0.0,nan,nan,0.0,0.0,0.0,0.0,0.0,0.0,0.0,0.0,10000.0
PRIV-v2,private,,0,4,torus3d_tornado,8,1.0,2,10000,1,0,0,11.633,320000.0,33667.0,33512.0,0.105209375,0.9953960851872754,0.0523625,4449.988183,47.490421,4497.478605,3.296371,29784.0,13504.0,0.0,0.0,0.0,0.0,nan,nan,0.0,0.0,0.0,0.0,0.0,0.0,0.0,0.0,10000.0
STV-r1p2,starve,1,2,4,torus3d_tornado,8,0.05,4,10000,1,0,0,11.701,16000.0,15921.0,15834.0,0.9950625,0.994535519125683,0.024740625,9.563471,49.417582,58.981053,3.489579,22595.0,9314.0,51479.0,127451.0,0.0,1.0,0.074048,3.0,11950.0,474.0,3499.0,653.0,4193.0,1307.0,5721.0,15847.0,10000.0
STV-r1p2,starve,1,2,4,torus3d_tornado,8,0.1,4,10000,1,0,0,12.063,32000.0,31174.0,30992.0,0.9741875,0.994161801501251,0.048425,139.132615,56.178304,195.310919,3.768263,68291.0,24515.0,83306.0,121498.0,0.0,1.0,0.083325,3.0,11543.0,816.0,4545.0,1668.0,6943.0,3970.0,13073.0,31015.0,10000.0
STV-r1p2,starve,1,2,4,torus3d_tornado,8,0.15,4,10000,1,0,0,12.334,48000.0,32922.0,32730.0,0.685875,0.9941680335338072,0.051140625,1531.517171,57.359639,1588.87681,3.793217,74562.0,26462.0,87148.0,121351.0,0.0,1.0,0.084988,3.0,11602.0,864.0,4600.0,1783.0,7163.0,4316.0,14032.0,32758.0,10000.0
STV-r1p2,starve,1,2,4,torus3d_tornado,8,0.2,4,10000,1,0,0,12.227,64000.0,32960.0,32766.0,0.515,0.9941140776699029,0.051196875,2388.96301,57.520143,2446.483153,3.793994,74692.0,26465.0,88115.0,121276.0,0.0,1.0,0.084049,3.0,11851.0,843.0,4740.0,1775.0,7159.0,4340.0,13942.0,32799.0,10000.0
STV-r1p2,starve,1,2,4,torus3d_tornado,8,0.25,4,10000,1,0,0,12.360,80000.0,32981.0,32789.0,0.4122625,0.9941784663897395,0.0512328125,2903.990942,57.344902,2961.335844,3.79423,74793.0,26477.0,89368.0,121420.0,0.0,1.0,0.083989,3.0,11278.0,921.0,4621.0,1812.0,7033.0,4322.0,14106.0,32815.0,10000.0
STV-r1p2,starve,1,2,4,torus3d_tornado,8,0.3,4,10000,1,0,0,12.534,96000.0,32997.0,32806.0,0.34371875,0.9942115949934842,0.051259375,3248.34954,57.185789,3305.535329,3.796257,74968.0,26481.0,89780.0,121477.0,0.0,1.0,0.084616,3.0,11021.0,892.0,4620.0,1773.0,7065.0,4329.0,14151.0,32830.0,10000.0
STV-r1p2,starve,1,2,4,torus3d_tornado,8,0.35,4,10000,1,0,0,12.519,112000.0,33003.0,32809.0,0.29466964285714287,0.9941217465078932,0.0512640625,3485.116157,57.221555,3542.337712,3.792587,74758.0,26492.0,90826.0,121521.0,0.0,1.0,0.084296,3.0,10877.0,891.0,4751.0,1664.0,7131.0,4310.0,14093.0,32840.0,10000.0
STV-r1p2,starve,1,2,4,torus3d_tornado,8,0.4,4,10000,1,0,0,12.540,128000.0,32988.0,32802.0,0.25771875,0.9943615860312841,0.051253125,3675.063655,57.277331,3732.340985,3.794769,74790.0,26426.0,91719.0,121531.0,0.0,1.0,0.084269,3.0,8965.0,875.0,4582.0,1788.0,7183.0,4325.0,14071.0,32824.0,10000.0
STV-r1p2,starve,1,2,4,torus3d_tornado,8,0.45,4,10000,1,0,0,12.485,144000.0,32978.0,32780.0,0.22901388888888888,0.9939959973315544,0.05121875,3818.170134,57.439719,3875.609854,3.79457,74766.0,26560.0,93779.0,121513.0,0.0,1.0,0.084889,3.0,9051.0,840.0,4599.0,1799.0,7169.0,4311.0,14093.0,32811.0,10000.0
STV-r1p2,starve,1,2,4,torus3d_tornado,8,0.5,4,10000,1,0,0,12.708,160000.0,32995.0,32798.0,0.20621875,0.994029398393696,0.051246875,3938.609885,57.218519,3995.828404,3.793219,74781.0,26499.0,94700.0,121625.0,0.0,1.0,0.085223,3.0,8881.0,893.0,4674.0,1839.0,7026.0,4317.0,14083.0,32832.0,10000.0
STV-r1p2,starve,1,2,4,torus3d_tornado,8,0.55,4,10000,1,0,0,12.698,176000.0,33005.0,32804.0,0.1875284090909091,0.9939100136342979,0.05125625,4031.147482,57.434764,4088.582246,3.793501,74777.0,26591.0,95351.0,121535.0,0.0,1.0,0.084639,3.0,8339.0,898.0,4627.0,1796.0,7068.0,4340.0,14109.0,32838.0,10000.0
STV-r1p2,starve,1,2,4,torus3d_tornado,8,0.6,4,10000,1,0,0,12.627,192000.0,32979.0,32784.0,0.171765625,0.9940871463658691,0.051225,4115.070919,57.371889,4172.442807,3.794778,74782.0,26550.0,97476.0,121681.0,0.0,1.0,0.082365,3.0,8064.0,899.0,4616.0,1769.0,7307.0,4330.0,13892.0,32813.0,10000.0
STV-r1p2,starve,1,2,4,torus3d_tornado,8,0.65,4,10000,1,0,0,13.088,208000.0,33012.0,32822.0,0.15871153846153846,0.9942445171452805,0.051284375,4181.36835,57.317135,4238.685485,3.795137,74854.0,26545.0,96880.0,121563.0,0.0,1.0,0.082565,3.0,7971.0,895.0,4609.0,1809.0,7202.0,4328.0,14009.0,32852.0,10000.0
STV-r1p2,starve,1,2,4,torus3d_tornado,8,0.7,4,10000,1,0,0,12.998,224000.0,33006.0,32816.0,0.1473482142857143,0.9942434708840817,0.051275,4235.959776,57.228517,4293.188292,3.791504,74714.0,26478.0,97964.0,121677.0,0.0,1.0,0.083427,3.0,8144.0,892.0,4707.0,1782.0,6997.0,4300.0,14167.0,32845.0,10000.0
STV-r1p2,starve,1,2,4,torus3d_tornado,8,0.75,4,10000,1,0,0,13.023,240000.0,33018.0,32823.0,0.137575,0.9940941304742867,0.0512859375,4285.001767,57.356335,4342.358103,3.795601,74977.0,26493.0,98349.0,121562.0,0.0,1.0,0.082539,3.0,8327.0,838.0,4626.0,1752.0,7128.0,4342.0,14168.0,32854.0,10000.0
STV-r1p2,starve,1,2,4,torus3d_tornado,8,0.8,4,10000,1,0,0,13.153,256000.0,32995.0,32801.0,0.12888671875,0.9941203212607971,0.0512515625,4325.478766,57.280144,4382.75891,3.793025,74735.0,26615.0,99572.0,121687.0,0.0,1.0,0.081668,3.0,8159.0,891.0,4600.0,1862.0,7030.0,4329.0,14122.0,32834.0,10000.0
STV-r1p2,starve,1,2,4,torus3d_tornado,8,0.85,4,10000,1,0,0,12.978,272000.0,32990.0,32796.0,0.12128676470588236,0.9941194301303425,0.05124375,4366.359983,57.384681,4423.744664,3.794365,74810.0,26545.0,99533.0,121597.0,0.0,1.0,0.082133,3.0,8027.0,898.0,4505.0,1800.0,7184.0,4330.0,14116.0,32833.0,10000.0
STV-r1p2,starve,1,2,4,torus3d_tornado,8,0.9,4,10000,1,0,0,13.123,288000.0,33026.0,32833.0,0.11467361111111112,0.9941561194210622,0.0513015625,4396.686809,57.19584,4453.882649,3.793409,74818.0,26418.0,98983.0,121645.0,0.0,1.0,0.082038,3.0,8102.0,812.0,4633.0,1890.0,7034.0,4308.0,14187.0,32864.0,10000.0
STV-r1p2,starve,1,2,4,torus3d_tornado,8,0.95,4,10000,1,0,0,13.359,304000.0,33018.0,32830.0,0.10861184210526316,0.9943061360470047,0.051296875,4424.862747,57.228419,4482.091167,3.794883,74874.0,26640.0,100507.0,121696.0,0.0,1.0,0.082742,3.0,8350.0,851.0,4595.0,1788.0,7152.0,4318.0,14154.0,32858.0,10000.0
STV-r1p2,starve,1,2,4,torus3d_tornado,8,1.0,4,10000,1,0,0,13.138,320000.0,33003.0,32819.0,0.103134375,0.9944247492652183,0.0512796875,4457.789756,57.308845,4515.098601,3.792529,74687.0,26616.0,99803.0,121667.0,0.0,1.0,0.081692,3.0,8067.0,882.0,4551.0,1806.0,7224.0,4323.0,14061.0,32847.0,10000.0
PRIV-v2,private,,0,4,torus3d_transpose,8,0.05,2,10000,1,0,0,10.346,16000.0,15921.0,15840.0,0.9950625,0.994912379875636,0.02475,9.46048,44.748674,54.209154,3.073864,4126.0,2286.0,0.0,0.0,0.0,0.0,nan,nan,0.0,0.0,0.0,0.0,0.0,0.0,0.0,0.0,10000.0
PRIV-v2,private,,0,4,torus3d_transpose,8,0.1,2,10000,1,0,0,10.568,32000.0,31347.0,31191.0,0.97959375,0.9950234472198296,0.0487359375,116.182264,45.755378,161.937642,3.142124,14559.0,7370.0,0.0,0.0,0.0,0.0,nan,nan,0.0,0.0,0.0,0.0,0.0,0.0,0.0,0.0,10000.0
PRIV-v2,private,,0,4,torus3d_transpose,8,0.15,2,10000,1,0,0,11.145,48000.0,33610.0,33457.0,0.7002083333333333,0.9954477833977983,0.0522765625,1466.366052,45.842126,1512.208178,3.148639,16211.0,8157.0,0.0,0.0,0.0,0.0,nan,nan,0.0,0.0,0.0,0.0,0.0,0.0,0.0,0.0,10000.0
PRIV-v2,private,,0,4,torus3d_transpose,8,0.2,2,10000,1,0,0,11.202,64000.0,33653.0,33496.0,0.525828125,0.9953347398448875,0.0523375,2341.475012,45.675872,2387.150884,3.130523,15024.0,7847.0,0.0,0.0,0.0,0.0,nan,nan,0.0,0.0,0.0,0.0,0.0,0.0,0.0,0.0,10000.0
PRIV-v2,private,,0,4,torus3d_transpose,8,0.25,2,10000,1,0,0,11.078,80000.0,33650.0,33493.0,0.420625,0.995334323922734,0.0523328125,2867.387424,45.76404,2913.151464,3.1357,15380.0,7884.0,0.0,0.0,0.0,0.0,nan,nan,0.0,0.0,0.0,0.0,0.0,0.0,0.0,0.0,10000.0
PRIV-v2,private,,0,4,torus3d_transpose,8,0.3,2,10000,1,0,0,11.067,96000.0,33671.0,33517.0,0.3507395833333333,0.9954263312642927,0.0523703125,3217.57165,45.797028,3263.368679,3.139541,15786.0,8100.0,0.0,0.0,0.0,0.0,nan,nan,0.0,0.0,0.0,0.0,0.0,0.0,0.0,0.0,10000.0
PRIV-v2,private,,0,4,torus3d_transpose,8,0.35,2,10000,1,0,0,11.045,112000.0,33668.0,33514.0,0.30060714285714285,0.9954259237257931,0.052365625,3461.192755,45.753894,3506.946649,3.138211,15345.0,7715.0,0.0,0.0,0.0,0.0,nan,nan,0.0,0.0,0.0,0.0,0.0,0.0,0.0,0.0,10000.0
PRIV-v2,private,,0,4,torus3d_transpose,8,0.4,2,10000,1,0,0,10.904,128000.0,33673.0,33517.0,0.2630703125,0.9953672081489621,0.0523703125,3651.849181,45.870931,3697.720112,3.145031,15956.0,8091.0,0.0,0.0,0.0,0.0,nan,nan,0.0,0.0,0.0,0.0,0.0,0.0,0.0,0.0,10000.0
PRIV-v2,private,,0,4,torus3d_transpose,8,0.45,2,10000,1,0,0,11.520,144000.0,33668.0,33523.0,0.23380555555555554,0.9956932398716882,0.0523796875,3799.672434,45.879366,3845.5518,3.14763,15774.0,7936.0,0.0,0.0,0.0,0.0,nan,nan,0.0,0.0,0.0,0.0,0.0,0.0,0.0,0.0,10000.0
PRIV-v2,private,,0,4,torus3d_transpose,8,0.5,2,10000,1,0,0,11.195,160000.0,33676.0,33524.0,0.210475,0.9954863998099537,0.05238125,3925.081434,45.887036,3970.96847,3.147536,15863.0,8005.0,0.0,0.0,0.0,0.0,nan,nan,0.0,0.0,0.0,0.0,0.0,0.0,0.0,0.0,10000.0
PRIV-v2,private,,0,4,torus3d_transpose,8,0.55,2,10000,1,0,0,11.223,176000.0,33678.0,33516.0,0.19135227272727273,0.9951897381079636,0.05236875,4020.431734,45.764769,4066.196503,3.13695,15369.0,7867.0,0.0,0.0,0.0,0.0,nan,nan,0.0,0.0,0.0,0.0,0.0,0.0,0.0,0.0,10000.0
PRIV-v2,private,,0,4,torus3d_transpose,8,0.6,2,10000,1,0,0,11.240,192000.0,33674.0,33517.0,0.17538541666666665,0.9953376492249213,0.0523703125,4101.98177,45.739296,4147.721067,3.136796,15374.0,7891.0,0.0,0.0,0.0,0.0,nan,nan,0.0,0.0,0.0,0.0,0.0,0.0,0.0,0.0,10000.0
PRIV-v2,private,,0,4,torus3d_transpose,8,0.65,2,10000,1,0,0,11.087,208000.0,33667.0,33505.0,0.16186057692307693,0.9951881664537975,0.0523515625,4168.730816,45.746695,4214.477511,3.134637,15224.0,7845.0,0.0,0.0,0.0,0.0,nan,nan,0.0,0.0,0.0,0.0,0.0,0.0,0.0,0.0,10000.0
PRIV-v2,private,,0,4,torus3d_transpose,8,0.7,2,10000,1,0,0,11.454,224000.0,33677.0,33531.0,0.15034375,0.995664696974196,0.0523921875,4228.018759,45.804092,4273.82285,3.142048,15277.0,7630.0,0.0,0.0,0.0,0.0,nan,nan,0.0,0.0,0.0,0.0,0.0,0.0,0.0,0.0,10000.0
PRIV-v2,private,,0,4,torus3d_transpose,8,0.75,2,10000,1,0,0,11.461,240000.0,33669.0,33507.0,0.1402875,0.9951884522854851,0.0523546875,4275.095681,45.707255,4320.802937,3.136001,14798.0,7539.0,0.0,0.0,0.0,0.0,nan,nan,0.0,0.0,0.0,0.0,0.0,0.0,0.0,0.0,10000.0
PRIV-v2,private,,0,4,torus3d_transpose,8,0.8,2,10000,1,0,0,11.416,256000.0,33663.0,33507.0,0.13149609375,0.9953658319222886,0.0523546875,4318.232459,45.737547,4363.970006,3.13618,15188.0,7728.0,0.0,0.0,0.0,0.0,nan,nan,0.0,0.0,0.0,0.0,0.0,0.0,0.0,0.0,10000.0
PRIV-v2,private,,0,4,torus3d_transpose,8,0.85,2,10000,1,0,0,11.816,272000.0,33671.0,33510.0,0.12379044117647059,0.9952184372308515,0.052359375,4356.847628,45.795136,4402.642763,3.138287,15239.0,7705.0,0.0,0.0,0.0,0.0,nan,nan,0.0,0.0,0.0,0.0,0.0,0.0,0.0,0.0,10000.0
PRIV-v2,private,,0,4,torus3d_transpose,8,0.9,2,10000,1,0,0,12.019,288000.0,33669.0,33513.0,0.11690625,0.9953666577563931,0.0523640625,4391.281771,45.813028,4437.094799,3.141109,15448.0,7832.0,0.0,0.0,0.0,0.0,nan,nan,0.0,0.0,0.0,0.0,0.0,0.0,0.0,0.0,10000.0
PRIV-v2,private,,0,4,torus3d_transpose,8,0.95,2,10000,1,0,0,11.785,304000.0,33666.0,33512.0,0.11074342105263157,0.9954256519931087,0.0523625,4421.225084,45.746121,4466.971204,3.1381,15079.0,7669.0,0.0,0.0,0.0,0.0,nan,nan,0.0,0.0,0.0,0.0,0.0,0.0,0.0,0.0,10000.0
PRIV-v2,private,,0,4,torus3d_transpose,8,1.0,2,10000,1,0,0,11.780,320000.0,33669.0,33510.0,0.105215625,0.9952775550209392,0.052359375,4449.137511,45.660131,4494.797642,3.130469,14783.0,7556.0,0.0,0.0,0.0,0.0,nan,nan,0.0,0.0,0.0,0.0,0.0,0.0,0.0,0.0,10000.0
STV-r1p2,starve,1,2,4,torus3d_transpose,8,0.05,4,10000,1,0,0,11.131,16000.0,15921.0,15834.0,0.9950625,0.994535519125683,0.024740625,9.53063,46.9976,56.52823,3.249589,13551.0,6420.0,32430.0,123911.0,0.0,1.0,0.077683,3.0,10295.0,2183.0,2117.0,2471.0,2407.0,2851.0,2818.0,14847.0,10000.0
STV-r1p2,starve,1,2,4,torus3d_transpose,8,0.1,4,10000,1,0,0,11.666,32000.0,31269.0,31106.0,0.97715625,0.9947871694010042,0.048603125,126.928567,49.381566,176.310133,3.299235,31135.0,14031.0,50909.0,108740.0,0.0,1.0,0.081372,3.0,7225.0,4026.0,4142.0,4809.0,4761.0,5797.0,5665.0,29200.0,10000.0
STV-r1p2,starve,1,2,4,torus3d_transpose,8,0.15,4,10000,1,0,0,12.073,48000.0,33356.0,33188.0,0.6949166666666666,0.9949634248710877,0.05185625,1489.655146,49.81424,1539.469387,3.305171,33638.0,15000.0,54499.0,107174.0,0.0,1.0,0.081251,3.0,6513.0,4210.0,4379.0,5167.0,5170.0,6130.0,6069.0,31125.0,10000.0
STV-r1p2,starve,1,2,4,torus3d_transpose,8,0.2,4,10000,1,0,0,12.212,64000.0,33414.0,33249.0,0.52209375,0.9950619500808044,0.0519515625,2359.404854,50.056122,2409.460976,3.311438,33991.0,15099.0,54592.0,107226.0,0.0,1.0,0.081314,3.0,6334.0,4376.0,4218.0,5196.0,5099.0,6113.0,6170.0,31172.0,10000.0
STV-r1p2,starve,1,2,4,torus3d_transpose,8,0.25,4,10000,1,0,0,12.042,80000.0,33404.0,33227.0,0.41755,0.9947012333852233,0.0519171875,2879.713516,49.978361,2929.691877,3.307551,33970.0,15158.0,55160.0,107118.0,0.0,1.0,0.079355,3.0,6211.0,4179.0,4252.0,5181.0,5206.0,6179.0,6164.0,31161.0,10000.0
STV-r1p2,starve,1,2,4,torus3d_transpose,8,0.3,4,10000,1,0,0,12.036,96000.0,33423.0,33255.0,0.34815625,0.994973521227897,0.0519609375,3227.818584,49.954413,3277.772997,3.308375,33977.0,15090.0,56882.0,107395.0,0.0,1.0,0.080658,3.0,6003.0,4324.0,4336.0,5219.0,5073.0,6109.0,6122.0,31183.0,10000.0
STV-r1p2,starve,1,2,4,torus3d_transpose,8,0.35,4,10000,1,0,0,11.999,112000.0,33439.0,33265.0,0.2985625,0.9947964951104997,0.0519765625,3469.811393,50.059372,3519.870765,3.313573,33968.0,14968.0,58659.0,107190.0,0.0,1.0,0.07996,3.0,5568.0,4264.0,4303.0,5118.0,5154.0,6136.0,6219.0,31194.0,10000.0
STV-r1p2,starve,1,2,4,torus3d_transpose,8,0.4,4,10000,1,0,0,12.117,128000.0,33409.0,33233.0,0.2610078125,0.9947319584543087,0.0519265625,3659.383354,50.065236,3709.44859,3.31556,34210.0,15277.0,59380.0,107477.0,0.0,1.0,0.08449,4.0,5827.0,4317.0,4302.0,5208.0,5157.0,6098.0,6078.0,31160.0,10000.0
STV-r1p2,starve,1,2,4,torus3d_transpose,8,0.45,4,10000,1,0,0,12.361,144000.0,33459.0,33287.0,0.23235416666666667,0.9948593801368839,0.0520109375,3804.489711,49.884489,3854.3742,3.30219,33532.0,15050.0,58668.0,107342.0,0.0,1.0,0.08441,3.0,5526.0,4395.0,4224.0,5187.0,5140.0,6198.0,6066.0,31210.0,10000.0
STV-r1p2,starve,1,2,4,torus3d_transpose,8,0.5,4,10000,1,0,0,12.347,160000.0,33445.0,33279.0,0.20903125,0.9950366272985498,0.0519984375,3929.676072,49.958593,3979.634665,3.313441,34348.0,15316.0,61255.0,107460.0,0.0,1.0,0.083747,3.0,5986.0,4378.0,4273.0,5153.0,5003.0,6244.0,6159.0,31210.0,10000.0
STV-r1p2,starve,1,2,4,torus3d_transpose,8,0.55,4,10000,1,0,0,12.471,176000.0,33429.0,33251.0,0.1899375,0.9946752819408298,0.0519546875,4024.378485,50.117921,4074.496406,3.311058,34322.0,15305.0,63487.0,107427.0,0.0,1.0,0.081987,3.0,5291.0,4313.0,4346.0,5169.0,5084.0,6082.0,6188.0,31182.0,10000.0
STV-r1p2,starve,1,2,4,torus3d_transpose,8,0.6,4,10000,1,0,0,12.558,192000.0,33447.0,33285.0,0.174203125,0.995156516279487,0.0520078125,4108.228752,49.864383,4158.093135,3.306534,33853.0,15146.0,64849.0,107418.0,0.0,1.0,0.079375,3.0,5364.0,4270.0,4349.0,5129.0,5203.0,6069.0,6191.0,31211.0,10000.0
STV-r1p2,starve,1,2,4,torus3d_transpose,8,0.65,4,10000,1,0,0,12.432,208000.0,33427.0,33256.0,0.16070673076923078,0.9948843749065127,0.0519625,4172.558666,50.062876,4222.621542,3.313447,34226.0,15257.0,63157.0,107484.0,0.0,1.0,0.079796,3.0,5308.0,4308.0,4372.0,5143.0,5140.0,6099.0,6117.0,31179.0,10000.0
STV-r1p2,starve,1,2,4,torus3d_transpose,8,0.7,4,10000,1,0,0,12.675,224000.0,33422.0,33261.0,0.14920535714285715,0.9951828137155168,0.0519703125,4231.933616,49.939419,4281.873034,3.302366,33727.0,15089.0,66293.0,107586.0,0.0,1.0,0.079453,3.0,5240.0,4327.0,4252.0,5166.0,5211.0,6041.0,6182.0,31179.0,10000.0
STV-r1p2,starve,1,2,4,torus3d_transpose,8,0.75,4,10000,1,0,0,12.673,240000.0,33448.0,33284.0,0.13936666666666667,0.9950968667782827,0.05200625,4279.104555,49.79705,4328.901604,3.305011,33693.0,15117.0,68357.0,107473.0,0.0,1.0,0.079897,3.0,5668.0,4389.0,4308.0,5178.0,5117.0,6116.0,6099.0,31207.0,10000.0
STV-r1p2,starve,1,2,4,torus3d_transpose,8,0.8,4,10000,1,0,0,12.896,256000.0,33441.0,33271.0,0.13062890625,0.9949164199635179,0.0519859375,4320.789306,49.916834,4370.70614,3.309669,33953.0,15167.0,68031.0,107602.0,0.0,1.0,0.079996,3.0,5566.0,4312.0,4320.0,5137.0,5294.0,6008.0,6125.0,31196.0,10000.0
STV-r1p2,starve,1,2,4,torus3d_transpose,8,0.85,4,10000,1,0,0,12.711,272000.0,33433.0,33267.0,0.12291544117647059,0.9950348458110251,0.0519796875,4358.928518,49.981152,4408.90967,3.309947,33900.0,15062.0,68972.0,107487.0,0.0,1.0,0.077803,3.0,5322.0,4333.0,4358.0,5118.0,5082.0,6149.0,6150.0,31190.0,10000.0
STV-r1p2,starve,1,2,4,torus3d_transpose,8,0.9,4,10000,1,0,0,12.622,288000.0,33422.0,33251.0,0.11604861111111112,0.9948836095984681,0.0519546875,4394.877417,50.115966,4444.993384,3.312261,33877.0,15101.0,68734.0,107390.0,0.0,1.0,0.078288,3.0,5292.0,4389.0,4324.0,5157.0,5134.0,6174.0,5994.0,31172.0,10000.0
STV-r1p2,starve,1,2,4,torus3d_transpose,8,0.95,4,10000,1,0,0,12.759,304000.0,33452.0,33281.0,0.11003947368421052,0.9948881980150663,0.0520015625,4426.009375,49.921847,4475.931222,3.309997,33920.0,15106.0,69377.0,107317.0,0.0,1.0,0.077061,3.0,4903.0,4327.0,4292.0,5120.0,5178.0,6087.0,6204.0,31208.0,10000.0
STV-r1p2,starve,1,2,4,torus3d_transpose,8,1.0,4,10000,1,0,0,12.593,320000.0,33430.0,33258.0,0.10446875,0.9948549207298834,0.051965625,4451.823832,50.144266,4501.968098,3.311504,33977.0,15197.0,71058.0,107365.0,0.0,1.0,0.079219,3.0,5514.0,4354.0,4348.0,5172.0,5127.0,6013.0,6175.0,31189.0,10000.0
PRIV-v2,private,,0,4,torus3d_neighbor,8,0.05,2,10000,1,0,0,10.268,16000.0,15921.0,15872.0,0.9950625,0.9969223038753847,0.0248,9.447077,26.0,35.447077,1.0,0.0,0.0,0.0,0.0,0.0,0.0,nan,nan,0.0,0.0,0.0,0.0,0.0,0.0,0.0,0.0,10000.0
PRIV-v2,private,,0,4,torus3d_neighbor,8,0.1,2,10000,1,0,0,10.101,32000.0,31354.0,31264.0,0.9798125,0.9971295528481214,0.04885,115.482088,26.0,141.482088,1.0,0.0,0.0,0.0,0.0,0.0,0.0,nan,nan,0.0,0.0,0.0,0.0,0.0,0.0,0.0,0.0,10000.0
PRIV-v2,private,,0,4,torus3d_neighbor,8,0.15,2,10000,1,0,0,10.612,48000.0,33629.0,33535.0,0.7006041666666667,0.9972047934818163,0.0523984375,1466.461249,26.0,1492.461249,1.0,0.0,0.0,0.0,0.0,0.0,0.0,nan,nan,0.0,0.0,0.0,0.0,0.0,0.0,0.0,0.0,10000.0
PRIV-v2,private,,0,4,torus3d_neighbor,8,0.2,2,10000,1,0,0,10.793,64000.0,33670.0,33574.0,0.52609375,0.9971487971487971,0.052459375,2344.591678,26.0,2370.591678,1.0,0.0,0.0,0.0,0.0,0.0,0.0,nan,nan,0.0,0.0,0.0,0.0,0.0,0.0,0.0,0.0,10000.0
PRIV-v2,private,,0,4,torus3d_neighbor,8,0.25,2,10000,1,0,0,10.789,80000.0,33690.0,33584.0,0.421125,0.9968536657761947,0.052475,2871.617973,26.0,2897.617973,1.0,0.0,0.0,0.0,0.0,0.0,0.0,nan,nan,0.0,0.0,0.0,0.0,0.0,0.0,0.0,0.0,10000.0
PRIV-v2,private,,0,4,torus3d_neighbor,8,0.3,2,10000,1,0,0,10.929,96000.0,33696.0,33590.0,0.351,0.9968542260208927,0.052484375,3222.209497,26.0,3248.209497,1.0,0.0,0.0,0.0,0.0,0.0,0.0,nan,nan,0.0,0.0,0.0,0.0,0.0,0.0,0.0,0.0,10000.0
PRIV-v2,private,,0,4,torus3d_neighbor,8,0.35,2,10000,1,0,0,11.179,112000.0,33701.0,33592.0,0.3009017857142857,0.9967656746090621,0.0524875,3466.619731,26.0,3492.619731,1.0,0.0,0.0,0.0,0.0,0.0,0.0,nan,nan,0.0,0.0,0.0,0.0,0.0,0.0,0.0,0.0,10000.0
PRIV-v2,private,,0,4,torus3d_neighbor,8,0.4,2,10000,1,0,0,11.321,128000.0,33706.0,33597.0,0.263328125,0.9967661543938765,0.0524953125,3657.420544,26.0,3683.420544,1.0,0.0,0.0,0.0,0.0,0.0,0.0,nan,nan,0.0,0.0,0.0,0.0,0.0,0.0,0.0,0.0,10000.0
PRIV-v2,private,,0,4,torus3d_neighbor,8,0.45,2,10000,1,0,0,11.246,144000.0,33707.0,33600.0,0.23407638888888888,0.9968255851900198,0.0525,3805.633274,26.0,3831.633274,1.0,0.0,0.0,0.0,0.0,0.0,0.0,nan,nan,0.0,0.0,0.0,0.0,0.0,0.0,0.0,0.0,10000.0
PRIV-v2,private,,0,4,torus3d_neighbor,8,0.5,2,10000,1,0,0,11.399,160000.0,33711.0,33600.0,0.21069375,0.9967073062205215,0.0525,3930.886667,26.0,3956.886667,1.0,0.0,0.0,0.0,0.0,0.0,0.0,nan,nan,0.0,0.0,0.0,0.0,0.0,0.0,0.0,0.0,10000.0
PRIV-v2,private,,0,4,torus3d_neighbor,8,0.55,2,10000,1,0,0,11.489,176000.0,33715.0,33600.0,0.1915625,0.9965890553166247,0.0525,4026.959464,26.0,4052.959464,1.0,0.0,0.0,0.0,0.0,0.0,0.0,nan,nan,0.0,0.0,0.0,0.0,0.0,0.0,0.0,0.0,10000.0
PRIV-v2,private,,0,4,torus3d_neighbor,8,0.6,2,10000,1,0,0,11.437,192000.0,33720.0,33600.0,0.175625,0.99644128113879,0.0525,4107.374702,26.0,4133.374702,1.0,0.0,0.0,0.0,0.0,0.0,0.0,nan,nan,0.0,0.0,0.0,0.0,0.0,0.0,0.0,0.0,10000.0
PRIV-v2,private,,0,4,torus3d_neighbor,8,0.65,2,10000,1,0,0,12.069,208000.0,33722.0,33600.0,0.162125,0.9963821837376193,0.0525,4174.527202,26.0,4200.527202,1.0,0.0,0.0,0.0,0.0,0.0,0.0,nan,nan,0.0,0.0,0.0,0.0,0.0,0.0,0.0,0.0,10000.0
PRIV-v2,private,,0,4,torus3d_neighbor,8,0.7,2,10000,1,0,0,11.981,224000.0,33724.0,33600.0,0.15055357142857143,0.996323093345985,0.0525,4232.464524,26.0,4258.464524,1.0,0.0,0.0,0.0,0.0,0.0,0.0,nan,nan,0.0,0.0,0.0,0.0,0.0,0.0,0.0,0.0,10000.0
PRIV-v2,private,,0,4,torus3d_neighbor,8,0.75,2,10000,1,0,0,12.117,240000.0,33727.0,33600.0,0.14052916666666668,0.9962344708986866,0.0525,4280.819405,26.0,4306.819405,1.0,0.0,0.0,0.0,0.0,0.0,0.0,nan,nan,0.0,0.0,0.0,0.0,0.0,0.0,0.0,0.0,10000.0
PRIV-v2,private,,0,4,torus3d_neighbor,8,0.8,2,10000,1,0,0,12.253,256000.0,33728.0,33600.0,0.13175,0.9962049335863378,0.0525,4324.03381,26.0,4350.03381,1.0,0.0,0.0,0.0,0.0,0.0,0.0,nan,nan,0.0,0.0,0.0,0.0,0.0,0.0,0.0,0.0,10000.0
PRIV-v2,private,,0,4,torus3d_neighbor,8,0.85,2,10000,1,0,0,12.284,272000.0,33728.0,33600.0,0.124,0.9962049335863378,0.0525,4362.490357,26.0,4388.490357,1.0,0.0,0.0,0.0,0.0,0.0,0.0,nan,nan,0.0,0.0,0.0,0.0,0.0,0.0,0.0,0.0,10000.0
PRIV-v2,private,,0,4,torus3d_neighbor,8,0.9,2,10000,1,0,0,12.121,288000.0,33728.0,33600.0,0.11711111111111111,0.9962049335863378,0.0525,4396.716012,26.0,4422.716012,1.0,0.0,0.0,0.0,0.0,0.0,0.0,nan,nan,0.0,0.0,0.0,0.0,0.0,0.0,0.0,0.0,10000.0
PRIV-v2,private,,0,4,torus3d_neighbor,8,0.95,2,10000,1,0,0,11.910,304000.0,33728.0,33600.0,0.11094736842105263,0.9962049335863378,0.0525,4427.087619,26.0,4453.087619,1.0,0.0,0.0,0.0,0.0,0.0,0.0,nan,nan,0.0,0.0,0.0,0.0,0.0,0.0,0.0,0.0,10000.0
PRIV-v2,private,,0,4,torus3d_neighbor,8,1.0,2,10000,1,0,0,12.099,320000.0,33728.0,33600.0,0.1054,0.9962049335863378,0.0525,4455.48625,26.0,4481.48625,1.0,0.0,0.0,0.0,0.0,0.0,0.0,nan,nan,0.0,0.0,0.0,0.0,0.0,0.0,0.0,0.0,10000.0
STV-r1p2,starve,1,2,4,torus3d_neighbor,8,0.05,4,10000,1,0,0,11.809,16000.0,15921.0,15865.0,0.9950625,0.9964826330004397,0.0247890625,9.447715,27.869776,37.317491,1.207627,9694.0,6385.0,18068.0,143948.0,0.0,1.0,0.306867,3.0,50624.0,1650.0,14234.0,0.0,0.0,0.0,0.0,15884.0,10000.0
STV-r1p2,starve,1,2,4,torus3d_neighbor,8,0.1,4,10000,1,0,0,11.993,32000.0,31354.0,31257.0,0.9798125,0.9969062958474197,0.0488390625,115.471478,28.199059,143.670538,1.244169,22862.0,15211.0,32844.0,141840.0,0.0,1.0,0.28017,3.0,51593.0,3818.0,27466.0,0.0,0.0,0.0,0.0,31284.0,10000.0
STV-r1p2,starve,1,2,4,torus3d_neighbor,8,0.15,4,10000,1,0,0,11.853,48000.0,33629.0,33527.0,0.7006041666666667,0.9969669035653751,0.0523859375,1466.122528,28.242551,1494.365079,1.249172,25099.0,16725.0,38912.0,141947.0,0.0,1.0,0.27893,3.0,49222.0,4182.0,29380.0,0.0,0.0,0.0,0.0,33562.0,10000.0
STV-r1p2,starve,1,2,4,torus3d_neighbor,8,0.2,4,10000,1,0,0,11.829,64000.0,33670.0,33569.0,0.52609375,0.997000297000297,0.0524515625,2344.240639,28.244571,2372.48521,1.249397,25131.0,16744.0,41073.0,141983.0,0.0,1.0,0.27884,3.0,47905.0,4190.0,29415.0,0.0,0.0,0.0,0.0,33605.0,10000.0
STV-r1p2,starve,1,2,4,torus3d_neighbor,8,0.25,4,10000,1,0,0,12.012,80000.0,33690.0,33580.0,0.421125,0.9967349361828436,0.05246875,2871.26486,28.244908,2899.509768,1.249434,25147.0,16757.0,41979.0,142020.0,0.0,1.0,0.289407,3.0,49044.0,4192.0,29432.0,0.0,0.0,0.0,0.0,33624.0,10000.0
STV-r1p2,starve,1,2,4,torus3d_neighbor,8,0.3,4,10000,1,0,0,12.033,96000.0,33696.0,33588.0,0.351,0.9967948717948718,0.05248125,3222.0092,28.245445,3250.254645,1.249494,25148.0,16754.0,44536.0,142058.0,0.0,1.0,0.2946,3.0,50809.0,4192.0,29436.0,0.0,0.0,0.0,0.0,33628.0,10000.0
STV-r1p2,starve,1,2,4,torus3d_neighbor,8,0.35,4,10000,1,0,0,12.041,112000.0,33701.0,33590.0,0.3009017857142857,0.9967063291890448,0.052484375,3466.404525,28.245311,3494.649836,1.249479,25151.0,16757.0,47257.0,142080.0,0.0,1.0,0.300566,3.0,51268.0,4192.0,29441.0,0.0,0.0,0.0,0.0,33633.0,10000.0
STV-r1p2,starve,1,2,4,torus3d_neighbor,8,0.4,4,10000,1,0,0,12.211,128000.0,33706.0,33596.0,0.263328125,0.9967364860855634,0.05249375,3657.309829,28.245446,3685.555274,1.249494,25131.0,16735.0,49938.0,142131.0,0.0,1.0,0.305664,3.0,45209.0,4192.0,29444.0,0.0,0.0,0.0,0.0,33636.0,10000.0
STV-r1p2,starve,1,2,4,torus3d_neighbor,8,0.45,4,10000,1,0,0,12.591,144000.0,33707.0,33600.0,0.23407638888888888,0.9968255851900198,0.0525,3805.633274,28.245714,3833.878988,1.249524,25133.0,16736.0,49491.0,142140.0,0.0,1.0,0.315988,3.0,46640.0,4192.0,29446.0,0.0,0.0,0.0,0.0,33638.0,10000.0
STV-r1p2,starve,1,2,4,torus3d_neighbor,8,0.5,4,10000,1,0,0,12.391,160000.0,33711.0,33600.0,0.21069375,0.9967073062205215,0.0525,3930.886667,28.245714,3959.132381,1.249524,25136.0,16738.0,57904.0,142159.0,0.0,1.0,0.312189,3.0,49299.0,4192.0,29451.0,0.0,0.0,0.0,0.0,33643.0,10000.0
STV-r1p2,starve,1,2,4,torus3d_neighbor,8,0.55,4,10000,1,0,0,12.604,176000.0,33715.0,33600.0,0.1915625,0.9965890553166247,0.0525,4026.959464,28.245714,4055.205179,1.249524,25095.0,16696.0,61275.0,142179.0,0.0,1.0,0.319907,2.0,50918.0,4192.0,29453.0,0.0,0.0,0.0,0.0,33645.0,10000.0
STV-r1p2,starve,1,2,4,torus3d_neighbor,8,0.6,4,10000,1,0,0,12.625,192000.0,33720.0,33600.0,0.175625,0.99644128113879,0.0525,4107.374702,28.245714,4135.620417,1.249524,25132.0,16732.0,67835.0,142180.0,0.0,1.0,0.322102,2.0,52208.0,4192.0,29455.0,0.0,0.0,0.0,0.0,33647.0,10000.0
STV-r1p2,starve,1,2,4,torus3d_neighbor,8,0.65,4,10000,1,0,0,12.944,208000.0,33722.0,33600.0,0.162125,0.9963821837376193,0.0525,4174.527202,28.245714,4202.772917,1.249524,25082.0,16682.0,71046.0,142172.0,0.0,1.0,0.322284,2.0,52270.0,4192.0,29455.0,0.0,0.0,0.0,0.0,33647.0,10000.0
STV-r1p2,starve,1,2,4,torus3d_neighbor,8,0.7,4,10000,1,0,0,12.738,224000.0,33724.0,33600.0,0.15055357142857143,0.996323093345985,0.0525,4232.464524,28.245714,4260.710238,1.249524,25138.0,16738.0,72582.0,142176.0,0.0,1.0,0.322083,2.0,52192.0,4192.0,29456.0,0.0,0.0,0.0,0.0,33648.0,10000.0
STV-r1p2,starve,1,2,4,torus3d_neighbor,8,0.75,4,10000,1,0,0,12.823,240000.0,33727.0,33600.0,0.14052916666666668,0.9962344708986866,0.0525,4280.819405,28.245714,4309.065119,1.249524,25137.0,16737.0,75125.0,142176.0,0.0,1.0,0.32241,2.0,52255.0,4192.0,29456.0,0.0,0.0,0.0,0.0,33648.0,10000.0
STV-r1p2,starve,1,2,4,torus3d_neighbor,8,0.8,4,10000,1,0,0,12.802,256000.0,33728.0,33600.0,0.13175,0.9962049335863378,0.0525,4324.03381,28.245714,4352.279524,1.249524,25136.0,16736.0,80002.0,142176.0,0.0,1.0,0.322799,2.0,52289.0,4192.0,29456.0,0.0,0.0,0.0,0.0,33648.0,10000.0
STV-r1p2,starve,1,2,4,torus3d_neighbor,8,0.85,4,10000,1,0,0,13.041,272000.0,33728.0,33600.0,0.124,0.9962049335863378,0.0525,4362.490357,28.245714,4390.736071,1.249524,25136.0,16736.0,81596.0,142176.0,0.0,1.0,0.323079,2.0,52314.0,4192.0,29456.0,0.0,0.0,0.0,0.0,33648.0,10000.0
STV-r1p2,starve,1,2,4,torus3d_neighbor,8,0.9,4,10000,1,0,0,13.273,288000.0,33728.0,33600.0,0.11711111111111111,0.9962049335863378,0.0525,4396.716012,28.245714,4424.961726,1.249524,25136.0,16736.0,86600.0,142176.0,0.0,1.0,0.323558,2.0,52314.0,4192.0,29456.0,0.0,0.0,0.0,0.0,33648.0,10000.0
STV-r1p2,starve,1,2,4,torus3d_neighbor,8,0.95,4,10000,1,0,0,13.191,304000.0,33728.0,33600.0,0.11094736842105263,0.9962049335863378,0.0525,4427.087619,28.245714,4455.333333,1.249524,25136.0,16736.0,89814.0,142176.0,0.0,1.0,0.323899,2.0,52343.0,4192.0,29456.0,0.0,0.0,0.0,0.0,33648.0,10000.0
STV-r1p2,starve,1,2,4,torus3d_neighbor,8,1.0,4,10000,1,0,0,13.172,320000.0,33728.0,33600.0,0.1054,0.9962049335863378,0.0525,4455.48625,28.245714,4483.731964,1.249524,25136.0,16736.0,91408.0,142176.0,0.0,1.0,0.324179,2.0,52368.0,4192.0,29456.0,0.0,0.0,0.0,0.0,33648.0,10000.0
PRIV-v2,private,,0,4,uniform_random,8,0.05,2,10000,1,0,0,10.454,16000.0,15893.0,15823.0,0.9933125,0.9955955452085824,0.0247234375,9.591734,45.516843,55.108576,3.083739,4807.0,2876.0,0.0,0.0,0.0,0.0,nan,nan,0.0,0.0,0.0,0.0,0.0,0.0,0.0,0.0,10000.0
PRIV-v2,private,,0,4,uniform_random,8,0.1,2,10000,1,0,0,11.375,32000.0,31439.0,31289.0,0.98246875,0.9952288558796399,0.0488890625,122.084566,49.846591,171.931158,3.195116,19773.0,10859.0,0.0,0.0,0.0,0.0,nan,nan,0.0,0.0,0.0,0.0,0.0,0.0,0.0,0.0,10000.0
PRIV-v2,private,,0,4,uniform_random,8,0.15,2,10000,1,0,0,11.248,48000.0,33451.0,33271.0,0.6968958333333334,0.9946189949478341,0.0519859375,1499.435965,50.668991,1550.104956,3.197349,22102.0,11980.0,0.0,0.0,0.0,0.0,nan,nan,0.0,0.0,0.0,0.0,0.0,0.0,0.0,0.0,10000.0
PRIV-v2,private,,0,4,uniform_random,8,0.2,2,10000,1,0,0,11.272,64000.0,33492.0,33319.0,0.5233125,0.9948345873641466,0.0520609375,2368.02398,50.765359,2418.789339,3.205979,22389.0,12077.0,0.0,0.0,0.0,0.0,nan,nan,0.0,0.0,0.0,0.0,0.0,0.0,0.0,0.0,10000.0
PRIV-v2,private,,0,4,uniform_random,8,0.25,2,10000,1,0,0,11.550,80000.0,33501.0,33330.0,0.4187625,0.9948956747559774,0.052078125,2877.455056,50.611821,2928.066877,3.205011,22221.0,11909.0,0.0,0.0,0.0,0.0,nan,nan,0.0,0.0,0.0,0.0,0.0,0.0,0.0,0.0,10000.0
PRIV-v2,private,,0,4,uniform_random,8,0.3,2,10000,1,0,0,11.511,96000.0,33516.0,33347.0,0.349125,0.9949576321756773,0.0521046875,3230.574145,50.770864,3281.345009,3.209344,22565.0,12160.0,0.0,0.0,0.0,0.0,nan,nan,0.0,0.0,0.0,0.0,0.0,0.0,0.0,0.0,10000.0
PRIV-v2,private,,0,4,uniform_random,8,0.35,2,10000,1,0,0,11.430,112000.0,33523.0,33357.0,0.2993125,0.9950481758792471,0.0521203125,3469.938364,50.660491,3520.598855,3.21132,22669.0,12193.0,0.0,0.0,0.0,0.0,nan,nan,0.0,0.0,0.0,0.0,0.0,0.0,0.0,0.0,10000.0
PRIV-v2,private,,0,4,uniform_random,8,0.4,2,10000,1,0,0,11.415,128000.0,33511.0,33335.0,0.2618046875,0.994747993196264,0.0520859375,3654.908535,50.773901,3705.682436,3.20564,22484.0,12089.0,0.0,0.0,0.0,0.0,nan,nan,0.0,0.0,0.0,0.0,0.0,0.0,0.0,0.0,10000.0
PRIV-v2,private,,0,4,uniform_random,8,0.45,2,10000,1,0,0,11.390,144000.0,33509.0,33343.0,0.2327013888888889,0.9950461070160256,0.0520984375,3802.799808,50.608104,3853.407912,3.210269,22319.0,11961.0,0.0,0.0,0.0,0.0,nan,nan,0.0,0.0,0.0,0.0,0.0,0.0,0.0,0.0,10000.0
PRIV-v2,private,,0,4,uniform_random,8,0.5,2,10000,1,0,0,11.710,160000.0,33523.0,33343.0,0.20951875,0.9946305521582197,0.0520984375,3927.188615,50.720151,3977.908766,3.187446,22134.0,12050.0,0.0,0.0,0.0,0.0,nan,nan,0.0,0.0,0.0,0.0,0.0,0.0,0.0,0.0,10000.0
PRIV-v2,private,,0,4,uniform_random,8,0.55,2,10000,1,0,0,11.486,176000.0,33504.0,33335.0,0.19036363636363637,0.9949558261700095,0.0520859375,4019.725094,50.721044,4070.446138,3.20354,22363.0,12025.0,0.0,0.0,0.0,0.0,nan,nan,0.0,0.0,0.0,0.0,0.0,0.0,0.0,0.0,10000.0
PRIV-v2,private,,0,4,uniform_random,8,0.6,2,10000,1,0,0,11.803,192000.0,33532.0,33368.0,0.17464583333333333,0.9951091494691637,0.0521375,4097.935088,50.841135,4148.776223,3.21113,22432.0,11995.0,0.0,0.0,0.0,0.0,nan,nan,0.0,0.0,0.0,0.0,0.0,0.0,0.0,0.0,10000.0
PRIV-v2,private,,0,4,uniform_random,8,0.65,2,10000,1,0,0,11.666,208000.0,33536.0,33365.0,0.16123076923076923,0.9949010019083969,0.0521328125,4166.890994,50.830901,4217.721894,3.215675,22633.0,12044.0,0.0,0.0,0.0,0.0,nan,nan,0.0,0.0,0.0,0.0,0.0,0.0,0.0,0.0,10000.0
PRIV-v2,private,,0,4,uniform_random,8,0.7,2,10000,1,0,0,11.490,224000.0,33510.0,33331.0,0.1495982142857143,0.9946583109519547,0.0520796875,4224.586991,50.5764,4275.163391,3.198344,22065.0,11956.0,0.0,0.0,0.0,0.0,nan,nan,0.0,0.0,0.0,0.0,0.0,0.0,0.0,0.0,10000.0
PRIV-v2,private,,0,4,uniform_random,8,0.75,2,10000,1,0,0,11.504,240000.0,33507.0,33340.0,0.1396125,0.9950159668129047,0.05209375,4274.527804,50.760948,4325.288752,3.215147,22483.0,12061.0,0.0,0.0,0.0,0.0,nan,nan,0.0,0.0,0.0,0.0,0.0,0.0,0.0,0.0,10000.0
PRIV-v2,private,,0,4,uniform_random,8,0.8,2,10000,1,0,0,11.907,256000.0,33521.0,33347.0,0.13094140625,0.9948092240684944,0.0521046875,4318.403904,50.78124,4369.185144,3.213093,22243.0,11988.0,0.0,0.0,0.0,0.0,nan,nan,0.0,0.0,0.0,0.0,0.0,0.0,0.0,0.0,10000.0
PRIV-v2,private,,0,4,uniform_random,8,0.85,2,10000,1,0,0,11.901,272000.0,33505.0,33340.0,0.12318014705882353,0.9950753618862856,0.05209375,4358.019736,50.59838,4408.618116,3.202579,22115.0,11879.0,0.0,0.0,0.0,0.0,nan,nan,0.0,0.0,0.0,0.0,0.0,0.0,0.0,0.0,10000.0
PRIV-v2,private,,0,4,uniform_random,8,0.9,2,10000,1,0,0,12.027,288000.0,33516.0,33347.0,0.116375,0.9949576321756773,0.0521046875,4392.986955,50.750502,4443.737458,3.208954,22437.0,12003.0,0.0,0.0,0.0,0.0,nan,nan,0.0,0.0,0.0,0.0,0.0,0.0,0.0,0.0,10000.0
PRIV-v2,private,,0,4,uniform_random,8,0.95,2,10000,1,0,0,11.973,304000.0,33528.0,33352.0,0.11028947368421052,0.994750656167979,0.0521125,4421.917336,50.924202,4472.841539,3.220586,22551.0,12020.0,0.0,0.0,0.0,0.0,nan,nan,0.0,0.0,0.0,0.0,0.0,0.0,0.0,0.0,10000.0
PRIV-v2,private,,0,4,uniform_random,8,1.0,2,10000,1,0,0,12.011,320000.0,33518.0,33341.0,0.10474375,0.9947192553254968,0.0520953125,4449.037611,50.709847,4499.747458,3.202004,22143.0,11892.0,0.0,0.0,0.0,0.0,nan,nan,0.0,0.0,0.0,0.0,0.0,0.0,0.0,0.0,10000.0
STV-r1p2,starve,1,2,4,uniform_random,8,0.05,4,10000,1,0,0,11.274,16000.0,15893.0,15819.0,0.9933125,0.9953438620776442,0.0247171875,9.618686,47.801821,57.420507,3.245401,13295.0,6636.0,28391.0,122317.0,0.0,1.0,0.069518,3.0,8824.0,2247.0,2279.0,2580.0,2541.0,2990.0,2920.0,15557.0,10000.0
STV-r1p2,starve,1,2,4,uniform_random,8,0.1,4,10000,1,0,0,11.913,32000.0,31391.0,31228.0,0.98096875,0.9948074288808895,0.04879375,129.262425,52.718586,181.981011,3.299891,30346.0,14648.0,44818.0,102323.0,0.0,1.0,0.070716,3.0,4973.0,4524.0,4447.0,5014.0,5148.0,5764.0,5872.0,30769.0,10000.0
STV-r1p2,starve,1,2,4,uniform_random,8,0.15,4,10000,1,0,0,11.951,48000.0,33273.0,33095.0,0.6931875,0.9946503170739037,0.0517109375,1521.037679,53.720441,1574.758121,3.296359,32395.0,15475.0,47180.0,100522.0,0.0,1.0,0.070829,3.0,5273.0,4622.0,4635.0,5380.0,5339.0,6363.0,6268.0,32607.0,10000.0
STV-r1p2,starve,1,2,4,uniform_random,8,0.2,4,10000,1,0,0,12.179,64000.0,33322.0,33134.0,0.52065625,0.9943580817477943,0.051771875,2378.538269,53.93315,2432.471419,3.313213,33045.0,15625.0,47639.0,100393.0,0.0,1.0,0.071361,4.0,4945.0,4662.0,4588.0,5385.0,5378.0,6322.0,6324.0,32659.0,10000.0
STV-r1p2,starve,1,2,4,uniform_random,8,0.25,4,10000,1,0,0,12.177,80000.0,33336.0,33160.0,0.4167,0.9947204223662107,0.0518125,2886.132419,53.812756,2939.945175,3.306514,32825.0,15558.0,47241.0,100401.0,0.0,1.0,0.070977,3.0,5025.0,4658.0,4550.0,5278.0,5332.0,6436.0,6418.0,32672.0,10000.0
STV-r1p2,starve,1,2,4,uniform_random,8,0.3,4,10000,1,0,0,12.111,96000.0,33354.0,33163.0,0.3474375,0.9942735503987528,0.0518171875,3236.078823,53.721587,3289.80041,3.314145,32858.0,15529.0,48156.0,100363.0,0.0,1.0,0.069314,3.0,4938.0,4685.0,4675.0,5328.0,5282.0,6424.0,6250.0,32644.0,10000.0
STV-r1p2,starve,1,2,4,uniform_random,8,0.35,4,10000,1,0,0,12.562,112000.0,33354.0,33169.0,0.29780357142857145,0.9944534388679019,0.0518265625,3476.293195,53.936085,3530.22928,3.307426,32735.0,15605.0,48660.0,100259.0,0.0,1.0,0.073744,3.0,5283.0,4744.0,4667.0,5283.0,5345.0,6350.0,6317.0,32706.0,10000.0
STV-r1p2,starve,1,2,4,uniform_random,8,0.4,4,10000,1,0,0,12.180,128000.0,33365.0,33185.0,0.2606640625,0.9946051251311254,0.0518515625,3661.390176,53.852976,3715.243152,3.305951,32834.0,15524.0,49866.0,100472.0,0.0,1.0,0.074162,3.0,4493.0,4662.0,4743.0,5328.0,5369.0,6256.0,6375.0,32733.0,10000.0
STV-r1p2,starve,1,2,4,uniform_random,8,0.45,4,10000,1,0,0,12.668,144000.0,33354.0,33184.0,0.231625,0.9949031600407747,0.05185,3808.123011,53.797432,3861.920444,3.307588,32830.0,15495.0,52165.0,100556.0,0.0,1.0,0.070912,3.0,4681.0,4660.0,4481.0,5395.0,5468.0,6328.0,6352.0,32684.0,10000.0
STV-r1p2,starve,1,2,4,uniform_random,8,0.5,4,10000,1,0,0,12.834,160000.0,33343.0,33151.0,0.20839375,0.9942416699157245,0.0517984375,3929.057464,53.734427,3982.791892,3.291515,32541.0,15529.0,51571.0,100495.0,0.0,1.0,0.070022,3.0,4314.0,4536.0,4744.0,5314.0,5384.0,6383.0,6305.0,32666.0,10000.0
STV-r1p2,starve,1,2,4,uniform_random,8,0.55,4,10000,1,0,0,12.690,176000.0,33352.0,33165.0,0.1895,0.9943931398416886,0.0518203125,4021.893623,53.75441,4075.648033,3.3049,32874.0,15592.0,51332.0,100423.0,0.0,1.0,0.066952,3.0,3740.0,4712.0,4760.0,5346.0,5347.0,6260.0,6258.0,32683.0,10000.0
STV-r1p2,starve,1,2,4,uniform_random,8,0.6,4,10000,1,0,0,12.677,192000.0,33374.0,33191.0,0.17382291666666666,0.9945166896386408,0.0518609375,4101.222259,53.768281,4154.99054,3.305866,32663.0,15508.0,55504.0,100421.0,0.0,1.0,0.069027,3.0,3892.0,4699.0,4704.0,5355.0,5399.0,6242.0,6273.0,32672.0,10000.0
STV-r1p2,starve,1,2,4,uniform_random,8,0.65,4,10000,1,0,0,11.910,208000.0,33345.0,33164.0,0.1603125,0.9945718998350578,0.05181875,4171.184085,53.96457,4225.148655,3.319232,32920.0,15506.0,54253.0,100464.0,0.0,1.0,0.070015,3.0,3876.0,4733.0,4747.0,5336.0,5417.0,6282.0,6215.0,32730.0,10000.0
STV-r1p2,starve,1,2,4,uniform_random,8,0.7,4,10000,1,0,0,11.634,224000.0,33357.0,33187.0,0.14891517857142858,0.994903618430914,0.0518546875,4229.923494,53.6561,4283.579594,3.296532,32599.0,15429.0,56664.0,100723.0,0.0,1.0,0.067554,3.0,3768.0,4650.0,4705.0,5308.0,5304.0,6365.0,6355.0,32687.0,10000.0
STV-r1p2,starve,1,2,4,uniform_random,8,0.75,4,10000,1,0,0,11.553,240000.0,33383.0,33204.0,0.13909583333333334,0.9946379893958003,0.05188125,4276.547012,53.919076,4330.466088,3.310926,32668.0,15599.0,58358.0,100388.0,0.0,1.0,0.06847,3.0,3758.0,4676.0,4643.0,5419.0,5384.0,6323.0,6241.0,32686.0,10000.0
STV-r1p2,starve,1,2,4,uniform_random,8,0.8,4,10000,1,0,0,11.250,256000.0,33352.0,33157.0,0.13028125,0.9941532741664668,0.0518078125,4317.108846,53.959285,4371.06813,3.32132,32975.0,15475.0,57508.0,100581.0,0.0,1.0,0.067951,3.0,3643.0,4648.0,4700.0,5284.0,5346.0,6304.0,6376.0,32658.0,10000.0
STV-r1p2,starve,1,2,4,uniform_random,8,0.85,4,10000,1,0,0,11.374,272000.0,33397.0,33223.0,0.12278308823529412,0.994789951193221,0.0519109375,4360.003191,53.861602,4413.864792,3.315384,32804.0,15442.0,58972.0,100283.0,0.0,1.0,0.068115,3.0,3807.0,4710.0,4751.0,5363.0,5381.0,6218.0,6304.0,32727.0,10000.0
STV-r1p2,starve,1,2,4,uniform_random,8,0.9,4,10000,1,0,0,11.398,288000.0,33366.0,33188.0,0.11585416666666666,0.994665228076485,0.05185625,4395.581385,53.910299,4449.491684,3.305171,32800.0,15577.0,61303.0,100517.0,0.0,1.0,0.06676,3.0,3672.0,4739.0,4767.0,5286.0,5357.0,6226.0,6331.0,32706.0,10000.0
STV-r1p2,starve,1,2,4,uniform_random,8,0.95,4,10000,1,0,0,11.364,304000.0,33363.0,33189.0,0.1097467105263158,0.9947846416689147,0.0518578125,4424.411582,54.114978,4478.52656,3.312814,32677.0,15605.0,60030.0,100496.0,0.0,1.0,0.067713,3.0,3804.0,4797.0,4781.0,5307.0,5279.0,6213.0,6341.0,32718.0,10000.0
STV-r1p2,starve,1,2,4,uniform_random,8,1.0,4,10000,1,0,0,11.172,320000.0,33341.0,33155.0,0.104190625,0.9944212831048859,0.0518046875,4452.167788,53.843643,4506.011431,3.300709,32315.0,15426.0,62046.0,100524.0,0.0,1.0,0.066945,3.0,3670.0,4682.0,4679.0,5325.0,5349.0,6293.0,6310.0,32638.0,10000.0
