mode,pattern,injection_rate,link_latency,sim_cycles,traffic_epoch_cycles,seed,deadlock,expected_generated,packets_injected,packets_received,injection_acceptance,delivery_ratio,throughput,queueing_latency,network_latency,packet_latency,average_hops,escape_hops,escape_transitions,pool_allocations,owned_pool_allocations,demand_reclaims,owner_migrations,release_handoffs,release_keeps,ownership_wait_starts,ownership_wait_completions,ownership_wait_cycles,ownership_wait_max,pool_write_blocks,pool_read_conflicts,pool_reads,reserved_reads,borrowed_peak,sim_ticks,pool_allocations_east,pool_allocations_west,pool_allocations_north,pool_allocations_south,pool_allocations_up,pool_allocations_down,pool_reads_east,pool_reads_west,pool_reads_north,pool_reads_south,pool_reads_up,pool_reads_down,reserved_reads_east,reserved_reads_west,reserved_reads_north,reserved_reads_south,reserved_reads_up,reserved_reads_down,migrations_to_east,migrations_to_west,migrations_to_north,migrations_to_south,migrations_to_up,migrations_to_down
private_v4,torus3d_x_reversal,0.3,1,10000,4,1,0,96000.0,95859.0,95793.0,0.99853125,0.9993114887491003,0.1496765625,2.0,5.0,7.0,1.0,0.0,0.0,0.0,0.0,0.0,0.0,0.0,0.0,0.0,0.0,0.0,0.0,0.0,0.0,0.0,0.0,0.0,10000.0,0.0,0.0,0.0,0.0,0.0,0.0,0.0,0.0,0.0,0.0,0.0,0.0,0.0,0.0,0.0,0.0,0.0,0.0,0.0,0.0,0.0,0.0,0.0,0.0
private_v4,torus3d_x_reversal,0.3,1,10000,4,2,0,96000.0,95885.0,95837.0,0.9988020833333333,0.999499400323304,0.1497453125,2.0,5.0,7.0,1.0,0.0,0.0,0.0,0.0,0.0,0.0,0.0,0.0,0.0,0.0,0.0,0.0,0.0,0.0,0.0,0.0,0.0,10000.0,0.0,0.0,0.0,0.0,0.0,0.0,0.0,0.0,0.0,0.0,0.0,0.0,0.0,0.0,0.0,0.0,0.0,0.0,0.0,0.0,0.0,0.0,0.0,0.0
private_v4,torus3d_x_reversal,0.3,1,10000,4,3,0,96000.0,95687.0,95635.0,0.9967395833333333,0.999456561497382,0.1494296875,2.0,5.0,7.0,1.0,0.0,0.0,0.0,0.0,0.0,0.0,0.0,0.0,0.0,0.0,0.0,0.0,0.0,0.0,0.0,0.0,0.0,10000.0,0.0,0.0,0.0,0.0,0.0,0.0,0.0,0.0,0.0,0.0,0.0,0.0,0.0,0.0,0.0,0.0,0.0,0.0,0.0,0.0,0.0,0.0,0.0,0.0
private_v4,torus3d_x_reversal,0.9,1,10000,4,1,0,288000.0,287803.0,287628.0,0.9993159722222222,0.9993919451847271,0.44941875,2.0,5.0,7.0,1.0,0.0,0.0,0.0,0.0,0.0,0.0,0.0,0.0,0.0,0.0,0.0,0.0,0.0,0.0,0.0,0.0,0.0,10000.0,0.0,0.0,0.0,0.0,0.0,0.0,0.0,0.0,0.0,0.0,0.0,0.0,0.0,0.0,0.0,0.0,0.0,0.0,0.0,0.0,0.0,0.0,0.0,0.0
private_v4,torus3d_x_reversal,0.9,1,10000,4,2,0,288000.0,287460.0,287292.0,0.998125,0.999415570862033,0.44889375,2.0,5.0,7.0,1.0,0.0,0.0,0.0,0.0,0.0,0.0,0.0,0.0,0.0,0.0,0.0,0.0,0.0,0.0,0.0,0.0,0.0,10000.0,0.0,0.0,0.0,0.0,0.0,0.0,0.0,0.0,0.0,0.0,0.0,0.0,0.0,0.0,0.0,0.0,0.0,0.0,0.0,0.0,0.0,0.0,0.0,0.0
private_v4,torus3d_x_reversal,0.9,1,10000,4,3,0,288000.0,287527.0,287354.0,0.9983576388888888,0.9993983173754117,0.448990625,2.0,5.0,7.0,1.0,0.0,0.0,0.0,0.0,0.0,0.0,0.0,0.0,0.0,0.0,0.0,0.0,0.0,0.0,0.0,0.0,0.0,10000.0,0.0,0.0,0.0,0.0,0.0,0.0,0.0,0.0,0.0,0.0,0.0,0.0,0.0,0.0,0.0,0.0,0.0,0.0,0.0,0.0,0.0,0.0,0.0,0.0
private_v4,torus3d_x_reversal,0.3,1,10000,16,1,0,96000.0,95859.0,95793.0,0.99853125,0.9993114887491003,0.1496765625,2.0,5.0,7.0,1.0,0.0,0.0,0.0,0.0,0.0,0.0,0.0,0.0,0.0,0.0,0.0,0.0,0.0,0.0,0.0,0.0,0.0,10000.0,0.0,0.0,0.0,0.0,0.0,0.0,0.0,0.0,0.0,0.0,0.0,0.0,0.0,0.0,0.0,0.0,0.0,0.0,0.0,0.0,0.0,0.0,0.0,0.0
private_v4,torus3d_x_reversal,0.3,1,10000,16,2,0,96000.0,95885.0,95837.0,0.9988020833333333,0.999499400323304,0.1497453125,2.0,5.0,7.0,1.0,0.0,0.0,0.0,0.0,0.0,0.0,0.0,0.0,0.0,0.0,0.0,0.0,0.0,0.0,0.0,0.0,0.0,10000.0,0.0,0.0,0.0,0.0,0.0,0.0,0.0,0.0,0.0,0.0,0.0,0.0,0.0,0.0,0.0,0.0,0.0,0.0,0.0,0.0,0.0,0.0,0.0,0.0
private_v4,torus3d_x_reversal,0.3,1,10000,16,3,0,96000.0,95687.0,95635.0,0.9967395833333333,0.999456561497382,0.1494296875,2.0,5.0,7.0,1.0,0.0,0.0,0.0,0.0,0.0,0.0,0.0,0.0,0.0,0.0,0.0,0.0,0.0,0.0,0.0,0.0,0.0,10000.0,0.0,0.0,0.0,0.0,0.0,0.0,0.0,0.0,0.0,0.0,0.0,0.0,0.0,0.0,0.0,0.0,0.0,0.0,0.0,0.0,0.0,0.0,0.0,0.0
private_v4,torus3d_x_reversal,0.9,1,10000,16,1,0,288000.0,287803.0,287628.0,0.9993159722222222,0.9993919451847271,0.44941875,2.0,5.0,7.0,1.0,0.0,0.0,0.0,0.0,0.0,0.0,0.0,0.0,0.0,0.0,0.0,0.0,0.0,0.0,0.0,0.0,0.0,10000.0,0.0,0.0,0.0,0.0,0.0,0.0,0.0,0.0,0.0,0.0,0.0,0.0,0.0,0.0,0.0,0.0,0.0,0.0,0.0,0.0,0.0,0.0,0.0,0.0
private_v4,torus3d_x_reversal,0.9,1,10000,16,2,0,288000.0,287460.0,287292.0,0.998125,0.999415570862033,0.44889375,2.0,5.0,7.0,1.0,0.0,0.0,0.0,0.0,0.0,0.0,0.0,0.0,0.0,0.0,0.0,0.0,0.0,0.0,0.0,0.0,0.0,10000.0,0.0,0.0,0.0,0.0,0.0,0.0,0.0,0.0,0.0,0.0,0.0,0.0,0.0,0.0,0.0,0.0,0.0,0.0,0.0,0.0,0.0,0.0,0.0,0.0
private_v4,torus3d_x_reversal,0.9,1,10000,16,3,0,288000.0,287527.0,287354.0,0.9983576388888888,0.9993983173754117,0.448990625,2.0,5.0,7.0,1.0,0.0,0.0,0.0,0.0,0.0,0.0,0.0,0.0,0.0,0.0,0.0,0.0,0.0,0.0,0.0,0.0,0.0,10000.0,0.0,0.0,0.0,0.0,0.0,0.0,0.0,0.0,0.0,0.0,0.0,0.0,0.0,0.0,0.0,0.0,0.0,0.0,0.0,0.0,0.0,0.0,0.0,0.0
private_v4,torus3d_x_reversal,0.3,1,10000,64,1,0,96000.0,95859.0,95793.0,0.99853125,0.9993114887491003,0.1496765625,2.0,5.0,7.0,1.0,0.0,0.0,0.0,0.0,0.0,0.0,0.0,0.0,0.0,0.0,0.0,0.0,0.0,0.0,0.0,0.0,0.0,10000.0,0.0,0.0,0.0,0.0,0.0,0.0,0.0,0.0,0.0,0.0,0.0,0.0,0.0,0.0,0.0,0.0,0.0,0.0,0.0,0.0,0.0,0.0,0.0,0.0
private_v4,torus3d_x_reversal,0.3,1,10000,64,2,0,96000.0,95885.0,95837.0,0.9988020833333333,0.999499400323304,0.1497453125,2.0,5.0,7.0,1.0,0.0,0.0,0.0,0.0,0.0,0.0,0.0,0.0,0.0,0.0,0.0,0.0,0.0,0.0,0.0,0.0,0.0,10000.0,0.0,0.0,0.0,0.0,0.0,0.0,0.0,0.0,0.0,0.0,0.0,0.0,0.0,0.0,0.0,0.0,0.0,0.0,0.0,0.0,0.0,0.0,0.0,0.0
private_v4,torus3d_x_reversal,0.3,1,10000,64,3,0,96000.0,95687.0,95635.0,0.9967395833333333,0.999456561497382,0.1494296875,2.0,5.0,7.0,1.0,0.0,0.0,0.0,0.0,0.0,0.0,0.0,0.0,0.0,0.0,0.0,0.0,0.0,0.0,0.0,0.0,0.0,10000.0,0.0,0.0,0.0,0.0,0.0,0.0,0.0,0.0,0.0,0.0,0.0,0.0,0.0,0.0,0.0,0.0,0.0,0.0,0.0,0.0,0.0,0.0,0.0,0.0
private_v4,torus3d_x_reversal,0.9,1,10000,64,1,0,288000.0,287803.0,287628.0,0.9993159722222222,0.9993919451847271,0.44941875,2.0,5.0,7.0,1.0,0.0,0.0,0.0,0.0,0.0,0.0,0.0,0.0,0.0,0.0,0.0,0.0,0.0,0.0,0.0,0.0,0.0,10000.0,0.0,0.0,0.0,0.0,0.0,0.0,0.0,0.0,0.0,0.0,0.0,0.0,0.0,0.0,0.0,0.0,0.0,0.0,0.0,0.0,0.0,0.0,0.0,0.0
private_v4,torus3d_x_reversal,0.9,1,10000,64,2,0,288000.0,287460.0,287292.0,0.998125,0.999415570862033,0.44889375,2.0,5.0,7.0,1.0,0.0,0.0,0.0,0.0,0.0,0.0,0.0,0.0,0.0,0.0,0.0,0.0,0.0,0.0,0.0,0.0,0.0,10000.0,0.0,0.0,0.0,0.0,0.0,0.0,0.0,0.0,0.0,0.0,0.0,0.0,0.0,0.0,0.0,0.0,0.0,0.0,0.0,0.0,0.0,0.0,0.0,0.0
private_v4,torus3d_x_reversal,0.9,1,10000,64,3,0,288000.0,287527.0,287354.0,0.9983576388888888,0.9993983173754117,0.448990625,2.0,5.0,7.0,1.0,0.0,0.0,0.0,0.0,0.0,0.0,0.0,0.0,0.0,0.0,0.0,0.0,0.0,0.0,0.0,0.0,0.0,10000.0,0.0,0.0,0.0,0.0,0.0,0.0,0.0,0.0,0.0,0.0,0.0,0.0,0.0,0.0,0.0,0.0,0.0,0.0,0.0,0.0,0.0,0.0,0.0,0.0
private_v4,torus3d_x_reversal,0.3,1,10000,256,1,0,96000.0,95859.0,95793.0,0.99853125,0.9993114887491003,0.1496765625,2.0,5.0,7.0,1.0,0.0,0.0,0.0,0.0,0.0,0.0,0.0,0.0,0.0,0.0,0.0,0.0,0.0,0.0,0.0,0.0,0.0,10000.0,0.0,0.0,0.0,0.0,0.0,0.0,0.0,0.0,0.0,0.0,0.0,0.0,0.0,0.0,0.0,0.0,0.0,0.0,0.0,0.0,0.0,0.0,0.0,0.0
private_v4,torus3d_x_reversal,0.3,1,10000,256,2,0,96000.0,95885.0,95837.0,0.9988020833333333,0.999499400323304,0.1497453125,2.0,5.0,7.0,1.0,0.0,0.0,0.0,0.0,0.0,0.0,0.0,0.0,0.0,0.0,0.0,0.0,0.0,0.0,0.0,0.0,0.0,10000.0,0.0,0.0,0.0,0.0,0.0,0.0,0.0,0.0,0.0,0.0,0.0,0.0,0.0,0.0,0.0,0.0,0.0,0.0,0.0,0.0,0.0,0.0,0.0,0.0
private_v4,torus3d_x_reversal,0.3,1,10000,256,3,0,96000.0,95687.0,95635.0,0.9967395833333333,0.999456561497382,0.1494296875,2.0,5.0,7.0,1.0,0.0,0.0,0.0,0.0,0.0,0.0,0.0,0.0,0.0,0.0,0.0,0.0,0.0,0.0,0.0,0.0,0.0,10000.0,0.0,0.0,0.0,0.0,0.0,0.0,0.0,0.0,0.0,0.0,0.0,0.0,0.0,0.0,0.0,0.0,0.0,0.0,0.0,0.0,0.0,0.0,0.0,0.0
private_v4,torus3d_x_reversal,0.9,1,10000,256,1,0,288000.0,287803.0,287628.0,0.9993159722222222,0.9993919451847271,0.44941875,2.0,5.0,7.0,1.0,0.0,0.0,0.0,0.0,0.0,0.0,0.0,0.0,0.0,0.0,0.0,0.0,0.0,0.0,0.0,0.0,0.0,10000.0,0.0,0.0,0.0,0.0,0.0,0.0,0.0,0.0,0.0,0.0,0.0,0.0,0.0,0.0,0.0,0.0,0.0,0.0,0.0,0.0,0.0,0.0,0.0,0.0
private_v4,torus3d_x_reversal,0.9,1,10000,256,2,0,288000.0,287460.0,287292.0,0.998125,0.999415570862033,0.44889375,2.0,5.0,7.0,1.0,0.0,0.0,0.0,0.0,0.0,0.0,0.0,0.0,0.0,0.0,0.0,0.0,0.0,0.0,0.0,0.0,0.0,10000.0,0.0,0.0,0.0,0.0,0.0,0.0,0.0,0.0,0.0,0.0,0.0,0.0,0.0,0.0,0.0,0.0,0.0,0.0,0.0,0.0,0.0,0.0,0.0,0.0
private_v4,torus3d_x_reversal,0.9,1,10000,256,3,0,288000.0,287527.0,287354.0,0.9983576388888888,0.9993983173754117,0.448990625,2.0,5.0,7.0,1.0,0.0,0.0,0.0,0.0,0.0,0.0,0.0,0.0,0.0,0.0,0.0,0.0,0.0,0.0,0.0,0.0,0.0,10000.0,0.0,0.0,0.0,0.0,0.0,0.0,0.0,0.0,0.0,0.0,0.0,0.0,0.0,0.0,0.0,0.0,0.0,0.0,0.0,0.0,0.0,0.0,0.0,0.0
dpphys_rts,torus3d_x_reversal,0.3,1,10000,4,1,0,96000.0,95859.0,95793.0,0.99853125,0.9993114887491003,0.1496765625,2.0,5.447381,7.447381,1.0,0.0,0.0,22987.0,22987.0,0.0,0.0,0.0,22979.0,0.0,0.0,0.0,0.0,0.0,0.0,22979.0,72841.0,0.0,10000.0,13962.0,9025.0,0.0,0.0,0.0,0.0,13954.0,9025.0,0.0,0.0,0.0,0.0,33858.0,38983.0,0.0,0.0,0.0,0.0,0.0,0.0,0.0,0.0,0.0,0.0
dpphys_rts,torus3d_x_reversal,0.3,1,10000,4,2,0,96000.0,95885.0,95837.0,0.9988020833333333,0.999499400323304,0.1497453125,2.0,5.446852,7.446852,1.0,0.0,0.0,22936.0,22936.0,0.0,0.0,0.0,22931.0,0.0,0.0,0.0,0.0,0.0,0.0,22931.0,72925.0,0.0,10000.0,14074.0,8862.0,0.0,0.0,0.0,0.0,14069.0,8862.0,0.0,0.0,0.0,0.0,33982.0,38943.0,0.0,0.0,0.0,0.0,0.0,0.0,0.0,0.0,0.0,0.0
dpphys_rts,torus3d_x_reversal,0.3,1,10000,4,3,0,96000.0,95687.0,95635.0,0.9967395833333333,0.999456561497382,0.1494296875,2.0,5.446071,7.446071,1.0,0.0,0.0,22843.0,22843.0,0.0,0.0,0.0,22837.0,0.0,0.0,0.0,0.0,0.0,0.0,22837.0,72818.0,0.0,10000.0,13917.0,8926.0,0.0,0.0,0.0,0.0,13911.0,8926.0,0.0,0.0,0.0,0.0,33754.0,39064.0,0.0,0.0,0.0,0.0,0.0,0.0,0.0,0.0,0.0,0.0
dpphys_rts,torus3d_x_reversal,0.9,1,10000,4,1,0,288000.0,287803.0,287628.0,0.9993159722222222,0.9993919451847271,0.44941875,2.0,5.477533,7.477533,1.0,0.0,0.0,136610.0,136610.0,0.0,0.0,0.0,136561.0,0.0,0.0,0.0,0.0,0.0,0.0,136561.0,151126.0,0.0,10000.0,71475.0,65135.0,0.0,0.0,0.0,0.0,71426.0,65135.0,0.0,0.0,0.0,0.0,72276.0,78850.0,0.0,0.0,0.0,0.0,0.0,0.0,0.0,0.0,0.0,0.0
dpphys_rts,torus3d_x_reversal,0.9,1,10000,4,2,0,288000.0,287460.0,287292.0,0.998125,0.999415570862033,0.44889375,2.0,5.476898,7.476898,1.0,0.0,0.0,136217.0,136217.0,0.0,0.0,0.0,136172.0,0.0,0.0,0.0,0.0,0.0,0.0,136172.0,151177.0,0.0,10000.0,71460.0,64757.0,0.0,0.0,0.0,0.0,71415.0,64757.0,0.0,0.0,0.0,0.0,72309.0,78868.0,0.0,0.0,0.0,0.0,0.0,0.0,0.0,0.0,0.0,0.0
dpphys_rts,torus3d_x_reversal,0.9,1,10000,4,3,0,288000.0,287527.0,287354.0,0.9983576388888888,0.9993983173754117,0.448990625,2.0,5.476994,7.476994,1.0,0.0,0.0,136378.0,136378.0,0.0,0.0,0.0,136326.0,0.0,0.0,0.0,0.0,0.0,0.0,136326.0,151087.0,0.0,10000.0,71489.0,64889.0,0.0,0.0,0.0,0.0,71437.0,64889.0,0.0,0.0,0.0,0.0,72236.0,78851.0,0.0,0.0,0.0,0.0,0.0,0.0,0.0,0.0,0.0,0.0
dpphys_rts,torus3d_x_reversal,0.3,1,10000,16,1,0,96000.0,95859.0,95793.0,0.99853125,0.9993114887491003,0.1496765625,2.0,5.433706,7.433706,1.0,0.0,0.0,27470.0,27470.0,0.0,0.0,0.0,27465.0,0.0,0.0,0.0,0.0,0.0,0.0,27465.0,68355.0,0.0,10000.0,16811.0,10659.0,0.0,0.0,0.0,0.0,16811.0,10654.0,0.0,0.0,0.0,0.0,30902.0,37453.0,0.0,0.0,0.0,0.0,0.0,0.0,0.0,0.0,0.0,0.0
dpphys_rts,torus3d_x_reversal,0.3,1,10000,16,2,0,96000.0,95885.0,95837.0,0.9988020833333333,0.999499400323304,0.1497453125,2.0,5.433037,7.433037,1.0,0.0,0.0,27447.0,27447.0,0.0,0.0,0.0,27443.0,0.0,0.0,0.0,0.0,0.0,0.0,27443.0,68413.0,0.0,10000.0,16984.0,10463.0,0.0,0.0,0.0,0.0,16984.0,10459.0,0.0,0.0,0.0,0.0,31047.0,37366.0,0.0,0.0,0.0,0.0,0.0,0.0,0.0,0.0,0.0,0.0
dpphys_rts,torus3d_x_reversal,0.3,1,10000,16,3,0,96000.0,95687.0,95635.0,0.9967395833333333,0.999456561497382,0.1494296875,2.0,5.433335,7.433335,1.0,0.0,0.0,27459.0,27459.0,0.0,0.0,0.0,27455.0,0.0,0.0,0.0,0.0,0.0,0.0,27455.0,68200.0,0.0,10000.0,16973.0,10486.0,0.0,0.0,0.0,0.0,16973.0,10482.0,0.0,0.0,0.0,0.0,30964.0,37236.0,0.0,0.0,0.0,0.0,0.0,0.0,0.0,0.0,0.0,0.0
dpphys_rts,torus3d_x_reversal,0.9,1,10000,16,1,0,288000.0,287803.0,287628.0,0.9993159722222222,0.9993919451847271,0.44941875,2.0,5.422466,7.422466,1.0,0.0,0.0,154917.0,154917.0,0.0,0.0,0.0,154879.0,0.0,0.0,0.0,0.0,0.0,0.0,154879.0,132808.0,0.0,10000.0,88546.0,66371.0,0.0,0.0,0.0,0.0,88546.0,66333.0,0.0,0.0,0.0,0.0,55193.0,77615.0,0.0,0.0,0.0,0.0,0.0,0.0,0.0,0.0,0.0,0.0
dpphys_rts,torus3d_x_reversal,0.9,1,10000,16,2,0,288000.0,287460.0,287292.0,0.998125,0.999415570862033,0.44889375,2.0,5.421961,7.421961,1.0,0.0,0.0,154662.0,154662.0,0.0,0.0,0.0,154628.0,0.0,0.0,0.0,0.0,0.0,0.0,154628.0,132721.0,0.0,10000.0,88455.0,66207.0,0.0,0.0,0.0,0.0,88455.0,66173.0,0.0,0.0,0.0,0.0,55066.0,77655.0,0.0,0.0,0.0,0.0,0.0,0.0,0.0,0.0,0.0,0.0
dpphys_rts,torus3d_x_reversal,0.9,1,10000,16,3,0,288000.0,287527.0,287354.0,0.9983576388888888,0.9993983173754117,0.448990625,2.0,5.42211,7.42211,1.0,0.0,0.0,154671.0,154671.0,0.0,0.0,0.0,154624.0,0.0,0.0,0.0,0.0,0.0,0.0,154624.0,132789.0,0.0,10000.0,88466.0,66205.0,0.0,0.0,0.0,0.0,88466.0,66158.0,0.0,0.0,0.0,0.0,55143.0,77646.0,0.0,0.0,0.0,0.0,0.0,0.0,0.0,0.0,0.0,0.0
dpphys_rts,torus3d_x_reversal,0.3,1,10000,64,1,0,96000.0,95859.0,95793.0,0.99853125,0.9993114887491003,0.1496765625,2.0,5.429802,7.429802,1.0,0.0,0.0,28703.0,28703.0,0.0,0.0,0.0,28698.0,0.0,0.0,0.0,0.0,0.0,0.0,28698.0,67122.0,0.0,10000.0,17655.0,11048.0,0.0,0.0,0.0,0.0,17655.0,11043.0,0.0,0.0,0.0,0.0,30139.0,36983.0,0.0,0.0,0.0,0.0,0.0,0.0,0.0,0.0,0.0,0.0
dpphys_rts,torus3d_x_reversal,0.3,1,10000,64,2,0,96000.0,95885.0,95837.0,0.9988020833333333,0.999499400323304,0.1497453125,2.0,5.430199,7.430199,1.0,0.0,0.0,28642.0,28642.0,0.0,0.0,0.0,28638.0,0.0,0.0,0.0,0.0,0.0,0.0,28638.0,67218.0,0.0,10000.0,17710.0,10932.0,0.0,0.0,0.0,0.0,17710.0,10928.0,0.0,0.0,0.0,0.0,30306.0,36912.0,0.0,0.0,0.0,0.0,0.0,0.0,0.0,0.0,0.0,0.0
dpphys_rts,torus3d_x_reversal,0.3,1,10000,64,3,0,96000.0,95687.0,95635.0,0.9967395833333333,0.999456561497382,0.1494296875,2.0,5.428922,7.428922,1.0,0.0,0.0,28539.0,28539.0,0.0,0.0,0.0,28535.0,0.0,0.0,0.0,0.0,0.0,0.0,28535.0,67120.0,0.0,10000.0,17566.0,10973.0,0.0,0.0,0.0,0.0,17566.0,10969.0,0.0,0.0,0.0,0.0,30055.0,37065.0,0.0,0.0,0.0,0.0,0.0,0.0,0.0,0.0,0.0,0.0
dpphys_rts,torus3d_x_reversal,0.9,1,10000,64,1,0,288000.0,287803.0,287628.0,0.9993159722222222,0.9993919451847271,0.44941875,2.0,5.416103,7.416103,1.0,0.0,0.0,159219.0,159219.0,0.0,0.0,0.0,159181.0,0.0,0.0,0.0,0.0,0.0,0.0,159181.0,128506.0,0.0,10000.0,91573.0,67646.0,0.0,0.0,0.0,0.0,91573.0,67608.0,0.0,0.0,0.0,0.0,52088.0,76418.0,0.0,0.0,0.0,0.0,0.0,0.0,0.0,0.0,0.0,0.0
dpphys_rts,torus3d_x_reversal,0.9,1,10000,64,2,0,288000.0,287460.0,287292.0,0.998125,0.999415570862033,0.44889375,2.0,5.415549,7.415549,1.0,0.0,0.0,159088.0,159088.0,0.0,0.0,0.0,159054.0,0.0,0.0,0.0,0.0,0.0,0.0,159054.0,128295.0,0.0,10000.0,91650.0,67438.0,0.0,0.0,0.0,0.0,91650.0,67404.0,0.0,0.0,0.0,0.0,51993.0,76302.0,0.0,0.0,0.0,0.0,0.0,0.0,0.0,0.0,0.0,0.0
dpphys_rts,torus3d_x_reversal,0.9,1,10000,64,3,0,288000.0,287527.0,287354.0,0.9983576388888888,0.9993983173754117,0.448990625,2.0,5.4161,7.4161,1.0,0.0,0.0,159016.0,159016.0,0.0,0.0,0.0,158969.0,0.0,0.0,0.0,0.0,0.0,0.0,158969.0,128444.0,0.0,10000.0,91415.0,67601.0,0.0,0.0,0.0,0.0,91415.0,67554.0,0.0,0.0,0.0,0.0,52020.0,76424.0,0.0,0.0,0.0,0.0,0.0,0.0,0.0,0.0,0.0,0.0
dpphys_rts,torus3d_x_reversal,0.3,1,10000,256,1,0,96000.0,95859.0,95793.0,0.99853125,0.9993114887491003,0.1496765625,2.0,5.422682,7.422682,1.0,0.0,0.0,28838.0,28838.0,0.0,0.0,0.0,28826.0,0.0,0.0,0.0,0.0,0.0,0.0,28826.0,66994.0,0.0,10000.0,17559.0,11279.0,0.0,0.0,0.0,0.0,17547.0,11279.0,0.0,0.0,0.0,0.0,29225.0,37769.0,0.0,0.0,0.0,0.0,0.0,0.0,0.0,0.0,0.0,0.0
dpphys_rts,torus3d_x_reversal,0.3,1,10000,256,2,0,96000.0,95885.0,95837.0,0.9988020833333333,0.999499400323304,0.1497453125,2.0,5.424471,7.424471,1.0,0.0,0.0,28776.0,28776.0,0.0,0.0,0.0,28771.0,0.0,0.0,0.0,0.0,0.0,0.0,28771.0,67085.0,0.0,10000.0,17400.0,11376.0,0.0,0.0,0.0,0.0,17395.0,11376.0,0.0,0.0,0.0,0.0,29314.0,37771.0,0.0,0.0,0.0,0.0,0.0,0.0,0.0,0.0,0.0,0.0
dpphys_rts,torus3d_x_reversal,0.3,1,10000,256,3,0,96000.0,95687.0,95635.0,0.9967395833333333,0.999456561497382,0.1494296875,2.0,5.423851,7.423851,1.0,0.0,0.0,28701.0,28701.0,0.0,0.0,0.0,28692.0,0.0,0.0,0.0,0.0,0.0,0.0,28692.0,66963.0,0.0,10000.0,17369.0,11332.0,0.0,0.0,0.0,0.0,17360.0,11332.0,0.0,0.0,0.0,0.0,29217.0,37746.0,0.0,0.0,0.0,0.0,0.0,0.0,0.0,0.0,0.0,0.0
dpphys_rts,torus3d_x_reversal,0.9,1,10000,256,1,0,288000.0,287803.0,287628.0,0.9993159722222222,0.9993919451847271,0.44941875,2.0,5.41747,7.41747,1.0,0.0,0.0,159692.0,159692.0,0.0,0.0,0.0,159659.0,0.0,0.0,0.0,0.0,0.0,0.0,159659.0,128028.0,0.0,10000.0,89914.0,69778.0,0.0,0.0,0.0,0.0,89881.0,69778.0,0.0,0.0,0.0,0.0,50317.0,77711.0,0.0,0.0,0.0,0.0,0.0,0.0,0.0,0.0,0.0,0.0
dpphys_rts,torus3d_x_reversal,0.9,1,10000,256,2,0,288000.0,287460.0,287292.0,0.998125,0.999415570862033,0.44889375,2.0,5.416969,7.416969,1.0,0.0,0.0,159425.0,159425.0,0.0,0.0,0.0,159392.0,0.0,0.0,0.0,0.0,0.0,0.0,159392.0,127957.0,0.0,10000.0,89843.0,69582.0,0.0,0.0,0.0,0.0,89810.0,69582.0,0.0,0.0,0.0,0.0,50237.0,77720.0,0.0,0.0,0.0,0.0,0.0,0.0,0.0,0.0,0.0,0.0
dpphys_rts,torus3d_x_reversal,0.9,1,10000,256,3,0,288000.0,287527.0,287354.0,0.9983576388888888,0.9993983173754117,0.448990625,2.0,5.417182,7.417182,1.0,0.0,0.0,159471.0,159471.0,0.0,0.0,0.0,159431.0,0.0,0.0,0.0,0.0,0.0,0.0,159431.0,127982.0,0.0,10000.0,89875.0,69596.0,0.0,0.0,0.0,0.0,89835.0,69596.0,0.0,0.0,0.0,0.0,50303.0,77679.0,0.0,0.0,0.0,0.0,0.0,0.0,0.0,0.0,0.0,0.0
dpphys_owner_rr,torus3d_x_reversal,0.3,1,10000,4,1,0,96000.0,95859.0,95793.0,0.99853125,0.9993114887491003,0.1496765625,2.0,5.466349,7.466349,1.005115,1437.0,947.0,22061.0,22061.0,0.0,8521.0,8521.0,13532.0,0.0,0.0,0.0,0.0,0.0,0.0,22053.0,74257.0,1.0,10000.0,13052.0,9009.0,0.0,0.0,0.0,0.0,13044.0,9009.0,0.0,0.0,0.0,0.0,34563.0,39694.0,0.0,0.0,0.0,0.0,4248.0,4273.0,0.0,0.0,0.0,0.0
dpphys_owner_rr,torus3d_x_reversal,0.3,1,10000,4,2,0,96000.0,95885.0,95837.0,0.9988020833333333,0.999499400323304,0.1497453125,2.0,5.466834,7.466834,1.005238,1472.0,970.0,21994.0,21994.0,0.0,8487.0,8487.0,13502.0,0.0,0.0,0.0,0.0,0.0,0.0,21989.0,74369.0,1.0,10000.0,13131.0,8863.0,0.0,0.0,0.0,0.0,13126.0,8863.0,0.0,0.0,0.0,0.0,34714.0,39655.0,0.0,0.0,0.0,0.0,4232.0,4255.0,0.0,0.0,0.0,0.0
dpphys_owner_rr,torus3d_x_reversal,0.3,1,10000,4,3,0,96000.0,95687.0,95635.0,0.9967395833333333,0.999456561497382,0.1494296875,2.0,5.464244,7.464244,1.004475,1369.0,941.0,21919.0,21919.0,0.0,8175.0,8175.0,13738.0,0.0,0.0,0.0,0.0,0.0,0.0,21913.0,74170.0,1.0,10000.0,13004.0,8915.0,0.0,0.0,0.0,0.0,12998.0,8915.0,0.0,0.0,0.0,0.0,34481.0,39689.0,0.0,0.0,0.0,0.0,4076.0,4099.0,0.0,0.0,0.0,0.0
dpphys_owner_rr,torus3d_x_reversal,0.9,1,10000,4,1,0,288000.0,287803.0,287628.0,0.9993159722222222,0.9993919451847271,0.44941875,2.0,5.520314,7.520314,1.009916,8797.0,5945.0,130847.0,130847.0,0.0,60809.0,60809.0,69989.0,0.0,0.0,0.0,0.0,0.0,0.0,130798.0,159741.0,1.0,10000.0,65977.0,64870.0,0.0,0.0,0.0,0.0,65928.0,64870.0,0.0,0.0,0.0,0.0,76724.0,83017.0,0.0,0.0,0.0,0.0,30403.0,30406.0,0.0,0.0,0.0,0.0
dpphys_owner_rr,torus3d_x_reversal,0.9,1,10000,4,2,0,288000.0,287460.0,287292.0,0.998125,0.999415570862033,0.44889375,2.0,5.520899,7.520899,1.009997,9098.0,6226.0,130180.0,130180.0,0.0,60313.0,60313.0,69822.0,0.0,0.0,0.0,0.0,0.0,0.0,130135.0,160086.0,1.0,10000.0,65662.0,64518.0,0.0,0.0,0.0,0.0,65617.0,64518.0,0.0,0.0,0.0,0.0,77027.0,83059.0,0.0,0.0,0.0,0.0,30159.0,30154.0,0.0,0.0,0.0,0.0
dpphys_owner_rr,torus3d_x_reversal,0.9,1,10000,4,3,0,288000.0,287527.0,287354.0,0.9983576388888888,0.9993983173754117,0.448990625,2.0,5.518991,7.518991,1.009466,8736.0,6016.0,130522.0,130522.0,0.0,60587.0,60587.0,69883.0,0.0,0.0,0.0,0.0,0.0,0.0,130470.0,159663.0,1.0,10000.0,65859.0,64663.0,0.0,0.0,0.0,0.0,65807.0,64663.0,0.0,0.0,0.0,0.0,76730.0,82933.0,0.0,0.0,0.0,0.0,30294.0,30293.0,0.0,0.0,0.0,0.0
dpphys_owner_rr,torus3d_x_reversal,0.3,1,10000,16,1,0,96000.0,95859.0,95793.0,0.99853125,0.9993114887491003,0.1496765625,2.0,5.456098,7.456098,1.006556,1843.0,1215.0,26259.0,26259.0,0.0,10070.0,10070.0,16184.0,0.0,0.0,0.0,0.0,0.0,0.0,26254.0,70194.0,1.0,10000.0,15663.0,10596.0,0.0,0.0,0.0,0.0,15663.0,10591.0,0.0,0.0,0.0,0.0,31812.0,38382.0,0.0,0.0,0.0,0.0,5022.0,5048.0,0.0,0.0,0.0,0.0
dpphys_owner_rr,torus3d_x_reversal,0.3,1,10000,16,2,0,96000.0,95885.0,95837.0,0.9988020833333333,0.999499400323304,0.1497453125,2.0,5.457099,7.457099,1.006866,1966.0,1308.0,26144.0,26144.0,0.0,9809.0,9809.0,16331.0,0.0,0.0,0.0,0.0,0.0,0.0,26140.0,70374.0,1.0,10000.0,15743.0,10401.0,0.0,0.0,0.0,0.0,15743.0,10397.0,0.0,0.0,0.0,0.0,32031.0,38343.0,0.0,0.0,0.0,0.0,4884.0,4925.0,0.0,0.0,0.0,0.0
dpphys_owner_rr,torus3d_x_reversal,0.3,1,10000,16,3,0,96000.0,95687.0,95635.0,0.9967395833333333,0.999456561497382,0.1494296875,2.0,5.456946,7.456946,1.006629,1913.0,1279.0,26186.0,26186.0,0.0,9868.0,9868.0,16314.0,0.0,0.0,0.0,0.0,0.0,0.0,26182.0,70107.0,1.0,10000.0,15751.0,10435.0,0.0,0.0,0.0,0.0,15751.0,10431.0,0.0,0.0,0.0,0.0,31937.0,38170.0,0.0,0.0,0.0,0.0,4912.0,4956.0,0.0,0.0,0.0,0.0
dpphys_owner_rr,torus3d_x_reversal,0.9,1,10000,16,1,0,288000.0,287803.0,287628.0,0.9993159722222222,0.9993919451847271,0.44941875,2.0,5.643053,7.643053,1.05973,51591.0,34411.0,121505.0,121505.0,0.0,39914.0,39914.0,81561.0,0.0,0.0,0.0,0.0,0.0,0.0,121475.0,183392.0,1.0,10000.0,66773.0,54732.0,0.0,0.0,0.0,0.0,66773.0,54702.0,0.0,0.0,0.0,0.0,80656.0,102736.0,0.0,0.0,0.0,0.0,19956.0,19958.0,0.0,0.0,0.0,0.0
dpphys_owner_rr,torus3d_x_reversal,0.9,1,10000,16,2,0,288000.0,287460.0,287288.0,0.998125,0.9994016558825576,0.4488875,2.0,5.641342,7.641342,1.059752,51417.0,34251.0,121428.0,121428.0,0.0,39905.0,39905.0,81491.0,0.0,0.0,0.0,0.0,0.0,0.0,121396.0,183119.0,1.0,10000.0,66797.0,54631.0,0.0,0.0,0.0,0.0,66797.0,54599.0,0.0,0.0,0.0,0.0,80533.0,102586.0,0.0,0.0,0.0,0.0,19952.0,19953.0,0.0,0.0,0.0,0.0
dpphys_owner_rr,torus3d_x_reversal,0.9,1,10000,16,3,0,288000.0,287527.0,287352.0,0.9983576388888888,0.9993913615069193,0.4489875,2.0,5.637702,7.637702,1.058729,51219.0,34343.0,121346.0,121346.0,0.0,39902.0,39902.0,81405.0,0.0,0.0,0.0,0.0,0.0,0.0,121307.0,182982.0,1.0,10000.0,66704.0,54642.0,0.0,0.0,0.0,0.0,66704.0,54603.0,0.0,0.0,0.0,0.0,80543.0,102439.0,0.0,0.0,0.0,0.0,19952.0,19950.0,0.0,0.0,0.0,0.0
dpphys_owner_rr,torus3d_x_reversal,0.3,1,10000,64,1,0,96000.0,95859.0,95793.0,0.99853125,0.9993114887491003,0.1496765625,2.0,5.460472,7.460472,1.010272,2782.0,1798.0,26907.0,26907.0,0.0,8405.0,8405.0,18497.0,0.0,0.0,0.0,0.0,0.0,0.0,26902.0,69902.0,1.0,10000.0,16153.0,10754.0,0.0,0.0,0.0,0.0,16153.0,10749.0,0.0,0.0,0.0,0.0,31489.0,38413.0,0.0,0.0,0.0,0.0,4178.0,4227.0,0.0,0.0,0.0,0.0
dpphys_owner_rr,torus3d_x_reversal,0.3,1,10000,64,2,0,96000.0,95885.0,95837.0,0.9988020833333333,0.999499400323304,0.1497453125,2.0,5.460115,7.460115,1.009495,2649.0,1739.0,26904.0,26904.0,0.0,8442.0,8442.0,18458.0,0.0,0.0,0.0,0.0,0.0,0.0,26900.0,69866.0,1.0,10000.0,16199.0,10705.0,0.0,0.0,0.0,0.0,16199.0,10701.0,0.0,0.0,0.0,0.0,31598.0,38268.0,0.0,0.0,0.0,0.0,4195.0,4247.0,0.0,0.0,0.0,0.0
dpphys_owner_rr,torus3d_x_reversal,0.3,1,10000,64,3,0,96000.0,95687.0,95635.0,0.9967395833333333,0.999456561497382,0.1494296875,2.0,5.456862,7.456862,1.008825,2568.0,1724.0,26815.0,26815.0,0.0,8349.0,8349.0,18462.0,0.0,0.0,0.0,0.0,0.0,0.0,26811.0,69688.0,1.0,10000.0,16116.0,10699.0,0.0,0.0,0.0,0.0,16116.0,10695.0,0.0,0.0,0.0,0.0,31367.0,38321.0,0.0,0.0,0.0,0.0,4148.0,4201.0,0.0,0.0,0.0,0.0
dpphys_owner_rr,torus3d_x_reversal,0.9,1,10000,64,1,0,288000.0,287803.0,287628.0,0.9993159722222222,0.9993919451847271,0.44941875,2.0,5.758674,7.758674,1.109788,94151.0,62573.0,96852.0,96852.0,0.0,9984.0,9984.0,86839.0,0.0,0.0,0.0,0.0,0.0,0.0,96823.0,222442.0,1.0,10000.0,55149.0,41703.0,0.0,0.0,0.0,0.0,55149.0,41674.0,0.0,0.0,0.0,0.0,99495.0,122947.0,0.0,0.0,0.0,0.0,4992.0,4992.0,0.0,0.0,0.0,0.0
dpphys_owner_rr,torus3d_x_reversal,0.9,1,10000,64,2,0,288000.0,287460.0,287290.0,0.998125,0.9994086133722953,0.448890625,2.0,5.758415,7.758415,1.109889,94059.0,62489.0,96823.0,96823.0,0.0,9980.0,9980.0,86812.0,0.0,0.0,0.0,0.0,0.0,0.0,96792.0,222127.0,1.0,10000.0,55185.0,41638.0,0.0,0.0,0.0,0.0,55185.0,41607.0,0.0,0.0,0.0,0.0,99301.0,122826.0,0.0,0.0,0.0,0.0,4988.0,4992.0,0.0,0.0,0.0,0.0
dpphys_owner_rr,torus3d_x_reversal,0.9,1,10000,64,3,0,288000.0,287527.0,287352.0,0.9983576388888888,0.9993913615069193,0.4489875,2.0,5.757955,7.757955,1.110004,94058.0,62448.0,96776.0,96776.0,0.0,9985.0,9985.0,86751.0,0.0,0.0,0.0,0.0,0.0,0.0,96736.0,222287.0,1.0,10000.0,55100.0,41676.0,0.0,0.0,0.0,0.0,55100.0,41636.0,0.0,0.0,0.0,0.0,99182.0,123105.0,0.0,0.0,0.0,0.0,4993.0,4992.0,0.0,0.0,0.0,0.0
dpphys_owner_rr,torus3d_x_reversal,0.3,1,10000,256,1,0,96000.0,95859.0,95792.0,0.99853125,0.9993010567604502,0.149675,2.0,5.468526,7.468526,1.016473,4621.0,3041.0,25797.0,25797.0,0.0,2496.0,2496.0,23292.0,0.0,0.0,0.0,0.0,0.0,0.0,25788.0,71612.0,1.0,10000.0,15293.0,10504.0,0.0,0.0,0.0,0.0,15284.0,10504.0,0.0,0.0,0.0,0.0,31514.0,40098.0,0.0,0.0,0.0,0.0,1216.0,1280.0,0.0,0.0,0.0,0.0
dpphys_owner_rr,torus3d_x_reversal,0.3,1,10000,256,2,0,96000.0,95885.0,95837.0,0.9988020833333333,0.999499400323304,0.1497453125,2.0,5.467888,7.467888,1.015088,4399.0,2953.0,25823.0,25823.0,0.0,2496.0,2496.0,23323.0,0.0,0.0,0.0,0.0,0.0,0.0,25819.0,71483.0,1.0,10000.0,15195.0,10628.0,0.0,0.0,0.0,0.0,15191.0,10628.0,0.0,0.0,0.0,0.0,31515.0,39968.0,0.0,0.0,0.0,0.0,1216.0,1280.0,0.0,0.0,0.0,0.0
dpphys_owner_rr,torus3d_x_reversal,0.3,1,10000,256,3,0,96000.0,95687.0,95634.0,0.9967395833333333,0.9994461107569471,0.149428125,2.0,5.466947,7.466947,1.014723,4354.0,2944.0,25759.0,25759.0,0.0,2496.0,2496.0,23256.0,0.0,0.0,0.0,0.0,0.0,0.0,25752.0,71312.0,1.0,10000.0,15144.0,10615.0,0.0,0.0,0.0,0.0,15137.0,10615.0,0.0,0.0,0.0,0.0,31435.0,39877.0,0.0,0.0,0.0,0.0,1216.0,1280.0,0.0,0.0,0.0,0.0
dpphys_owner_rr,torus3d_x_reversal,0.9,1,10000,256,1,0,288000.0,287803.0,287614.0,0.9993159722222222,0.9993433007995052,0.449396875,2.0,5.788633,7.788633,1.12304,105131.0,69714.0,90022.0,90022.0,0.0,2496.0,2496.0,87500.0,0.0,0.0,0.0,0.0,0.0,0.0,89996.0,233093.0,1.0,10000.0,50691.0,39331.0,0.0,0.0,0.0,0.0,50665.0,39331.0,0.0,0.0,0.0,0.0,103416.0,129677.0,0.0,0.0,0.0,0.0,1216.0,1280.0,0.0,0.0,0.0,0.0
dpphys_owner_rr,torus3d_x_reversal,0.9,1,10000,256,2,0,288000.0,287460.0,287280.0,0.998125,0.9993738259236068,0.448875,2.0,5.784684,7.784684,1.122104,104608.0,69508.0,89971.0,89971.0,0.0,2496.0,2496.0,87449.0,0.0,0.0,0.0,0.0,0.0,0.0,89945.0,232492.0,1.0,10000.0,50711.0,39260.0,0.0,0.0,0.0,0.0,50685.0,39260.0,0.0,0.0,0.0,0.0,102925.0,129567.0,0.0,0.0,0.0,0.0,1216.0,1280.0,0.0,0.0,0.0,0.0
dpphys_owner_rr,torus3d_x_reversal,0.9,1,10000,256,3,0,288000.0,287527.0,287341.0,0.9983576388888888,0.9993531042302114,0.4489703125,2.0,5.783014,7.783014,1.12166,104516.0,69537.0,89983.0,89983.0,0.0,2496.0,2496.0,87462.0,0.0,0.0,0.0,0.0,0.0,0.0,89958.0,232420.0,1.0,10000.0,50737.0,39246.0,0.0,0.0,0.0,0.0,50712.0,39246.0,0.0,0.0,0.0,0.0,102985.0,129435.0,0.0,0.0,0.0,0.0,1216.0,1280.0,0.0,0.0,0.0,0.0
dpphys_pressure,torus3d_x_reversal,0.3,1,10000,4,1,0,96000.0,95859.0,95793.0,0.99853125,0.9993114887491003,0.1496765625,2.0,5.447381,7.447381,1.0,0.0,0.0,22987.0,22987.0,0.0,0.0,0.0,22979.0,0.0,0.0,0.0,0.0,0.0,0.0,22979.0,72841.0,0.0,10000.0,13962.0,9025.0,0.0,0.0,0.0,0.0,13954.0,9025.0,0.0,0.0,0.0,0.0,33858.0,38983.0,0.0,0.0,0.0,0.0,0.0,0.0,0.0,0.0,0.0,0.0
dpphys_pressure,torus3d_x_reversal,0.3,1,10000,4,2,0,96000.0,95885.0,95837.0,0.9988020833333333,0.999499400323304,0.1497453125,2.0,5.446852,7.446852,1.0,0.0,0.0,22936.0,22936.0,0.0,0.0,0.0,22931.0,0.0,0.0,0.0,0.0,0.0,0.0,22931.0,72925.0,0.0,10000.0,14074.0,8862.0,0.0,0.0,0.0,0.0,14069.0,8862.0,0.0,0.0,0.0,0.0,33982.0,38943.0,0.0,0.0,0.0,0.0,0.0,0.0,0.0,0.0,0.0,0.0
dpphys_pressure,torus3d_x_reversal,0.3,1,10000,4,3,0,96000.0,95687.0,95635.0,0.9967395833333333,0.999456561497382,0.1494296875,2.0,5.446071,7.446071,1.0,0.0,0.0,22843.0,22843.0,0.0,0.0,0.0,22837.0,0.0,0.0,0.0,0.0,0.0,0.0,22837.0,72818.0,0.0,10000.0,13917.0,8926.0,0.0,0.0,0.0,0.0,13911.0,8926.0,0.0,0.0,0.0,0.0,33754.0,39064.0,0.0,0.0,0.0,0.0,0.0,0.0,0.0,0.0,0.0,0.0
dpphys_pressure,torus3d_x_reversal,0.9,1,10000,4,1,0,288000.0,287803.0,287628.0,0.9993159722222222,0.9993919451847271,0.44941875,2.0,5.477533,7.477533,1.0,0.0,0.0,136610.0,136610.0,0.0,0.0,0.0,136561.0,0.0,0.0,0.0,0.0,0.0,0.0,136561.0,151126.0,0.0,10000.0,71475.0,65135.0,0.0,0.0,0.0,0.0,71426.0,65135.0,0.0,0.0,0.0,0.0,72276.0,78850.0,0.0,0.0,0.0,0.0,0.0,0.0,0.0,0.0,0.0,0.0
dpphys_pressure,torus3d_x_reversal,0.9,1,10000,4,2,0,288000.0,287460.0,287292.0,0.998125,0.999415570862033,0.44889375,2.0,5.476898,7.476898,1.0,0.0,0.0,136217.0,136217.0,0.0,0.0,0.0,136172.0,0.0,0.0,0.0,0.0,0.0,0.0,136172.0,151177.0,0.0,10000.0,71460.0,64757.0,0.0,0.0,0.0,0.0,71415.0,64757.0,0.0,0.0,0.0,0.0,72309.0,78868.0,0.0,0.0,0.0,0.0,0.0,0.0,0.0,0.0,0.0,0.0
dpphys_pressure,torus3d_x_reversal,0.9,1,10000,4,3,0,288000.0,287527.0,287354.0,0.9983576388888888,0.9993983173754117,0.448990625,2.0,5.476994,7.476994,1.0,0.0,0.0,136378.0,136378.0,0.0,0.0,0.0,136326.0,0.0,0.0,0.0,0.0,0.0,0.0,136326.0,151087.0,0.0,10000.0,71489.0,64889.0,0.0,0.0,0.0,0.0,71437.0,64889.0,0.0,0.0,0.0,0.0,72236.0,78851.0,0.0,0.0,0.0,0.0,0.0,0.0,0.0,0.0,0.0,0.0
dpphys_pressure,torus3d_x_reversal,0.3,1,10000,16,1,0,96000.0,95859.0,95793.0,0.99853125,0.9993114887491003,0.1496765625,2.0,5.433706,7.433706,1.0,0.0,0.0,27470.0,27470.0,0.0,0.0,0.0,27465.0,0.0,0.0,0.0,0.0,0.0,0.0,27465.0,68355.0,0.0,10000.0,16811.0,10659.0,0.0,0.0,0.0,0.0,16811.0,10654.0,0.0,0.0,0.0,0.0,30902.0,37453.0,0.0,0.0,0.0,0.0,0.0,0.0,0.0,0.0,0.0,0.0
dpphys_pressure,torus3d_x_reversal,0.3,1,10000,16,2,0,96000.0,95885.0,95837.0,0.9988020833333333,0.999499400323304,0.1497453125,2.0,5.433037,7.433037,1.0,0.0,0.0,27447.0,27447.0,0.0,0.0,0.0,27443.0,0.0,0.0,0.0,0.0,0.0,0.0,27443.0,68413.0,0.0,10000.0,16984.0,10463.0,0.0,0.0,0.0,0.0,16984.0,10459.0,0.0,0.0,0.0,0.0,31047.0,37366.0,0.0,0.0,0.0,0.0,0.0,0.0,0.0,0.0,0.0,0.0
dpphys_pressure,torus3d_x_reversal,0.3,1,10000,16,3,0,96000.0,95687.0,95635.0,0.9967395833333333,0.999456561497382,0.1494296875,2.0,5.433335,7.433335,1.0,0.0,0.0,27459.0,27459.0,0.0,0.0,0.0,27455.0,0.0,0.0,0.0,0.0,0.0,0.0,27455.0,68200.0,0.0,10000.0,16973.0,10486.0,0.0,0.0,0.0,0.0,16973.0,10482.0,0.0,0.0,0.0,0.0,30964.0,37236.0,0.0,0.0,0.0,0.0,0.0,0.0,0.0,0.0,0.0,0.0
dpphys_pressure,torus3d_x_reversal,0.9,1,10000,16,1,0,288000.0,287803.0,287628.0,0.9993159722222222,0.9993919451847271,0.44941875,2.0,5.422466,7.422466,1.0,0.0,0.0,154917.0,154917.0,0.0,0.0,0.0,154879.0,0.0,0.0,0.0,0.0,0.0,0.0,154879.0,132808.0,0.0,10000.0,88546.0,66371.0,0.0,0.0,0.0,0.0,88546.0,66333.0,0.0,0.0,0.0,0.0,55193.0,77615.0,0.0,0.0,0.0,0.0,0.0,0.0,0.0,0.0,0.0,0.0
dpphys_pressure,torus3d_x_reversal,0.9,1,10000,16,2,0,288000.0,287460.0,287292.0,0.998125,0.999415570862033,0.44889375,2.0,5.421961,7.421961,1.0,0.0,0.0,154662.0,154662.0,0.0,0.0,0.0,154628.0,0.0,0.0,0.0,0.0,0.0,0.0,154628.0,132721.0,0.0,10000.0,88455.0,66207.0,0.0,0.0,0.0,0.0,88455.0,66173.0,0.0,0.0,0.0,0.0,55066.0,77655.0,0.0,0.0,0.0,0.0,0.0,0.0,0.0,0.0,0.0,0.0
dpphys_pressure,torus3d_x_reversal,0.9,1,10000,16,3,0,288000.0,287527.0,287354.0,0.9983576388888888,0.9993983173754117,0.448990625,2.0,5.42211,7.42211,1.0,0.0,0.0,154671.0,154671.0,0.0,0.0,0.0,154624.0,0.0,0.0,0.0,0.0,0.0,0.0,154624.0,132789.0,0.0,10000.0,88466.0,66205.0,0.0,0.0,0.0,0.0,88466.0,66158.0,0.0,0.0,0.0,0.0,55143.0,77646.0,0.0,0.0,0.0,0.0,0.0,0.0,0.0,0.0,0.0,0.0
dpphys_pressure,torus3d_x_reversal,0.3,1,10000,64,1,0,96000.0,95859.0,95793.0,0.99853125,0.9993114887491003,0.1496765625,2.0,5.429802,7.429802,1.0,0.0,0.0,28703.0,28703.0,0.0,0.0,0.0,28698.0,0.0,0.0,0.0,0.0,0.0,0.0,28698.0,67122.0,0.0,10000.0,17655.0,11048.0,0.0,0.0,0.0,0.0,17655.0,11043.0,0.0,0.0,0.0,0.0,30139.0,36983.0,0.0,0.0,0.0,0.0,0.0,0.0,0.0,0.0,0.0,0.0
dpphys_pressure,torus3d_x_reversal,0.3,1,10000,64,2,0,96000.0,95885.0,95837.0,0.9988020833333333,0.999499400323304,0.1497453125,2.0,5.430199,7.430199,1.0,0.0,0.0,28642.0,28642.0,0.0,0.0,0.0,28638.0,0.0,0.0,0.0,0.0,0.0,0.0,28638.0,67218.0,0.0,10000.0,17710.0,10932.0,0.0,0.0,0.0,0.0,17710.0,10928.0,0.0,0.0,0.0,0.0,30306.0,36912.0,0.0,0.0,0.0,0.0,0.0,0.0,0.0,0.0,0.0,0.0
dpphys_pressure,torus3d_x_reversal,0.3,1,10000,64,3,0,96000.0,95687.0,95635.0,0.9967395833333333,0.999456561497382,0.1494296875,2.0,5.428922,7.428922,1.0,0.0,0.0,28539.0,28539.0,0.0,0.0,0.0,28535.0,0.0,0.0,0.0,0.0,0.0,0.0,28535.0,67120.0,0.0,10000.0,17566.0,10973.0,0.0,0.0,0.0,0.0,17566.0,10969.0,0.0,0.0,0.0,0.0,30055.0,37065.0,0.0,0.0,0.0,0.0,0.0,0.0,0.0,0.0,0.0,0.0
dpphys_pressure,torus3d_x_reversal,0.9,1,10000,64,1,0,288000.0,287803.0,287628.0,0.9993159722222222,0.9993919451847271,0.44941875,2.0,5.416103,7.416103,1.0,0.0,0.0,159219.0,159219.0,0.0,0.0,0.0,159181.0,0.0,0.0,0.0,0.0,0.0,0.0,159181.0,128506.0,0.0,10000.0,91573.0,67646.0,0.0,0.0,0.0,0.0,91573.0,67608.0,0.0,0.0,0.0,0.0,52088.0,76418.0,0.0,0.0,0.0,0.0,0.0,0.0,0.0,0.0,0.0,0.0
dpphys_pressure,torus3d_x_reversal,0.9,1,10000,64,2,0,288000.0,287460.0,287292.0,0.998125,0.999415570862033,0.44889375,2.0,5.415549,7.415549,1.0,0.0,0.0,159088.0,159088.0,0.0,0.0,0.0,159054.0,0.0,0.0,0.0,0.0,0.0,0.0,159054.0,128295.0,0.0,10000.0,91650.0,67438.0,0.0,0.0,0.0,0.0,91650.0,67404.0,0.0,0.0,0.0,0.0,51993.0,76302.0,0.0,0.0,0.0,0.0,0.0,0.0,0.0,0.0,0.0,0.0
dpphys_pressure,torus3d_x_reversal,0.9,1,10000,64,3,0,288000.0,287527.0,287354.0,0.9983576388888888,0.9993983173754117,0.448990625,2.0,5.4161,7.4161,1.0,0.0,0.0,159016.0,159016.0,0.0,0.0,0.0,158969.0,0.0,0.0,0.0,0.0,0.0,0.0,158969.0,128444.0,0.0,10000.0,91415.0,67601.0,0.0,0.0,0.0,0.0,91415.0,67554.0,0.0,0.0,0.0,0.0,52020.0,76424.0,0.0,0.0,0.0,0.0,0.0,0.0,0.0,0.0,0.0,0.0
dpphys_pressure,torus3d_x_reversal,0.3,1,10000,256,1,0,96000.0,95859.0,95793.0,0.99853125,0.9993114887491003,0.1496765625,2.0,5.422682,7.422682,1.0,0.0,0.0,28838.0,28838.0,0.0,0.0,0.0,28826.0,0.0,0.0,0.0,0.0,0.0,0.0,28826.0,66994.0,0.0,10000.0,17559.0,11279.0,0.0,0.0,0.0,0.0,17547.0,11279.0,0.0,0.0,0.0,0.0,29225.0,37769.0,0.0,0.0,0.0,0.0,0.0,0.0,0.0,0.0,0.0,0.0
dpphys_pressure,torus3d_x_reversal,0.3,1,10000,256,2,0,96000.0,95885.0,95837.0,0.9988020833333333,0.999499400323304,0.1497453125,2.0,5.424471,7.424471,1.0,0.0,0.0,28776.0,28776.0,0.0,0.0,0.0,28771.0,0.0,0.0,0.0,0.0,0.0,0.0,28771.0,67085.0,0.0,10000.0,17400.0,11376.0,0.0,0.0,0.0,0.0,17395.0,11376.0,0.0,0.0,0.0,0.0,29314.0,37771.0,0.0,0.0,0.0,0.0,0.0,0.0,0.0,0.0,0.0,0.0
dpphys_pressure,torus3d_x_reversal,0.3,1,10000,256,3,0,96000.0,95687.0,95635.0,0.9967395833333333,0.999456561497382,0.1494296875,2.0,5.423851,7.423851,1.0,0.0,0.0,28701.0,28701.0,0.0,0.0,0.0,28692.0,0.0,0.0,0.0,0.0,0.0,0.0,28692.0,66963.0,0.0,10000.0,17369.0,11332.0,0.0,0.0,0.0,0.0,17360.0,11332.0,0.0,0.0,0.0,0.0,29217.0,37746.0,0.0,0.0,0.0,0.0,0.0,0.0,0.0,0.0,0.0,0.0
dpphys_pressure,torus3d_x_reversal,0.9,1,10000,256,1,0,288000.0,287803.0,287628.0,0.9993159722222222,0.9993919451847271,0.44941875,2.0,5.41747,7.41747,1.0,0.0,0.0,159692.0,159692.0,0.0,0.0,0.0,159659.0,0.0,0.0,0.0,0.0,0.0,0.0,159659.0,128028.0,0.0,10000.0,89914.0,69778.0,0.0,0.0,0.0,0.0,89881.0,69778.0,0.0,0.0,0.0,0.0,50317.0,77711.0,0.0,0.0,0.0,0.0,0.0,0.0,0.0,0.0,0.0,0.0
dpphys_pressure,torus3d_x_reversal,0.9,1,10000,256,2,0,288000.0,287460.0,287292.0,0.998125,0.999415570862033,0.44889375,2.0,5.416969,7.416969,1.0,0.0,0.0,159425.0,159425.0,0.0,0.0,0.0,159392.0,0.0,0.0,0.0,0.0,0.0,0.0,159392.0,127957.0,0.0,10000.0,89843.0,69582.0,0.0,0.0,0.0,0.0,89810.0,69582.0,0.0,0.0,0.0,0.0,50237.0,77720.0,0.0,0.0,0.0,0.0,0.0,0.0,0.0,0.0,0.0,0.0
dpphys_pressure,torus3d_x_reversal,0.9,1,10000,256,3,0,288000.0,287527.0,287354.0,0.9983576388888888,0.9993983173754117,0.448990625,2.0,5.417182,7.417182,1.0,0.0,0.0,159471.0,159471.0,0.0,0.0,0.0,159431.0,0.0,0.0,0.0,0.0,0.0,0.0,159431.0,127982.0,0.0,10000.0,89875.0,69596.0,0.0,0.0,0.0,0.0,89835.0,69596.0,0.0,0.0,0.0,0.0,50303.0,77679.0,0.0,0.0,0.0,0.0,0.0,0.0,0.0,0.0,0.0,0.0
private_v4,torus3d_x_reversal,0.3,8,10000,4,1,0,96000.0,95355.0,95078.0,0.99328125,0.9970950658067222,0.148559375,37.78444,26.606754,64.391195,1.003197,838.0,534.0,0.0,0.0,0.0,0.0,0.0,0.0,0.0,0.0,0.0,0.0,0.0,0.0,0.0,0.0,0.0,10000.0,0.0,0.0,0.0,0.0,0.0,0.0,0.0,0.0,0.0,0.0,0.0,0.0,0.0,0.0,0.0,0.0,0.0,0.0,0.0,0.0,0.0,0.0,0.0,0.0
private_v4,torus3d_x_reversal,0.3,8,10000,4,2,0,96000.0,95593.0,95331.0,0.9957604166666667,0.9972592135407404,0.1489546875,35.408062,26.617543,62.025606,1.002706,766.0,504.0,0.0,0.0,0.0,0.0,0.0,0.0,0.0,0.0,0.0,0.0,0.0,0.0,0.0,0.0,0.0,10000.0,0.0,0.0,0.0,0.0,0.0,0.0,0.0,0.0,0.0,0.0,0.0,0.0,0.0,0.0,0.0,0.0,0.0,0.0,0.0,0.0,0.0,0.0,0.0,0.0
private_v4,torus3d_x_reversal,0.3,8,10000,4,3,0,96000.0,95379.0,95118.0,0.99353125,0.9972635485798761,0.148621875,36.614416,26.618022,63.232438,1.003007,831.0,545.0,0.0,0.0,0.0,0.0,0.0,0.0,0.0,0.0,0.0,0.0,0.0,0.0,0.0,0.0,0.0,10000.0,0.0,0.0,0.0,0.0,0.0,0.0,0.0,0.0,0.0,0.0,0.0,0.0,0.0,0.0,0.0,0.0,0.0,0.0,0.0,0.0,0.0,0.0,0.0,0.0
private_v4,torus3d_x_reversal,0.9,8,10000,4,1,0,288000.0,101111.0,100786.0,0.3510798611111111,0.9967857107535283,0.157478125,3230.386006,27.376749,3257.762755,1.00002,5.0,3.0,0.0,0.0,0.0,0.0,0.0,0.0,0.0,0.0,0.0,0.0,0.0,0.0,0.0,0.0,0.0,10000.0,0.0,0.0,0.0,0.0,0.0,0.0,0.0,0.0,0.0,0.0,0.0,0.0,0.0,0.0,0.0,0.0,0.0,0.0,0.0,0.0,0.0,0.0,0.0,0.0
private_v4,torus3d_x_reversal,0.9,8,10000,4,2,0,288000.0,101108.0,100788.0,0.35106944444444443,0.996835067452625,0.15748125,3229.587868,27.380095,3256.967962,1.00006,12.0,6.0,0.0,0.0,0.0,0.0,0.0,0.0,0.0,0.0,0.0,0.0,0.0,0.0,0.0,0.0,0.0,10000.0,0.0,0.0,0.0,0.0,0.0,0.0,0.0,0.0,0.0,0.0,0.0,0.0,0.0,0.0,0.0,0.0,0.0,0.0,0.0,0.0,0.0,0.0,0.0,0.0
private_v4,torus3d_x_reversal,0.9,8,10000,4,3,0,288000.0,101107.0,100790.0,0.35106597222222224,0.996864707685917,0.157484375,3229.750352,27.348298,3257.098651,1.00002,10.0,8.0,0.0,0.0,0.0,0.0,0.0,0.0,0.0,0.0,0.0,0.0,0.0,0.0,0.0,0.0,0.0,10000.0,0.0,0.0,0.0,0.0,0.0,0.0,0.0,0.0,0.0,0.0,0.0,0.0,0.0,0.0,0.0,0.0,0.0,0.0,0.0,0.0,0.0,0.0,0.0,0.0
private_v4,torus3d_x_reversal,0.3,8,10000,16,1,0,96000.0,95337.0,95046.0,0.99309375,0.9969476698448662,0.148509375,38.961313,28.29188,67.253193,1.0226,6151.0,3999.0,0.0,0.0,0.0,0.0,0.0,0.0,0.0,0.0,0.0,0.0,0.0,0.0,0.0,0.0,0.0,10000.0,0.0,0.0,0.0,0.0,0.0,0.0,0.0,0.0,0.0,0.0,0.0,0.0,0.0,0.0,0.0,0.0,0.0,0.0,0.0,0.0,0.0,0.0,0.0,0.0
private_v4,torus3d_x_reversal,0.3,8,10000,16,2,0,96000.0,95582.0,95309.0,0.9956458333333333,0.9971438136887698,0.1489203125,36.654692,28.291263,64.945955,1.02302,6169.0,3967.0,0.0,0.0,0.0,0.0,0.0,0.0,0.0,0.0,0.0,0.0,0.0,0.0,0.0,0.0,0.0,10000.0,0.0,0.0,0.0,0.0,0.0,0.0,0.0,0.0,0.0,0.0,0.0,0.0,0.0,0.0,0.0,0.0,0.0,0.0,0.0,0.0,0.0,0.0,0.0,0.0
private_v4,torus3d_x_reversal,0.3,8,10000,16,3,0,96000.0,95365.0,95092.0,0.9933854166666667,0.9971373145283909,0.14858125,37.876698,28.203224,66.079923,1.021074,5830.0,3820.0,0.0,0.0,0.0,0.0,0.0,0.0,0.0,0.0,0.0,0.0,0.0,0.0,0.0,0.0,0.0,10000.0,0.0,0.0,0.0,0.0,0.0,0.0,0.0,0.0,0.0,0.0,0.0,0.0,0.0,0.0,0.0,0.0,0.0,0.0,0.0,0.0,0.0,0.0,0.0,0.0
private_v4,torus3d_x_reversal,0.9,8,10000,16,1,0,288000.0,100255.0,99943.0,0.3481076388888889,0.9968879357638023,0.1561609375,3243.623165,28.275317,3271.898482,1.023213,6360.0,4026.0,0.0,0.0,0.0,0.0,0.0,0.0,0.0,0.0,0.0,0.0,0.0,0.0,0.0,0.0,0.0,10000.0,0.0,0.0,0.0,0.0,0.0,0.0,0.0,0.0,0.0,0.0,0.0,0.0,0.0,0.0,0.0,0.0,0.0,0.0,0.0,0.0,0.0,0.0,0.0,0.0
private_v4,torus3d_x_reversal,0.9,8,10000,16,2,0,288000.0,100223.0,99932.0,0.3479965277777778,0.9970964748610598,0.15614375,3238.217528,28.363377,3266.580905,1.026098,6642.0,4031.0,0.0,0.0,0.0,0.0,0.0,0.0,0.0,0.0,0.0,0.0,0.0,0.0,0.0,0.0,0.0,10000.0,0.0,0.0,0.0,0.0,0.0,0.0,0.0,0.0,0.0,0.0,0.0,0.0,0.0,0.0,0.0,0.0,0.0,0.0,0.0,0.0,0.0,0.0,0.0,0.0
private_v4,torus3d_x_reversal,0.9,8,10000,16,3,0,288000.0,99846.0,99550.0,0.3466875,0.9970354345692366,0.155546875,3250.876163,28.843456,3279.719618,1.029493,7429.0,4488.0,0.0,0.0,0.0,0.0,0.0,0.0,0.0,0.0,0.0,0.0,0.0,0.0,0.0,0.0,0.0,10000.0,0.0,0.0,0.0,0.0,0.0,0.0,0.0,0.0,0.0,0.0,0.0,0.0,0.0,0.0,0.0,0.0,0.0,0.0,0.0,0.0,0.0,0.0,0.0,0.0
private_v4,torus3d_x_reversal,0.3,8,10000,64,1,0,96000.0,94157.0,93868.0,0.9808020833333333,0.9969306583684697,0.14666875,90.388695,30.21216,120.600854,1.028359,6746.0,4082.0,0.0,0.0,0.0,0.0,0.0,0.0,0.0,0.0,0.0,0.0,0.0,0.0,0.0,0.0,0.0,10000.0,0.0,0.0,0.0,0.0,0.0,0.0,0.0,0.0,0.0,0.0,0.0,0.0,0.0,0.0,0.0,0.0,0.0,0.0,0.0,0.0,0.0,0.0,0.0,0.0
private_v4,torus3d_x_reversal,0.3,8,10000,64,2,0,96000.0,94506.0,94220.0,0.9844375,0.99697373711722,0.14721875,84.559977,30.092422,114.652399,1.027107,6589.0,4029.0,0.0,0.0,0.0,0.0,0.0,0.0,0.0,0.0,0.0,0.0,0.0,0.0,0.0,0.0,0.0,10000.0,0.0,0.0,0.0,0.0,0.0,0.0,0.0,0.0,0.0,0.0,0.0,0.0,0.0,0.0,0.0,0.0,0.0,0.0,0.0,0.0,0.0,0.0,0.0,0.0
private_v4,torus3d_x_reversal,0.3,8,10000,64,3,0,96000.0,94443.0,94161.0,0.98378125,0.9970140719799244,0.1471265625,87.483406,29.664139,117.147545,1.025764,6252.0,3816.0,0.0,0.0,0.0,0.0,0.0,0.0,0.0,0.0,0.0,0.0,0.0,0.0,0.0,0.0,0.0,10000.0,0.0,0.0,0.0,0.0,0.0,0.0,0.0,0.0,0.0,0.0,0.0,0.0,0.0,0.0,0.0,0.0,0.0,0.0,0.0,0.0,0.0,0.0,0.0,0.0
private_v4,torus3d_x_reversal,0.9,8,10000,64,1,0,288000.0,100213.0,99929.0,0.34796180555555556,0.9971660363425903,0.1561390625,3240.67675,27.193427,3267.870178,1.009086,2341.0,1432.0,0.0,0.0,0.0,0.0,0.0,0.0,0.0,0.0,0.0,0.0,0.0,0.0,0.0,0.0,0.0,10000.0,0.0,0.0,0.0,0.0,0.0,0.0,0.0,0.0,0.0,0.0,0.0,0.0,0.0,0.0,0.0,0.0,0.0,0.0,0.0,0.0,0.0,0.0,0.0,0.0
private_v4,torus3d_x_reversal,0.9,8,10000,64,2,0,288000.0,99817.0,99514.0,0.34658680555555554,0.9969644449342296,0.155490625,3225.340716,27.453233,3252.793949,1.010652,2584.0,1516.0,0.0,0.0,0.0,0.0,0.0,0.0,0.0,0.0,0.0,0.0,0.0,0.0,0.0,0.0,0.0,10000.0,0.0,0.0,0.0,0.0,0.0,0.0,0.0,0.0,0.0,0.0,0.0,0.0,0.0,0.0,0.0,0.0,0.0,0.0,0.0,0.0,0.0,0.0,0.0,0.0
private_v4,torus3d_x_reversal,0.9,8,10000,64,3,0,288000.0,98291.0,97979.0,0.34128819444444447,0.9968257521034479,0.1530921875,3227.084477,28.666959,3255.751437,1.014534,3498.0,2061.0,0.0,0.0,0.0,0.0,0.0,0.0,0.0,0.0,0.0,0.0,0.0,0.0,0.0,0.0,0.0,10000.0,0.0,0.0,0.0,0.0,0.0,0.0,0.0,0.0,0.0,0.0,0.0,0.0,0.0,0.0,0.0,0.0,0.0,0.0,0.0,0.0,0.0,0.0,0.0,0.0
private_v4,torus3d_x_reversal,0.3,8,10000,256,1,0,96000.0,94497.0,94217.0,0.98434375,0.9970369429717345,0.1472140625,59.055871,27.780507,86.836378,1.008852,2116.0,1278.0,0.0,0.0,0.0,0.0,0.0,0.0,0.0,0.0,0.0,0.0,0.0,0.0,0.0,0.0,0.0,10000.0,0.0,0.0,0.0,0.0,0.0,0.0,0.0,0.0,0.0,0.0,0.0,0.0,0.0,0.0,0.0,0.0,0.0,0.0,0.0,0.0,0.0,0.0,0.0,0.0
private_v4,torus3d_x_reversal,0.3,8,10000,256,2,0,96000.0,94788.0,94519.0,0.987375,0.9971620880280204,0.1476859375,59.165342,27.591373,86.756716,1.009035,2107.0,1247.0,0.0,0.0,0.0,0.0,0.0,0.0,0.0,0.0,0.0,0.0,0.0,0.0,0.0,0.0,0.0,10000.0,0.0,0.0,0.0,0.0,0.0,0.0,0.0,0.0,0.0,0.0,0.0,0.0,0.0,0.0,0.0,0.0,0.0,0.0,0.0,0.0,0.0,0.0,0.0,0.0
private_v4,torus3d_x_reversal,0.3,8,10000,256,3,0,96000.0,94616.0,94344.0,0.9855833333333334,0.9971252219497759,0.1474125,62.879865,27.52952,90.409385,1.00937,2082.0,1197.0,0.0,0.0,0.0,0.0,0.0,0.0,0.0,0.0,0.0,0.0,0.0,0.0,0.0,0.0,0.0,10000.0,0.0,0.0,0.0,0.0,0.0,0.0,0.0,0.0,0.0,0.0,0.0,0.0,0.0,0.0,0.0,0.0,0.0,0.0,0.0,0.0,0.0,0.0,0.0,0.0
private_v4,torus3d_x_reversal,0.9,8,10000,256,1,0,288000.0,100653.0,100368.0,0.34948958333333335,0.9971684897618551,0.156825,3236.042593,26.47816,3262.520754,1.002869,720.0,432.0,0.0,0.0,0.0,0.0,0.0,0.0,0.0,0.0,0.0,0.0,0.0,0.0,0.0,0.0,0.0,10000.0,0.0,0.0,0.0,0.0,0.0,0.0,0.0,0.0,0.0,0.0,0.0,0.0,0.0,0.0,0.0,0.0,0.0,0.0,0.0,0.0,0.0,0.0,0.0,0.0
private_v4,torus3d_x_reversal,0.9,8,10000,256,2,0,288000.0,100716.0,100440.0,0.34970833333333334,0.9972596211128322,0.1569375,3232.753096,26.412027,3259.165123,1.002589,634.0,374.0,0.0,0.0,0.0,0.0,0.0,0.0,0.0,0.0,0.0,0.0,0.0,0.0,0.0,0.0,0.0,10000.0,0.0,0.0,0.0,0.0,0.0,0.0,0.0,0.0,0.0,0.0,0.0,0.0,0.0,0.0,0.0,0.0,0.0,0.0,0.0,0.0,0.0,0.0,0.0,0.0
private_v4,torus3d_x_reversal,0.9,8,10000,256,3,0,288000.0,99948.0,99670.0,0.3470416666666667,0.9972185536478969,0.155734375,3229.60297,26.994341,3256.597311,1.005037,1151.0,649.0,0.0,0.0,0.0,0.0,0.0,0.0,0.0,0.0,0.0,0.0,0.0,0.0,0.0,0.0,0.0,10000.0,0.0,0.0,0.0,0.0,0.0,0.0,0.0,0.0,0.0,0.0,0.0,0.0,0.0,0.0,0.0,0.0,0.0,0.0,0.0,0.0,0.0,0.0,0.0,0.0
dpphys_rts,torus3d_x_reversal,0.3,8,10000,4,1,0,96000.0,95355.0,95069.0,0.99328125,0.9970006816632584,0.1485453125,37.854316,27.334862,65.189178,1.008141,2252.0,1478.0,45146.0,45146.0,0.0,0.0,0.0,45098.0,0.0,0.0,0.0,0.0,0.0,0.0,45098.0,50839.0,0.0,10000.0,22591.0,22555.0,0.0,0.0,0.0,0.0,22568.0,22530.0,0.0,0.0,0.0,0.0,25289.0,25550.0,0.0,0.0,0.0,0.0,0.0,0.0,0.0,0.0,0.0,0.0
dpphys_rts,torus3d_x_reversal,0.3,8,10000,4,2,0,96000.0,95592.0,95331.0,0.99575,0.9972696459954808,0.1489546875,35.493072,27.347893,62.840965,1.007574,2230.0,1504.0,45231.0,45231.0,0.0,0.0,0.0,45185.0,0.0,0.0,0.0,0.0,0.0,0.0,45185.0,50951.0,0.0,10000.0,22814.0,22417.0,0.0,0.0,0.0,0.0,22794.0,22391.0,0.0,0.0,0.0,0.0,25431.0,25520.0,0.0,0.0,0.0,0.0,0.0,0.0,0.0,0.0,0.0,0.0
dpphys_rts,torus3d_x_reversal,0.3,8,10000,4,3,0,96000.0,95378.0,95106.0,0.9935208333333333,0.9971481893099038,0.148603125,36.687822,27.348706,64.036528,1.007486,2194.0,1482.0,45157.0,45157.0,0.0,0.0,0.0,45116.0,0.0,0.0,0.0,0.0,0.0,0.0,45116.0,50798.0,0.0,10000.0,22542.0,22615.0,0.0,0.0,0.0,0.0,22523.0,22593.0,0.0,0.0,0.0,0.0,25231.0,25567.0,0.0,0.0,0.0,0.0,0.0,0.0,0.0,0.0,0.0,0.0
dpphys_rts,torus3d_x_reversal,0.9,8,10000,4,1,0,288000.0,101110.0,100786.0,0.35107638888888887,0.9967955691820789,0.157478125,3230.777558,27.998085,3258.775643,1.003036,1523.0,1217.0,53008.0,53008.0,0.0,0.0,0.0,52966.0,0.0,0.0,0.0,0.0,0.0,0.0,52966.0,48257.0,0.0,10000.0,26441.0,26567.0,0.0,0.0,0.0,0.0,26410.0,26556.0,0.0,0.0,0.0,0.0,24083.0,24174.0,0.0,0.0,0.0,0.0,0.0,0.0,0.0,0.0,0.0,0.0
dpphys_rts,torus3d_x_reversal,0.9,8,10000,4,2,0,288000.0,101107.0,100788.0,0.35106597222222224,0.9968449266618533,0.15748125,3229.979134,27.963388,3257.942523,1.002818,863.0,579.0,53713.0,53713.0,0.0,0.0,0.0,53665.0,0.0,0.0,0.0,0.0,0.0,0.0,53665.0,47534.0,0.0,10000.0,26877.0,26836.0,0.0,0.0,0.0,0.0,26846.0,26819.0,0.0,0.0,0.0,0.0,23819.0,23715.0,0.0,0.0,0.0,0.0,0.0,0.0,0.0,0.0,0.0,0.0
dpphys_rts,torus3d_x_reversal,0.9,8,10000,4,3,0,288000.0,101106.0,100790.0,0.3510625,0.9968745672858188,0.157484375,3230.108493,27.951315,3258.059808,1.003254,1221.0,893.0,53167.0,53167.0,0.0,0.0,0.0,53121.0,0.0,0.0,0.0,0.0,0.0,0.0,53121.0,48123.0,0.0,10000.0,26518.0,26649.0,0.0,0.0,0.0,0.0,26495.0,26626.0,0.0,0.0,0.0,0.0,24063.0,24060.0,0.0,0.0,0.0,0.0,0.0,0.0,0.0,0.0,0.0,0.0
dpphys_rts,torus3d_x_reversal,0.3,8,10000,16,1,0,96000.0,95313.0,95021.0,0.99284375,0.9969364095139173,0.1484703125,40.276055,29.104209,69.380263,1.029699,8113.0,5283.0,51719.0,51719.0,0.0,0.0,0.0,51653.0,0.0,0.0,0.0,0.0,0.0,0.0,51653.0,46278.0,0.0,10000.0,25713.0,26006.0,0.0,0.0,0.0,0.0,25669.0,25984.0,0.0,0.0,0.0,0.0,22990.0,23288.0,0.0,0.0,0.0,0.0,0.0,0.0,0.0,0.0,0.0,0.0
dpphys_rts,torus3d_x_reversal,0.3,8,10000,16,2,0,96000.0,95560.0,95279.0,0.9954166666666666,0.997059439095856,0.1488734375,38.29866,29.108355,67.407015,1.028464,7939.0,5211.0,51917.0,51917.0,0.0,0.0,0.0,51857.0,0.0,0.0,0.0,0.0,0.0,0.0,51857.0,46236.0,0.0,10000.0,25995.0,25922.0,0.0,0.0,0.0,0.0,25963.0,25894.0,0.0,0.0,0.0,0.0,23187.0,23049.0,0.0,0.0,0.0,0.0,0.0,0.0,0.0,0.0,0.0,0.0
dpphys_rts,torus3d_x_reversal,0.3,8,10000,16,3,0,96000.0,95352.0,95068.0,0.99325,0.9970215622115949,0.14854375,39.297513,29.076945,68.374458,1.028401,7888.0,5182.0,51746.0,51746.0,0.0,0.0,0.0,51692.0,0.0,0.0,0.0,0.0,0.0,0.0,51692.0,46167.0,0.0,10000.0,25977.0,25769.0,0.0,0.0,0.0,0.0,25940.0,25752.0,0.0,0.0,0.0,0.0,23078.0,23089.0,0.0,0.0,0.0,0.0,0.0,0.0,0.0,0.0,0.0,0.0
dpphys_rts,torus3d_x_reversal,0.9,8,10000,16,1,0,288000.0,100045.0,99720.0,0.34737847222222223,0.996751461842171,0.1558125,3245.416596,28.951183,3274.36778,1.031288,9170.0,6034.0,58788.0,58788.0,0.0,0.0,0.0,58731.0,0.0,0.0,0.0,0.0,0.0,0.0,58731.0,44223.0,0.0,10000.0,29262.0,29526.0,0.0,0.0,0.0,0.0,29228.0,29503.0,0.0,0.0,0.0,0.0,22168.0,22055.0,0.0,0.0,0.0,0.0,0.0,0.0,0.0,0.0,0.0,0.0
dpphys_rts,torus3d_x_reversal,0.9,8,10000,16,2,0,288000.0,100095.0,99780.0,0.3475520833333333,0.9968529896598232,0.15590625,3240.868681,28.906214,3269.774895,1.034235,9323.0,5900.0,58911.0,58911.0,0.0,0.0,0.0,58855.0,0.0,0.0,0.0,0.0,0.0,0.0,58855.0,44454.0,0.0,10000.0,29317.0,29594.0,0.0,0.0,0.0,0.0,29288.0,29567.0,0.0,0.0,0.0,0.0,22327.0,22127.0,0.0,0.0,0.0,0.0,0.0,0.0,0.0,0.0,0.0,0.0
dpphys_rts,torus3d_x_reversal,0.9,8,10000,16,3,0,288000.0,99692.0,99386.0,0.34615277777777775,0.9969305460819323,0.155290625,3250.719186,29.485964,3280.20515,1.03747,10066.0,6335.0,58295.0,58295.0,0.0,0.0,0.0,58229.0,0.0,0.0,0.0,0.0,0.0,0.0,58229.0,44973.0,0.0,10000.0,29045.0,29250.0,0.0,0.0,0.0,0.0,29015.0,29214.0,0.0,0.0,0.0,0.0,22621.0,22352.0,0.0,0.0,0.0,0.0,0.0,0.0,0.0,0.0,0.0,0.0
dpphys_rts,torus3d_x_reversal,0.3,8,10000,64,1,0,96000.0,93954.0,93646.0,0.9786875,0.9967218000298018,0.146321875,100.688775,31.235429,131.924204,1.032377,8320.0,5278.0,56114.0,56114.0,0.0,0.0,0.0,56041.0,0.0,0.0,0.0,0.0,0.0,0.0,56041.0,40730.0,0.0,10000.0,27887.0,28227.0,0.0,0.0,0.0,0.0,27837.0,28204.0,0.0,0.0,0.0,0.0,20239.0,20491.0,0.0,0.0,0.0,0.0,0.0,0.0,0.0,0.0,0.0,0.0
dpphys_rts,torus3d_x_reversal,0.3,8,10000,64,2,0,96000.0,94456.0,94155.0,0.9839166666666667,0.9968133310747861,0.1471171875,93.212256,31.139058,124.351314,1.03165,8346.0,5353.0,56355.0,56355.0,0.0,0.0,0.0,56292.0,0.0,0.0,0.0,0.0,0.0,0.0,56292.0,40945.0,0.0,10000.0,28134.0,28221.0,0.0,0.0,0.0,0.0,28092.0,28200.0,0.0,0.0,0.0,0.0,20469.0,20476.0,0.0,0.0,0.0,0.0,0.0,0.0,0.0,0.0,0.0,0.0
dpphys_rts,torus3d_x_reversal,0.3,8,10000,64,3,0,96000.0,94326.0,94018.0,0.9825625,0.9967347284947946,0.146903125,88.060148,30.661533,118.721681,1.030952,7966.0,5040.0,56411.0,56411.0,0.0,0.0,0.0,56348.0,0.0,0.0,0.0,0.0,0.0,0.0,56348.0,40686.0,0.0,10000.0,27985.0,28426.0,0.0,0.0,0.0,0.0,27942.0,28406.0,0.0,0.0,0.0,0.0,20235.0,20451.0,0.0,0.0,0.0,0.0,0.0,0.0,0.0,0.0,0.0,0.0
dpphys_rts,torus3d_x_reversal,0.9,8,10000,64,1,0,288000.0,100187.0,99880.0,0.3478715277777778,0.9969357301845548,0.1560625,3239.723408,27.884992,3267.6084,1.018202,5055.0,3233.0,63166.0,63166.0,0.0,0.0,0.0,63096.0,0.0,0.0,0.0,0.0,0.0,0.0,63096.0,38693.0,0.0,10000.0,30694.0,32472.0,0.0,0.0,0.0,0.0,30646.0,32450.0,0.0,0.0,0.0,0.0,19164.0,19529.0,0.0,0.0,0.0,0.0,0.0,0.0,0.0,0.0,0.0,0.0
dpphys_rts,torus3d_x_reversal,0.9,8,10000,64,2,0,288000.0,100175.0,99863.0,0.34782986111111114,0.9968854504616921,0.1560359375,3232.818171,27.862802,3260.680973,1.018065,5031.0,3218.0,63231.0,63231.0,0.0,0.0,0.0,63172.0,0.0,0.0,0.0,0.0,0.0,0.0,63172.0,38606.0,0.0,10000.0,30828.0,32403.0,0.0,0.0,0.0,0.0,30780.0,32392.0,0.0,0.0,0.0,0.0,18988.0,19618.0,0.0,0.0,0.0,0.0,0.0,0.0,0.0,0.0,0.0,0.0
dpphys_rts,torus3d_x_reversal,0.9,8,10000,64,3,0,288000.0,98677.0,98368.0,0.3426284722222222,0.9968685711969355,0.1537,3229.567593,29.085566,3258.65316,1.018665,5272.0,3429.0,62158.0,62158.0,0.0,0.0,0.0,62101.0,0.0,0.0,0.0,0.0,0.0,0.0,62101.0,38208.0,0.0,10000.0,30214.0,31944.0,0.0,0.0,0.0,0.0,30175.0,31926.0,0.0,0.0,0.0,0.0,18692.0,19516.0,0.0,0.0,0.0,0.0,0.0,0.0,0.0,0.0,0.0,0.0
dpphys_rts,torus3d_x_reversal,0.3,8,10000,256,1,0,96000.0,94587.0,94294.0,0.98528125,0.9969023227293391,0.147334375,55.570004,28.24009,83.810094,1.00893,2507.0,1658.0,60677.0,60677.0,0.0,0.0,0.0,60607.0,0.0,0.0,0.0,0.0,0.0,0.0,60607.0,34627.0,0.0,10000.0,29382.0,31295.0,0.0,0.0,0.0,0.0,29324.0,31283.0,0.0,0.0,0.0,0.0,16738.0,17889.0,0.0,0.0,0.0,0.0,0.0,0.0,0.0,0.0,0.0,0.0
dpphys_rts,torus3d_x_reversal,0.3,8,10000,256,2,0,96000.0,95094.0,94833.0,0.9905625,0.9972553473405262,0.1481765625,54.88562,28.064925,82.950545,1.011241,2777.0,1711.0,60982.0,60982.0,0.0,0.0,0.0,60917.0,0.0,0.0,0.0,0.0,0.0,0.0,60917.0,35063.0,0.0,10000.0,29621.0,31361.0,0.0,0.0,0.0,0.0,29564.0,31353.0,0.0,0.0,0.0,0.0,16838.0,18225.0,0.0,0.0,0.0,0.0,0.0,0.0,0.0,0.0,0.0,0.0
dpphys_rts,torus3d_x_reversal,0.3,8,10000,256,3,0,96000.0,94891.0,94618.0,0.9884479166666666,0.997123014827539,0.147840625,63.959405,28.006701,91.966106,1.011816,2952.0,1831.0,60675.0,60675.0,0.0,0.0,0.0,60621.0,0.0,0.0,0.0,0.0,0.0,0.0,60621.0,35198.0,0.0,10000.0,29339.0,31336.0,0.0,0.0,0.0,0.0,29290.0,31331.0,0.0,0.0,0.0,0.0,17163.0,18035.0,0.0,0.0,0.0,0.0,0.0,0.0,0.0,0.0,0.0,0.0
dpphys_rts,torus3d_x_reversal,0.9,8,10000,256,1,0,288000.0,100586.0,100299.0,0.34925694444444444,0.9971467202195137,0.1567171875,3235.530434,27.090569,3262.621003,1.005862,2297.0,1709.0,65246.0,65246.0,0.0,0.0,0.0,65196.0,0.0,0.0,0.0,0.0,0.0,0.0,65196.0,35790.0,0.0,10000.0,28634.0,36612.0,0.0,0.0,0.0,0.0,28634.0,36562.0,0.0,0.0,0.0,0.0,15989.0,19801.0,0.0,0.0,0.0,0.0,0.0,0.0,0.0,0.0,0.0,0.0
dpphys_rts,torus3d_x_reversal,0.9,8,10000,256,2,0,288000.0,100746.0,100441.0,0.3498125,0.9969725845194847,0.1569390625,3232.671867,27.032108,3259.703975,1.009857,3411.0,2420.0,64566.0,64566.0,0.0,0.0,0.0,64525.0,0.0,0.0,0.0,0.0,0.0,0.0,64525.0,37025.0,0.0,10000.0,28315.0,36251.0,0.0,0.0,0.0,0.0,28315.0,36210.0,0.0,0.0,0.0,0.0,16871.0,20154.0,0.0,0.0,0.0,0.0,0.0,0.0,0.0,0.0,0.0,0.0
dpphys_rts,torus3d_x_reversal,0.9,8,10000,256,3,0,288000.0,100078.0,99789.0,0.34749305555555554,0.9971122524430944,0.1559203125,3231.755574,27.489954,3259.245528,1.007977,2960.0,2162.0,64428.0,64428.0,0.0,0.0,0.0,64370.0,0.0,0.0,0.0,0.0,0.0,0.0,64370.0,36320.0,0.0,10000.0,28258.0,36170.0,0.0,0.0,0.0,0.0,28258.0,36112.0,0.0,0.0,0.0,0.0,16109.0,20211.0,0.0,0.0,0.0,0.0,0.0,0.0,0.0,0.0,0.0,0.0
dpphys_owner_rr,torus3d_x_reversal,0.3,8,10000,4,1,0,96000.0,95340.0,95050.0,0.993125,0.9969582546675058,0.148515625,38.507386,27.575087,66.082472,1.021399,5859.0,3817.0,42495.0,42495.0,0.0,18977.0,18977.0,23472.0,0.0,0.0,0.0,0.0,0.0,0.0,42449.0,54739.0,1.0,10000.0,21250.0,21245.0,0.0,0.0,0.0,0.0,21227.0,21222.0,0.0,0.0,0.0,0.0,27262.0,27477.0,0.0,0.0,0.0,0.0,9484.0,9493.0,0.0,0.0,0.0,0.0
dpphys_owner_rr,torus3d_x_reversal,0.3,8,10000,4,2,0,96000.0,95587.0,95319.0,0.9956979166666666,0.9971962714595081,0.1489359375,36.090014,27.576548,63.666562,1.019954,5817.0,3908.0,42633.0,42633.0,0.0,19197.0,19197.0,23395.0,0.0,0.0,0.0,0.0,0.0,0.0,42592.0,54718.0,1.0,10000.0,21443.0,21190.0,0.0,0.0,0.0,0.0,21425.0,21167.0,0.0,0.0,0.0,0.0,27244.0,27474.0,0.0,0.0,0.0,0.0,9603.0,9594.0,0.0,0.0,0.0,0.0
dpphys_owner_rr,torus3d_x_reversal,0.3,8,10000,4,3,0,96000.0,95372.0,95094.0,0.9934583333333333,0.9970850983517174,0.148584375,37.23909,27.574705,64.813795,1.01998,5645.0,3739.0,42673.0,42673.0,0.0,19269.0,19269.0,23360.0,0.0,0.0,0.0,0.0,0.0,0.0,42629.0,54469.0,1.0,10000.0,21352.0,21321.0,0.0,0.0,0.0,0.0,21332.0,21297.0,0.0,0.0,0.0,0.0,27155.0,27314.0,0.0,0.0,0.0,0.0,9632.0,9637.0,0.0,0.0,0.0,0.0
dpphys_owner_rr,torus3d_x_reversal,0.9,8,10000,4,1,0,288000.0,101093.0,100771.0,0.3510173611111111,0.9968148140820828,0.1574546875,3231.426462,28.01166,3259.438122,1.00778,2635.0,1851.0,52339.0,52339.0,0.0,26367.0,26367.0,25925.0,0.0,0.0,0.0,0.0,0.0,0.0,52292.0,49391.0,1.0,10000.0,26181.0,26158.0,0.0,0.0,0.0,0.0,26147.0,26145.0,0.0,0.0,0.0,0.0,24703.0,24688.0,0.0,0.0,0.0,0.0,13183.0,13184.0,0.0,0.0,0.0,0.0
dpphys_owner_rr,torus3d_x_reversal,0.9,8,10000,4,2,0,288000.0,101079.0,100767.0,0.35096875,0.9969133054343632,0.1574484375,3230.665367,28.019113,3258.68448,1.008773,2832.0,1948.0,52182.0,52182.0,0.0,26156.0,26156.0,25978.0,0.0,0.0,0.0,0.0,0.0,0.0,52134.0,49635.0,1.0,10000.0,26106.0,26076.0,0.0,0.0,0.0,0.0,26075.0,26059.0,0.0,0.0,0.0,0.0,24938.0,24697.0,0.0,0.0,0.0,0.0,13078.0,13078.0,0.0,0.0,0.0,0.0
dpphys_owner_rr,torus3d_x_reversal,0.9,8,10000,4,3,0,288000.0,101067.0,100771.0,0.35092708333333333,0.9970712497650074,0.1574546875,3231.100862,28.00777,3259.108632,1.010082,2903.0,1885.0,52179.0,52179.0,0.0,26077.0,26077.0,26048.0,0.0,0.0,0.0,0.0,0.0,0.0,52125.0,49768.0,1.0,10000.0,26100.0,26079.0,0.0,0.0,0.0,0.0,26073.0,26052.0,0.0,0.0,0.0,0.0,24853.0,24915.0,0.0,0.0,0.0,0.0,13037.0,13040.0,0.0,0.0,0.0,0.0
dpphys_owner_rr,torus3d_x_reversal,0.3,8,10000,16,1,0,96000.0,95300.0,95000.0,0.9927083333333333,0.9968520461699895,0.1484375,41.309547,29.186316,70.495863,1.035916,10159.0,6733.0,49847.0,49847.0,0.0,23387.0,23387.0,26397.0,0.0,0.0,0.0,0.0,0.0,0.0,49784.0,48736.0,1.0,10000.0,24929.0,24918.0,0.0,0.0,0.0,0.0,24885.0,24899.0,0.0,0.0,0.0,0.0,24225.0,24511.0,0.0,0.0,0.0,0.0,11700.0,11687.0,0.0,0.0,0.0,0.0
dpphys_owner_rr,torus3d_x_reversal,0.3,8,10000,16,2,0,96000.0,95542.0,95263.0,0.9952291666666667,0.9970798182998053,0.1488484375,39.599509,29.219246,68.818754,1.036195,10183.0,6719.0,50046.0,50046.0,0.0,23448.0,23448.0,26530.0,0.0,0.0,0.0,0.0,0.0,0.0,49978.0,48830.0,1.0,10000.0,25055.0,24991.0,0.0,0.0,0.0,0.0,25010.0,24968.0,0.0,0.0,0.0,0.0,24357.0,24473.0,0.0,0.0,0.0,0.0,11724.0,11724.0,0.0,0.0,0.0,0.0
dpphys_owner_rr,torus3d_x_reversal,0.3,8,10000,16,3,0,96000.0,95341.0,95063.0,0.9931354166666667,0.9970841505753034,0.1485359375,40.843925,29.220717,70.064641,1.03625,10192.0,6739.0,49739.0,49739.0,0.0,23307.0,23307.0,26369.0,0.0,0.0,0.0,0.0,0.0,0.0,49676.0,48918.0,1.0,10000.0,24909.0,24830.0,0.0,0.0,0.0,0.0,24867.0,24809.0,0.0,0.0,0.0,0.0,24536.0,24382.0,0.0,0.0,0.0,0.0,11649.0,11658.0,0.0,0.0,0.0,0.0
dpphys_owner_rr,torus3d_x_reversal,0.9,8,10000,16,1,0,288000.0,98435.0,98116.0,0.34178819444444447,0.9967592827754356,0.15330625,3267.66668,30.173652,3297.840332,1.085083,24317.0,15937.0,47244.0,47244.0,0.0,16725.0,16725.0,30462.0,0.0,0.0,0.0,0.0,0.0,0.0,47187.0,59406.0,1.0,10000.0,23591.0,23653.0,0.0,0.0,0.0,0.0,23552.0,23635.0,0.0,0.0,0.0,0.0,29580.0,29826.0,0.0,0.0,0.0,0.0,8362.0,8363.0,0.0,0.0,0.0,0.0
dpphys_owner_rr,torus3d_x_reversal,0.9,8,10000,16,2,0,288000.0,98649.0,98329.0,0.34253125,0.9967561759369076,0.1536390625,3250.547712,29.929675,3280.477387,1.084777,24558.0,16195.0,46951.0,46951.0,0.0,16250.0,16250.0,30656.0,0.0,0.0,0.0,0.0,0.0,0.0,46906.0,59883.0,1.0,10000.0,23399.0,23552.0,0.0,0.0,0.0,0.0,23379.0,23527.0,0.0,0.0,0.0,0.0,29909.0,29974.0,0.0,0.0,0.0,0.0,8110.0,8140.0,0.0,0.0,0.0,0.0
dpphys_owner_rr,torus3d_x_reversal,0.9,8,10000,16,3,0,288000.0,97836.0,97530.0,0.33970833333333333,0.9968723169385503,0.152390625,3267.268922,30.945401,3298.214324,1.082252,23307.0,15267.0,47568.0,47568.0,0.0,17442.0,17442.0,30071.0,0.0,0.0,0.0,0.0,0.0,0.0,47513.0,58143.0,1.0,10000.0,23729.0,23839.0,0.0,0.0,0.0,0.0,23699.0,23814.0,0.0,0.0,0.0,0.0,28956.0,29187.0,0.0,0.0,0.0,0.0,8718.0,8724.0,0.0,0.0,0.0,0.0
dpphys_owner_rr,torus3d_x_reversal,0.3,8,10000,64,1,0,96000.0,92424.0,92087.0,0.96275,0.9963537609278975,0.1438859375,165.448011,33.412903,198.860914,1.086635,23086.0,15078.0,44471.0,44471.0,0.0,15646.0,15646.0,28765.0,0.0,0.0,0.0,0.0,0.0,0.0,44411.0,55779.0,1.0,10000.0,22167.0,22304.0,0.0,0.0,0.0,0.0,22131.0,22280.0,0.0,0.0,0.0,0.0,27659.0,28120.0,0.0,0.0,0.0,0.0,7820.0,7826.0,0.0,0.0,0.0,0.0
dpphys_owner_rr,torus3d_x_reversal,0.3,8,10000,64,2,0,96000.0,92854.0,92525.0,0.9672291666666667,0.9964568031533375,0.1445703125,165.127847,33.087695,198.215542,1.087717,23524.0,15388.0,44323.0,44323.0,0.0,15334.0,15334.0,28929.0,0.0,0.0,0.0,0.0,0.0,0.0,44263.0,56478.0,1.0,10000.0,22134.0,22189.0,0.0,0.0,0.0,0.0,22098.0,22165.0,0.0,0.0,0.0,0.0,28006.0,28472.0,0.0,0.0,0.0,0.0,7671.0,7663.0,0.0,0.0,0.0,0.0
dpphys_owner_rr,torus3d_x_reversal,0.3,8,10000,64,3,0,96000.0,92791.0,92473.0,0.9665729166666667,0.9965729434966754,0.1444890625,163.491149,33.033307,196.524456,1.088545,23686.0,15468.0,44098.0,44098.0,0.0,14894.0,14894.0,29146.0,0.0,0.0,0.0,0.0,0.0,0.0,44040.0,56726.0,1.0,10000.0,21951.0,22147.0,0.0,0.0,0.0,0.0,21922.0,22118.0,0.0,0.0,0.0,0.0,28147.0,28579.0,0.0,0.0,0.0,0.0,7449.0,7445.0,0.0,0.0,0.0,0.0
dpphys_owner_rr,torus3d_x_reversal,0.9,8,10000,64,1,0,288000.0,98746.0,98450.0,0.34286805555555555,0.9970024102242117,0.153828125,3261.130574,29.413255,3290.543829,1.141432,41750.0,27781.0,36970.0,36970.0,0.0,4556.0,4556.0,32381.0,0.0,0.0,0.0,0.0,0.0,0.0,36937.0,75566.0,1.0,10000.0,18009.0,18961.0,0.0,0.0,0.0,0.0,18003.0,18934.0,0.0,0.0,0.0,0.0,37319.0,38247.0,0.0,0.0,0.0,0.0,2309.0,2247.0,0.0,0.0,0.0,0.0
dpphys_owner_rr,torus3d_x_reversal,0.9,8,10000,64,2,0,288000.0,99246.0,98939.0,0.34460416666666666,0.9969066763396006,0.1545921875,3249.256653,29.146616,3278.403269,1.14229,42457.0,28346.0,36825.0,36825.0,0.0,4262.0,4262.0,32520.0,0.0,0.0,0.0,0.0,0.0,0.0,36782.0,76362.0,1.0,10000.0,17892.0,18933.0,0.0,0.0,0.0,0.0,17866.0,18916.0,0.0,0.0,0.0,0.0,37621.0,38741.0,0.0,0.0,0.0,0.0,2157.0,2105.0,0.0,0.0,0.0,0.0
dpphys_owner_rr,torus3d_x_reversal,0.9,8,10000,64,3,0,288000.0,98542.0,98236.0,0.34215972222222224,0.996894725091839,0.15349375,3256.652144,29.670732,3286.322876,1.139256,41322.0,27603.0,37098.0,37098.0,0.0,4884.0,4884.0,32181.0,0.0,0.0,0.0,0.0,0.0,0.0,37065.0,74984.0,1.0,10000.0,18050.0,19048.0,0.0,0.0,0.0,0.0,18043.0,19022.0,0.0,0.0,0.0,0.0,37012.0,37972.0,0.0,0.0,0.0,0.0,2472.0,2412.0,0.0,0.0,0.0,0.0
dpphys_owner_rr,torus3d_x_reversal,0.3,8,10000,256,1,0,96000.0,93281.0,92947.0,0.9716770833333334,0.9964194208895703,0.1452296875,99.468816,30.973092,130.441908,1.132054,37107.0,24808.0,36152.0,36152.0,0.0,5212.0,5212.0,30875.0,0.0,0.0,0.0,0.0,0.0,0.0,36087.0,69245.0,1.0,10000.0,17594.0,18558.0,0.0,0.0,0.0,0.0,17557.0,18530.0,0.0,0.0,0.0,0.0,34111.0,35134.0,0.0,0.0,0.0,0.0,2599.0,2613.0,0.0,0.0,0.0,0.0
dpphys_owner_rr,torus3d_x_reversal,0.3,8,10000,256,2,0,96000.0,94073.0,93760.0,0.9799270833333333,0.9966727966579146,0.1465,96.599413,30.580695,127.180109,1.136049,38396.0,25614.0,36013.0,36013.0,0.0,4969.0,4969.0,30999.0,0.0,0.0,0.0,0.0,0.0,0.0,35968.0,70662.0,1.0,10000.0,17555.0,18458.0,0.0,0.0,0.0,0.0,17520.0,18448.0,0.0,0.0,0.0,0.0,34567.0,36095.0,0.0,0.0,0.0,0.0,2467.0,2502.0,0.0,0.0,0.0,0.0
dpphys_owner_rr,torus3d_x_reversal,0.3,8,10000,256,3,0,96000.0,93308.0,92997.0,0.9719583333333334,0.9966669524585244,0.1453078125,113.213157,30.867458,144.080616,1.130714,37072.0,24890.0,36027.0,36027.0,0.0,4836.0,4836.0,31147.0,0.0,0.0,0.0,0.0,0.0,0.0,35983.0,69279.0,1.0,10000.0,17485.0,18542.0,0.0,0.0,0.0,0.0,17454.0,18529.0,0.0,0.0,0.0,0.0,34124.0,35155.0,0.0,0.0,0.0,0.0,2402.0,2434.0,0.0,0.0,0.0,0.0
dpphys_owner_rr,torus3d_x_reversal,0.9,8,10000,256,1,0,288000.0,98905.0,98592.0,0.3434201388888889,0.9968353470501997,0.15405,3256.788959,29.316699,3286.105658,1.153603,45937.0,30752.0,34526.0,34526.0,0.0,1770.0,1770.0,32729.0,0.0,0.0,0.0,0.0,0.0,0.0,34499.0,79385.0,1.0,10000.0,15518.0,19008.0,0.0,0.0,0.0,0.0,15518.0,18981.0,0.0,0.0,0.0,0.0,37749.0,41636.0,0.0,0.0,0.0,0.0,917.0,853.0,0.0,0.0,0.0,0.0
dpphys_owner_rr,torus3d_x_reversal,0.9,8,10000,256,2,0,288000.0,99359.0,99072.0,0.3449965277777778,0.9971114846163911,0.1548,3249.710756,29.030907,3278.741663,1.155362,46718.0,31289.0,34300.0,34300.0,0.0,1342.0,1342.0,32926.0,0.0,0.0,0.0,0.0,0.0,0.0,34268.0,80313.0,1.0,10000.0,15318.0,18982.0,0.0,0.0,0.0,0.0,15318.0,18950.0,0.0,0.0,0.0,0.0,38296.0,42017.0,0.0,0.0,0.0,0.0,703.0,639.0,0.0,0.0,0.0,0.0
dpphys_owner_rr,torus3d_x_reversal,0.9,8,10000,256,3,0,288000.0,98972.0,98670.0,0.34365277777777775,0.9969486319363052,0.154171875,3248.608655,29.328975,3277.93763,1.153319,46038.0,30867.0,34462.0,34462.0,0.0,1636.0,1636.0,32798.0,0.0,0.0,0.0,0.0,0.0,0.0,34434.0,79502.0,1.0,10000.0,15469.0,18993.0,0.0,0.0,0.0,0.0,15469.0,18965.0,0.0,0.0,0.0,0.0,37951.0,41551.0,0.0,0.0,0.0,0.0,850.0,786.0,0.0,0.0,0.0,0.0
dpphys_pressure,torus3d_x_reversal,0.3,8,10000,4,1,0,96000.0,95356.0,95070.0,0.9932916666666667,0.997000713117161,0.148546875,37.771516,27.244494,65.016009,1.004018,1147.0,765.0,45881.0,43662.0,2219.0,3461.0,1242.0,44590.0,0.0,0.0,0.0,0.0,0.0,0.0,45832.0,49714.0,1.0,10000.0,22952.0,22929.0,0.0,0.0,0.0,0.0,22927.0,22905.0,0.0,0.0,0.0,0.0,24705.0,25009.0,0.0,0.0,0.0,0.0,1731.0,1730.0,0.0,0.0,0.0,0.0
dpphys_pressure,torus3d_x_reversal,0.3,8,10000,4,2,0,96000.0,95593.0,95332.0,0.9957604166666667,0.9972696745577605,0.14895625,35.39546,27.267885,62.663345,1.00407,1196.0,808.0,45992.0,43782.0,2210.0,3491.0,1281.0,44663.0,0.0,0.0,0.0,0.0,0.0,0.0,45944.0,49858.0,1.0,10000.0,23196.0,22796.0,0.0,0.0,0.0,0.0,23174.0,22770.0,0.0,0.0,0.0,0.0,24884.0,24974.0,0.0,0.0,0.0,0.0,1744.0,1747.0,0.0,0.0,0.0,0.0
dpphys_pressure,torus3d_x_reversal,0.3,8,10000,4,3,0,96000.0,95379.0,95108.0,0.99353125,0.997158703697879,0.14860625,36.602778,27.269504,63.872282,1.003995,1159.0,779.0,45900.0,43636.0,2264.0,3571.0,1307.0,44551.0,0.0,0.0,0.0,0.0,0.0,0.0,45858.0,49724.0,1.0,10000.0,22933.0,22967.0,0.0,0.0,0.0,0.0,22913.0,22945.0,0.0,0.0,0.0,0.0,24738.0,24986.0,0.0,0.0,0.0,0.0,1787.0,1784.0,0.0,0.0,0.0,0.0
dpphys_pressure,torus3d_x_reversal,0.9,8,10000,4,1,0,288000.0,101111.0,100786.0,0.3510798611111111,0.9967857107535283,0.157478125,3230.747386,27.998928,3258.746314,1.003373,1675.0,1335.0,52855.0,50222.0,2633.0,5604.0,2971.0,49841.0,0.0,0.0,0.0,0.0,0.0,0.0,52812.0,48443.0,1.0,10000.0,26373.0,26482.0,0.0,0.0,0.0,0.0,26342.0,26470.0,0.0,0.0,0.0,0.0,24178.0,24265.0,0.0,0.0,0.0,0.0,2801.0,2803.0,0.0,0.0,0.0,0.0
dpphys_pressure,torus3d_x_reversal,0.9,8,10000,4,2,0,288000.0,101108.0,100788.0,0.35106944444444443,0.996835067452625,0.15748125,3229.974908,27.959192,3257.934099,1.002619,792.0,528.0,53762.0,51185.0,2577.0,5278.0,2701.0,51013.0,0.0,0.0,0.0,0.0,0.0,0.0,53714.0,47466.0,1.0,10000.0,26906.0,26856.0,0.0,0.0,0.0,0.0,26875.0,26839.0,0.0,0.0,0.0,0.0,23776.0,23690.0,0.0,0.0,0.0,0.0,2639.0,2639.0,0.0,0.0,0.0,0.0
dpphys_pressure,torus3d_x_reversal,0.9,8,10000,4,3,0,288000.0,101107.0,100790.0,0.35106597222222224,0.996864707685917,0.157484375,3230.12912,27.948556,3258.077676,1.003135,1284.0,968.0,53125.0,50680.0,2445.0,5124.0,2679.0,50401.0,0.0,0.0,0.0,0.0,0.0,0.0,53080.0,48154.0,1.0,10000.0,26507.0,26618.0,0.0,0.0,0.0,0.0,26485.0,26595.0,0.0,0.0,0.0,0.0,24063.0,24091.0,0.0,0.0,0.0,0.0,2561.0,2563.0,0.0,0.0,0.0,0.0
dpphys_pressure,torus3d_x_reversal,0.3,8,10000,16,1,0,96000.0,95355.0,95057.0,0.99328125,0.9968748361386398,0.1485265625,38.021387,28.716528,66.737915,1.010899,3138.0,2095.0,55274.0,46466.0,8808.0,11329.0,2521.0,52684.0,0.0,0.0,0.0,0.0,0.0,0.0,55205.0,40981.0,1.0,10000.0,27530.0,27744.0,0.0,0.0,0.0,0.0,27483.0,27722.0,0.0,0.0,0.0,0.0,20310.0,20671.0,0.0,0.0,0.0,0.0,5665.0,5664.0,0.0,0.0,0.0,0.0
dpphys_pressure,torus3d_x_reversal,0.3,8,10000,16,2,0,96000.0,95586.0,95317.0,0.9956875,0.9971857803444019,0.1489328125,35.679931,28.742103,64.422034,1.011373,3151.0,2063.0,55402.0,46764.0,8638.0,11161.0,2523.0,52809.0,0.0,0.0,0.0,0.0,0.0,0.0,55332.0,41152.0,1.0,10000.0,27760.0,27642.0,0.0,0.0,0.0,0.0,27718.0,27614.0,0.0,0.0,0.0,0.0,20591.0,20561.0,0.0,0.0,0.0,0.0,5583.0,5578.0,0.0,0.0,0.0,0.0
dpphys_pressure,torus3d_x_reversal,0.3,8,10000,16,3,0,96000.0,95376.0,95091.0,0.9935,0.9970118268746855,0.1485796875,36.883291,28.694766,65.578057,1.011189,3168.0,2100.0,55086.0,46476.0,8610.0,11088.0,2478.0,52544.0,0.0,0.0,0.0,0.0,0.0,0.0,55022.0,41225.0,1.0,10000.0,27623.0,27463.0,0.0,0.0,0.0,0.0,27578.0,27444.0,0.0,0.0,0.0,0.0,20614.0,20611.0,0.0,0.0,0.0,0.0,5546.0,5542.0,0.0,0.0,0.0,0.0
dpphys_pressure,torus3d_x_reversal,0.9,8,10000,16,1,0,288000.0,100167.0,99837.0,0.34780208333333335,0.996705501811974,0.1559953125,3243.914781,30.504793,3274.419574,1.023819,6710.0,4313.0,62003.0,50651.0,11352.0,16048.0,4696.0,57227.0,0.0,0.0,0.0,0.0,0.0,0.0,61923.0,40400.0,1.0,10000.0,30800.0,31203.0,0.0,0.0,0.0,0.0,30753.0,31170.0,0.0,0.0,0.0,0.0,20193.0,20207.0,0.0,0.0,0.0,0.0,8027.0,8021.0,0.0,0.0,0.0,0.0
dpphys_pressure,torus3d_x_reversal,0.9,8,10000,16,2,0,288000.0,100256.0,99943.0,0.3481111111111111,0.9968779923396106,0.1561609375,3234.897572,30.278949,3265.176521,1.023473,6450.0,4098.0,62048.0,51005.0,11043.0,15667.0,4624.0,57347.0,0.0,0.0,0.0,0.0,0.0,0.0,61971.0,40413.0,1.0,10000.0,30798.0,31250.0,0.0,0.0,0.0,0.0,30741.0,31230.0,0.0,0.0,0.0,0.0,20245.0,20168.0,0.0,0.0,0.0,0.0,7834.0,7833.0,0.0,0.0,0.0,0.0
dpphys_pressure,torus3d_x_reversal,0.9,8,10000,16,3,0,288000.0,99770.0,99459.0,0.3464236111111111,0.9968828305101733,0.1554046875,3250.07393,31.362159,3281.436089,1.028394,7675.0,4840.0,61378.0,48580.0,12798.0,18405.0,5607.0,55693.0,0.0,0.0,0.0,0.0,0.0,0.0,61300.0,41082.0,1.0,10000.0,30475.0,30903.0,0.0,0.0,0.0,0.0,30442.0,30858.0,0.0,0.0,0.0,0.0,20540.0,20542.0,0.0,0.0,0.0,0.0,9200.0,9205.0,0.0,0.0,0.0,0.0
dpphys_pressure,torus3d_x_reversal,0.3,8,10000,64,1,0,96000.0,94699.0,94384.0,0.9864479166666666,0.996673671316487,0.147475,69.91043,31.367435,101.277865,1.021847,5668.0,3599.0,59173.0,48396.0,10777.0,15505.0,4728.0,54359.0,0.0,0.0,0.0,0.0,0.0,0.0,59087.0,37446.0,1.0,10000.0,29397.0,29776.0,0.0,0.0,0.0,0.0,29331.0,29756.0,0.0,0.0,0.0,0.0,18432.0,19014.0,0.0,0.0,0.0,0.0,7757.0,7748.0,0.0,0.0,0.0,0.0
dpphys_pressure,torus3d_x_reversal,0.3,8,10000,64,2,0,96000.0,95030.0,94738.0,0.9898958333333333,0.9969272861201726,0.148028125,66.304957,31.049727,97.354683,1.021026,5513.0,3513.0,59398.0,49203.0,10195.0,14611.0,4416.0,54903.0,0.0,0.0,0.0,0.0,0.0,0.0,59319.0,37497.0,1.0,10000.0,29684.0,29714.0,0.0,0.0,0.0,0.0,29628.0,29691.0,0.0,0.0,0.0,0.0,18912.0,18585.0,0.0,0.0,0.0,0.0,7309.0,7302.0,0.0,0.0,0.0,0.0
dpphys_pressure,torus3d_x_reversal,0.3,8,10000,64,3,0,96000.0,94703.0,94408.0,0.9864895833333334,0.9968849983633042,0.1475125,68.645517,30.813459,99.458976,1.019935,5166.0,3274.0,59245.0,49561.0,9684.0,13728.0,4044.0,55126.0,0.0,0.0,0.0,0.0,0.0,0.0,59170.0,37213.0,1.0,10000.0,29361.0,29884.0,0.0,0.0,0.0,0.0,29298.0,29872.0,0.0,0.0,0.0,0.0,18577.0,18636.0,0.0,0.0,0.0,0.0,6872.0,6856.0,0.0,0.0,0.0,0.0
dpphys_pressure,torus3d_x_reversal,0.9,8,10000,64,1,0,288000.0,100383.0,100049.0,0.3485520833333333,0.9966727433928055,0.1563265625,3234.991604,28.250807,3263.242411,1.008576,2428.0,1563.0,65452.0,61108.0,4344.0,6251.0,1907.0,63463.0,0.0,0.0,0.0,0.0,0.0,0.0,65370.0,35640.0,1.0,10000.0,31803.0,33649.0,0.0,0.0,0.0,0.0,31738.0,33632.0,0.0,0.0,0.0,0.0,17372.0,18268.0,0.0,0.0,0.0,0.0,3131.0,3120.0,0.0,0.0,0.0,0.0
dpphys_pressure,torus3d_x_reversal,0.9,8,10000,64,2,0,288000.0,100403.0,100086.0,0.3486215277777778,0.9968427238229933,0.156384375,3230.635593,28.071429,3258.707022,1.007993,2193.0,1388.0,65496.0,61185.0,4311.0,6395.0,2084.0,63349.0,0.0,0.0,0.0,0.0,0.0,0.0,65433.0,35556.0,1.0,10000.0,32020.0,33476.0,0.0,0.0,0.0,0.0,31969.0,33464.0,0.0,0.0,0.0,0.0,17466.0,18090.0,0.0,0.0,0.0,0.0,3208.0,3187.0,0.0,0.0,0.0,0.0
dpphys_pressure,torus3d_x_reversal,0.9,8,10000,64,3,0,288000.0,99272.0,98954.0,0.34469444444444447,0.9967966798291562,0.154615625,3229.703499,29.47228,3259.175779,1.011601,3116.0,1959.0,64539.0,57726.0,6813.0,10302.0,3489.0,60977.0,0.0,0.0,0.0,0.0,0.0,0.0,64466.0,35745.0,1.0,10000.0,31433.0,33106.0,0.0,0.0,0.0,0.0,31383.0,33083.0,0.0,0.0,0.0,0.0,17425.0,18320.0,0.0,0.0,0.0,0.0,5157.0,5145.0,0.0,0.0,0.0,0.0
dpphys_pressure,torus3d_x_reversal,0.3,8,10000,256,1,0,96000.0,94832.0,94537.0,0.9878333333333333,0.9968892357010292,0.1477140625,50.11294,28.28885,78.40179,1.005733,1551.0,1006.0,61612.0,58033.0,3579.0,5163.0,1584.0,59959.0,0.0,0.0,0.0,0.0,0.0,0.0,61543.0,33637.0,1.0,10000.0,29860.0,31752.0,0.0,0.0,0.0,0.0,29797.0,31746.0,0.0,0.0,0.0,0.0,16298.0,17339.0,0.0,0.0,0.0,0.0,2591.0,2572.0,0.0,0.0,0.0,0.0
dpphys_pressure,torus3d_x_reversal,0.3,8,10000,256,2,0,96000.0,95313.0,95043.0,0.99284375,0.9971672279751975,0.1485046875,47.017592,27.899004,74.916596,1.005829,1492.0,937.0,62022.0,58862.0,3160.0,4607.0,1447.0,60511.0,0.0,0.0,0.0,0.0,0.0,0.0,61958.0,33726.0,1.0,10000.0,30106.0,31916.0,0.0,0.0,0.0,0.0,30047.0,31911.0,0.0,0.0,0.0,0.0,16332.0,17394.0,0.0,0.0,0.0,0.0,2312.0,2295.0,0.0,0.0,0.0,0.0
dpphys_pressure,torus3d_x_reversal,0.3,8,10000,256,3,0,96000.0,95141.0,94874.0,0.9910520833333333,0.9971936389148737,0.148240625,53.03589,27.883804,80.919693,1.005544,1420.0,893.0,61941.0,58874.0,3067.0,4499.0,1432.0,60451.0,0.0,0.0,0.0,0.0,0.0,0.0,61883.0,33594.0,1.0,10000.0,30033.0,31908.0,0.0,0.0,0.0,0.0,29978.0,31905.0,0.0,0.0,0.0,0.0,16259.0,17335.0,0.0,0.0,0.0,0.0,2261.0,2238.0,0.0,0.0,0.0,0.0
dpphys_pressure,torus3d_x_reversal,0.9,8,10000,256,1,0,288000.0,100719.0,100421.0,0.34971875,0.9970412732453658,0.1569078125,3233.985382,27.156461,3261.141843,1.002828,734.0,450.0,66704.0,65340.0,1364.0,1994.0,630.0,66025.0,0.0,0.0,0.0,0.0,0.0,0.0,66655.0,34162.0,1.0,10000.0,29271.0,37433.0,0.0,0.0,0.0,0.0,29271.0,37384.0,0.0,0.0,0.0,0.0,15064.0,19098.0,0.0,0.0,0.0,0.0,984.0,1010.0,0.0,0.0,0.0,0.0
dpphys_pressure,torus3d_x_reversal,0.9,8,10000,256,2,0,288000.0,100830.0,100547.0,0.35010416666666666,0.997193295646137,0.1571046875,3232.017693,27.001502,3259.019195,1.002089,589.0,379.0,66782.0,65622.0,1160.0,1814.0,654.0,66063.0,0.0,0.0,0.0,0.0,0.0,0.0,66717.0,34134.0,1.0,10000.0,29300.0,37482.0,0.0,0.0,0.0,0.0,29300.0,37417.0,0.0,0.0,0.0,0.0,15047.0,19087.0,0.0,0.0,0.0,0.0,896.0,918.0,0.0,0.0,0.0,0.0
dpphys_pressure,torus3d_x_reversal,0.9,8,10000,256,3,0,288000.0,100257.0,99960.0,0.34811458333333334,0.9970376133337323,0.1561875,3230.232913,27.616146,3257.84906,1.003301,868.0,538.0,66405.0,64096.0,2309.0,3476.0,1167.0,65191.0,0.0,0.0,0.0,0.0,0.0,0.0,66358.0,34046.0,1.0,10000.0,29262.0,37143.0,0.0,0.0,0.0,0.0,29262.0,37096.0,0.0,0.0,0.0,0.0,15039.0,19007.0,0.0,0.0,0.0,0.0,1722.0,1754.0,0.0,0.0,0.0,0.0
