mode,pattern,injection_rate,vcs_per_vnet,sim_cycles,deadlock,expected_generated,packets_injected,packets_received,injection_acceptance,delivery_ratio,throughput,queueing_latency,network_latency,packet_latency,average_hops,cbs_entry_blocks,cbs_mark_moves,dp_pool_blocks,dp_shared_grants,escape_hops,escape_transitions,sim_ticks
B2_dpesc_v3_s2_global,torus3d_xopposite,0.05,3,10000,0,16000.0,15968.0,15954.0,0.998,0.999123246492986,0.024928125,2.003009,7.02432,9.027329,2.0,0.0,0.0,0.0,31923.0,0.0,0.0,10000.0
B2_dpesc_v3_s2_global,torus3d_xopposite,0.1,3,10000,0,32000.0,31948.0,31916.0,0.998375,0.998998372355077,0.04986875,2.010841,7.051103,9.061944,2.000188,0.0,0.0,0.0,63857.0,19.0,13.0,10000.0
B2_dpesc_v3_s2_global,torus3d_xopposite,0.15,3,10000,0,48000.0,47760.0,47718.0,0.995,0.9991206030150753,0.074559375,2.024854,7.075485,9.100339,2.000671,0.0,0.0,0.0,95423.0,95.0,63.0,10000.0
B2_dpesc_v3_s2_global,torus3d_xopposite,0.2,3,10000,0,64000.0,63805.0,63750.0,0.996953125,0.9991379985894523,0.099609375,2.046494,7.101396,9.14789,2.001349,0.0,0.0,0.0,127391.0,259.0,171.0,10000.0
B2_dpesc_v3_s2_global,torus3d_xopposite,0.25,3,10000,0,80000.0,79712.0,79646.0,0.9964,0.9991720192693697,0.124446875,2.072408,7.125769,9.198177,2.002536,0.0,0.0,0.0,158935.0,639.0,431.0,10000.0
B2_dpesc_v3_s2_global,torus3d_xopposite,0.3,3,10000,0,96000.0,95809.0,95731.0,0.9980104166666667,0.9991858802408959,0.1495796875,2.107959,7.150839,9.258798,2.004157,0.0,0.0,0.0,190653.0,1297.0,876.0,10000.0
B2_dpesc_v3_s2_global,torus3d_xopposite,0.35,3,10000,0,112000.0,111701.0,111617.0,0.9973303571428571,0.9992479924083043,0.1744015625,2.154278,7.178226,9.332503,2.007221,0.0,0.0,0.0,221698.0,2437.0,1593.0,10000.0
B2_dpesc_v3_s2_global,torus3d_xopposite,0.4,3,10000,0,128000.0,127635.0,127531.0,0.9971484375,0.9991851764798056,0.1992671875,2.215979,7.202578,9.418557,2.009488,0.0,0.0,0.0,252514.0,3886.0,2585.0,10000.0
B2_dpesc_v3_s2_global,torus3d_xopposite,0.45,3,10000,0,144000.0,143549.0,143438.0,0.9968680555555556,0.9992267448745724,0.224121875,2.300555,7.228336,9.528891,2.013553,0.0,0.0,0.0,282864.0,6089.0,4002.0,10000.0
B2_dpesc_v3_s2_global,torus3d_xopposite,0.5,3,10000,0,160000.0,159449.0,159320.0,0.99655625,0.9991909638818682,0.2489375,2.416985,7.253107,9.670092,2.016821,0.0,0.0,0.0,312681.0,8795.0,5870.0,10000.0
B4_dpesc_v5_s4_global,torus3d_xopposite,0.05,5,10000,0,16000.0,15968.0,15954.0,0.998,0.999123246492986,0.024928125,2.0,7.025574,9.025574,2.0,0.0,0.0,0.0,31923.0,0.0,0.0,10000.0
B4_dpesc_v5_s4_global,torus3d_xopposite,0.1,5,10000,0,32000.0,31948.0,31916.0,0.998375,0.998998372355077,0.04986875,2.0,7.051166,9.051166,2.0,0.0,0.0,0.0,63870.0,0.0,0.0,10000.0
B4_dpesc_v5_s4_global,torus3d_xopposite,0.15,5,10000,0,48000.0,47760.0,47718.0,0.995,0.9991206030150753,0.074559375,2.0,7.076743,9.076743,2.0,0.0,0.0,0.0,95486.0,0.0,0.0,10000.0
B4_dpesc_v5_s4_global,torus3d_xopposite,0.2,5,10000,0,64000.0,63806.0,63750.0,0.99696875,0.9991223395918879,0.099609375,2.0,7.106886,9.106886,2.0,0.0,0.0,0.0,127565.0,0.0,0.0,10000.0
B4_dpesc_v5_s4_global,torus3d_xopposite,0.25,5,10000,0,80000.0,79713.0,79646.0,0.9964125,0.9991594846511861,0.124446875,2.0,7.132737,9.132737,2.0,0.0,0.0,0.0,159373.0,0.0,0.0,10000.0
B4_dpesc_v5_s4_global,torus3d_xopposite,0.3,5,10000,0,96000.0,95810.0,95731.0,0.9980208333333334,0.9991754514142573,0.1495796875,2.0,7.160011,9.160011,2.0,0.0,0.0,0.0,191554.0,0.0,0.0,10000.0
B4_dpesc_v5_s4_global,torus3d_xopposite,0.35,5,10000,0,112000.0,111703.0,111617.0,0.9973482142857143,0.9992301012506378,0.1744015625,2.0,7.188278,9.188278,2.0,0.0,0.0,0.0,223331.0,0.0,0.0,10000.0
B4_dpesc_v5_s4_global,torus3d_xopposite,0.4,5,10000,0,128000.0,127637.0,127534.0,0.9971640625,0.9991930239664047,0.199271875,2.0,7.214351,9.214351,2.0,0.0,0.0,0.0,255194.0,0.0,0.0,10000.0
B4_dpesc_v5_s4_global,torus3d_xopposite,0.45,5,10000,0,144000.0,143553.0,143440.0,0.9968958333333333,0.9992128342842016,0.224125,2.0,7.241125,9.241125,2.0,0.0,0.0,0.0,287016.0,0.0,0.0,10000.0
B4_dpesc_v5_s4_global,torus3d_xopposite,0.5,5,10000,0,160000.0,159452.0,159326.0,0.996575,0.9992097935428844,0.248946875,2.0,7.267646,9.267646,2.0,0.0,0.0,0.0,318802.0,0.0,0.0,10000.0
B6_dpesc_v7_s6_global,torus3d_xopposite,0.05,7,10000,0,16000.0,15968.0,15954.0,0.998,0.999123246492986,0.024928125,2.0,7.025574,9.025574,2.0,0.0,0.0,0.0,31923.0,0.0,0.0,10000.0
B6_dpesc_v7_s6_global,torus3d_xopposite,0.1,7,10000,0,32000.0,31948.0,31916.0,0.998375,0.998998372355077,0.04986875,2.0,7.051166,9.051166,2.0,0.0,0.0,0.0,63870.0,0.0,0.0,10000.0
B6_dpesc_v7_s6_global,torus3d_xopposite,0.15,7,10000,0,48000.0,47760.0,47718.0,0.995,0.9991206030150753,0.074559375,2.0,7.076743,9.076743,2.0,0.0,0.0,0.0,95486.0,0.0,0.0,10000.0
B6_dpesc_v7_s6_global,torus3d_xopposite,0.2,7,10000,0,64000.0,63806.0,63750.0,0.99696875,0.9991223395918879,0.099609375,2.0,7.106886,9.106886,2.0,0.0,0.0,0.0,127565.0,0.0,0.0,10000.0
B6_dpesc_v7_s6_global,torus3d_xopposite,0.25,7,10000,0,80000.0,79713.0,79646.0,0.9964125,0.9991594846511861,0.124446875,2.0,7.132737,9.132737,2.0,0.0,0.0,0.0,159373.0,0.0,0.0,10000.0
B6_dpesc_v7_s6_global,torus3d_xopposite,0.3,7,10000,0,96000.0,95810.0,95731.0,0.9980208333333334,0.9991754514142573,0.1495796875,2.0,7.160011,9.160011,2.0,0.0,0.0,0.0,191554.0,0.0,0.0,10000.0
B6_dpesc_v7_s6_global,torus3d_xopposite,0.35,7,10000,0,112000.0,111703.0,111617.0,0.9973482142857143,0.9992301012506378,0.1744015625,2.0,7.188278,9.188278,2.0,0.0,0.0,0.0,223331.0,0.0,0.0,10000.0
B6_dpesc_v7_s6_global,torus3d_xopposite,0.4,7,10000,0,128000.0,127637.0,127534.0,0.9971640625,0.9991930239664047,0.199271875,2.0,7.214351,9.214351,2.0,0.0,0.0,0.0,255194.0,0.0,0.0,10000.0
B6_dpesc_v7_s6_global,torus3d_xopposite,0.45,7,10000,0,144000.0,143553.0,143440.0,0.9968958333333333,0.9992128342842016,0.224125,2.0,7.241125,9.241125,2.0,0.0,0.0,0.0,287016.0,0.0,0.0,10000.0
B6_dpesc_v7_s6_global,torus3d_xopposite,0.5,7,10000,0,160000.0,159452.0,159326.0,0.996575,0.9992097935428844,0.248946875,2.0,7.267646,9.267646,2.0,0.0,0.0,0.0,318802.0,0.0,0.0,10000.0
B2_dpesc_v3_s2_global,torus3d_tornado,0.05,3,10000,0,16000.0,15968.0,15949.0,0.998,0.998810120240481,0.0249203125,2.003072,9.045959,11.049031,3.000125,0.0,0.0,0.0,47878.0,4.0,2.0,10000.0
B2_dpesc_v3_s2_global,torus3d_tornado,0.1,3,10000,0,32000.0,31948.0,31904.0,0.998375,0.9986227619882309,0.04985,2.010908,9.090616,11.101523,3.000251,0.0,0.0,0.0,95771.0,31.0,22.0,10000.0
B2_dpesc_v3_s2_global,torus3d_tornado,0.15,3,10000,0,48000.0,47760.0,47701.0,0.995,0.9987646566164154,0.0745328125,2.025282,9.137523,11.162806,3.00088,0.0,0.0,0.0,143111.0,146.0,104.0,10000.0
B2_dpesc_v3_s2_global,torus3d_tornado,0.2,3,10000,0,64000.0,63804.0,63730.0,0.9969375,0.9988401981067018,0.099578125,2.047105,9.185454,11.232559,3.00226,0.0,0.0,0.0,191019.0,451.0,305.0,10000.0
B2_dpesc_v3_s2_global,torus3d_tornado,0.25,3,10000,0,80000.0,79712.0,79623.0,0.9964,0.9988834805299077,0.1244109375,2.074526,9.233689,11.308215,3.00422,0.0,0.0,0.0,238330.0,1038.0,693.0,10000.0
B2_dpesc_v3_s2_global,torus3d_tornado,0.3,3,10000,0,96000.0,95809.0,95708.0,0.9980104166666667,0.9989458192862883,0.14954375,2.110973,9.285284,11.396257,3.007168,0.0,0.0,0.0,285842.0,2145.0,1442.0,10000.0
B2_dpesc_v3_s2_global,torus3d_tornado,0.35,3,10000,0,112000.0,111701.0,111590.0,0.9973303571428571,0.9990062756824021,0.174359375,2.160507,9.345434,11.505941,3.012152,0.0,0.0,0.0,332138.0,4185.0,2761.0,10000.0
B2_dpesc_v3_s2_global,torus3d_tornado,0.4,3,10000,0,128000.0,127635.0,127500.0,0.9971484375,0.9989422963920555,0.19921875,2.228188,9.410243,11.638431,3.019247,0.0,0.0,0.0,377654.0,7549.0,4930.0,10000.0
B2_dpesc_v3_s2_global,torus3d_tornado,0.45,3,10000,0,144000.0,143549.0,143402.0,0.9968680555555556,0.9989759594284878,0.224065625,2.321425,9.48546,11.806886,3.028256,0.0,0.0,0.0,422211.0,12314.0,7872.0,10000.0
B2_dpesc_v3_s2_global,torus3d_tornado,0.5,3,10000,0,160000.0,159447.0,159283.0,0.99654375,0.9989714450569782,0.2488796875,2.455033,9.568642,12.023675,3.039439,0.0,0.0,0.0,465279.0,19152.0,12183.0,10000.0
B4_dpesc_v5_s4_global,torus3d_tornado,0.05,5,10000,0,16000.0,15968.0,15949.0,0.998,0.998810120240481,0.0249203125,2.0,9.04157,11.04157,3.0,0.0,0.0,0.0,47880.0,0.0,0.0,10000.0
B4_dpesc_v5_s4_global,torus3d_tornado,0.1,5,10000,0,32000.0,31948.0,31904.0,0.998375,0.9986227619882309,0.04985,2.0,9.094471,11.094471,3.0,0.0,0.0,0.0,95794.0,0.0,0.0,10000.0
B4_dpesc_v5_s4_global,torus3d_tornado,0.15,5,10000,0,48000.0,47760.0,47701.0,0.995,0.9987646566164154,0.0745328125,2.0,9.138551,11.138551,3.0,0.0,0.0,0.0,143215.0,0.0,0.0,10000.0
B4_dpesc_v5_s4_global,torus3d_tornado,0.2,5,10000,0,64000.0,63806.0,63730.0,0.99696875,0.9988088894461336,0.099578125,2.0,9.193159,11.193159,3.0,0.0,0.0,0.0,191327.0,0.0,0.0,10000.0
B4_dpesc_v5_s4_global,torus3d_tornado,0.25,5,10000,0,80000.0,79713.0,79623.0,0.9964125,0.9988709495314441,0.1244109375,2.0,9.245482,11.245482,3.0,0.0,0.0,0.0,239035.0,0.0,0.0,10000.0
B4_dpesc_v5_s4_global,torus3d_tornado,0.3,5,10000,0,96000.0,95810.0,95708.0,0.9980208333333334,0.9989353929652437,0.14954375,2.0,9.30079,11.30079,3.0,0.0,0.0,0.0,287305.0,0.0,0.0,10000.0
B4_dpesc_v5_s4_global,torus3d_tornado,0.35,5,10000,0,112000.0,111703.0,111591.0,0.9973482142857143,0.9989973411636214,0.1743609375,2.0,9.357654,11.357654,3.0,0.0,0.0,0.0,334968.0,0.0,0.0,10000.0
B4_dpesc_v5_s4_global,torus3d_tornado,0.4,5,10000,0,128000.0,127637.0,127504.0,0.9971640625,0.9989579824032216,0.199225,2.0,9.424818,11.424818,3.0,0.0,0.0,0.0,382753.0,0.0,0.0,10000.0
B4_dpesc_v5_s4_global,torus3d_tornado,0.45,5,10000,0,144000.0,143553.0,143408.0,0.9968958333333333,0.9989899200991968,0.224075,2.0,9.494491,11.494491,3.0,0.0,0.0,0.0,430481.0,0.0,0.0,10000.0
B4_dpesc_v5_s4_global,torus3d_tornado,0.5,5,10000,0,160000.0,159452.0,159290.0,0.996575,0.9989840202694228,0.248890625,2.0,9.565371,11.565371,3.0,0.0,0.0,0.0,478161.0,0.0,0.0,10000.0
B6_dpesc_v7_s6_global,torus3d_tornado,0.05,7,10000,0,16000.0,15968.0,15949.0,0.998,0.998810120240481,0.0249203125,2.0,9.04157,11.04157,3.0,0.0,0.0,0.0,47880.0,0.0,0.0,10000.0
B6_dpesc_v7_s6_global,torus3d_tornado,0.1,7,10000,0,32000.0,31948.0,31904.0,0.998375,0.9986227619882309,0.04985,2.0,9.094471,11.094471,3.0,0.0,0.0,0.0,95794.0,0.0,0.0,10000.0
B6_dpesc_v7_s6_global,torus3d_tornado,0.15,7,10000,0,48000.0,47760.0,47701.0,0.995,0.9987646566164154,0.0745328125,2.0,9.138551,11.138551,3.0,0.0,0.0,0.0,143215.0,0.0,0.0,10000.0
B6_dpesc_v7_s6_global,torus3d_tornado,0.2,7,10000,0,64000.0,63806.0,63730.0,0.99696875,0.9988088894461336,0.099578125,2.0,9.193159,11.193159,3.0,0.0,0.0,0.0,191327.0,0.0,0.0,10000.0
B6_dpesc_v7_s6_global,torus3d_tornado,0.25,7,10000,0,80000.0,79713.0,79623.0,0.9964125,0.9988709495314441,0.1244109375,2.0,9.245482,11.245482,3.0,0.0,0.0,0.0,239035.0,0.0,0.0,10000.0
B6_dpesc_v7_s6_global,torus3d_tornado,0.3,7,10000,0,96000.0,95810.0,95708.0,0.9980208333333334,0.9989353929652437,0.14954375,2.0,9.30079,11.30079,3.0,0.0,0.0,0.0,287305.0,0.0,0.0,10000.0
B6_dpesc_v7_s6_global,torus3d_tornado,0.35,7,10000,0,112000.0,111703.0,111591.0,0.9973482142857143,0.9989973411636214,0.1743609375,2.0,9.357654,11.357654,3.0,0.0,0.0,0.0,334968.0,0.0,0.0,10000.0
B6_dpesc_v7_s6_global,torus3d_tornado,0.4,7,10000,0,128000.0,127637.0,127504.0,0.9971640625,0.9989579824032216,0.199225,2.0,9.424818,11.424818,3.0,0.0,0.0,0.0,382753.0,0.0,0.0,10000.0
B6_dpesc_v7_s6_global,torus3d_tornado,0.45,7,10000,0,144000.0,143553.0,143408.0,0.9968958333333333,0.9989899200991968,0.224075,2.0,9.494491,11.494491,3.0,0.0,0.0,0.0,430481.0,0.0,0.0,10000.0
B6_dpesc_v7_s6_global,torus3d_tornado,0.5,7,10000,0,160000.0,159452.0,159290.0,0.996575,0.9989840202694228,0.248890625,2.0,9.565371,11.565371,3.0,0.0,0.0,0.0,478161.0,0.0,0.0,10000.0
B2_dpesc_v3_s2_global,torus3d_transpose,0.05,3,10000,0,16000.0,15968.0,15949.0,0.998,0.998810120240481,0.0249203125,2.002947,9.044203,11.04715,3.003825,0.0,0.0,0.0,47945.0,0.0,0.0,10000.0
B2_dpesc_v3_s2_global,torus3d_transpose,0.1,3,10000,0,32000.0,31948.0,31906.0,0.998375,0.9986853637160386,0.049853125,2.010782,9.076005,11.086786,3.003886,0.0,0.0,0.0,95903.0,24.0,12.0,10000.0
B2_dpesc_v3_s2_global,torus3d_transpose,0.15,3,10000,0,48000.0,47759.0,47703.0,0.9949791666666666,0.9988274461358069,0.0745359375,2.024883,9.097541,11.122424,2.999392,0.0,0.0,0.0,143149.0,50.0,34.0,10000.0
B2_dpesc_v3_s2_global,torus3d_transpose,0.2,3,10000,0,64000.0,63805.0,63731.0,0.996953125,0.9988402162839903,0.0995796875,2.046492,9.130313,11.176806,3.00262,0.0,0.0,0.0,191319.0,191.0,122.0,10000.0
B2_dpesc_v3_s2_global,torus3d_transpose,0.25,3,10000,0,80000.0,79712.0,79625.0,0.9964,0.9989085708550783,0.1244140625,2.072314,9.164521,11.236835,3.005739,0.0,0.0,0.0,239047.0,459.0,287.0,10000.0
B2_dpesc_v3_s2_global,torus3d_transpose,0.3,3,10000,0,96000.0,95809.0,95709.0,0.9980104166666667,0.9989562567190974,0.1495453125,2.108882,9.188091,11.296973,3.004252,0.0,0.0,0.0,286841.0,885.0,557.0,10000.0
B2_dpesc_v3_s2_global,torus3d_transpose,0.35,3,10000,0,112000.0,111701.0,111592.0,0.9973303571428571,0.9990241806250616,0.1743625,2.154966,9.216691,11.371657,3.005717,0.0,0.0,0.0,333912.0,1709.0,1051.0,10000.0
B2_dpesc_v3_s2_global,torus3d_transpose,0.4,3,10000,0,128000.0,127635.0,127504.0,0.9971484375,0.9989736357582167,0.199225,2.218723,9.247671,11.466393,3.008941,0.0,0.0,0.0,380410.0,3500.0,2026.0,10000.0
B2_dpesc_v3_s2_global,torus3d_transpose,0.45,3,10000,0,144000.0,143550.0,143407.0,0.996875,0.9990038314176245,0.2240734375,2.305745,9.278529,11.584274,3.013089,0.0,0.0,0.0,426001.0,6377.0,3462.0,10000.0
B2_dpesc_v3_s2_global,torus3d_transpose,0.5,3,10000,0,160000.0,159449.0,159285.0,0.99655625,0.9989714579583441,0.2488828125,2.427165,9.324513,11.751678,3.019506,0.0,0.0,0.0,470587.0,10694.0,5677.0,10000.0
B4_dpesc_v5_s4_global,torus3d_transpose,0.05,5,10000,0,16000.0,15968.0,15949.0,0.998,0.998810120240481,0.0249203125,2.0,9.042072,11.042072,3.003825,0.0,0.0,0.0,47945.0,0.0,0.0,10000.0
B4_dpesc_v5_s4_global,torus3d_transpose,0.1,5,10000,0,32000.0,31948.0,31906.0,0.998375,0.9986853637160386,0.049853125,2.0,9.076694,11.076694,3.00351,0.0,0.0,0.0,95915.0,0.0,0.0,10000.0
B4_dpesc_v5_s4_global,torus3d_transpose,0.15,5,10000,0,48000.0,47760.0,47703.0,0.995,0.9988065326633165,0.0745359375,2.0,9.098799,11.098799,2.999057,0.0,0.0,0.0,143183.0,0.0,0.0,10000.0
B4_dpesc_v5_s4_global,torus3d_transpose,0.2,5,10000,0,64000.0,63806.0,63731.0,0.99696875,0.9988245619534213,0.0995796875,2.0,9.137547,11.137547,3.001553,0.0,0.0,0.0,191442.0,0.0,0.0,10000.0
B4_dpesc_v5_s4_global,torus3d_transpose,0.25,5,10000,0,80000.0,79713.0,79625.0,0.9964125,0.9988960395418565,0.1244140625,2.0,9.174355,11.174355,3.00368,0.0,0.0,0.0,239345.0,0.0,0.0,10000.0
B4_dpesc_v5_s4_global,torus3d_transpose,0.3,5,10000,0,96000.0,95810.0,95709.0,0.9980208333333334,0.9989458302891139,0.1495453125,2.0,9.203513,11.203513,3.001243,0.0,0.0,0.0,287439.0,0.0,0.0,10000.0
B4_dpesc_v5_s4_global,torus3d_transpose,0.35,5,10000,0,112000.0,111703.0,111591.0,0.9973482142857143,0.9989973411636214,0.1743609375,2.0,9.234195,11.234195,3.000762,0.0,0.0,0.0,335075.0,0.0,0.0,10000.0
B4_dpesc_v5_s4_global,torus3d_transpose,0.4,5,10000,0,128000.0,127637.0,127506.0,0.9971640625,0.9989736518407671,0.199228125,2.0,9.266427,11.266427,3.000094,0.0,0.0,0.0,382790.0,0.0,0.0,10000.0
B4_dpesc_v5_s4_global,torus3d_transpose,0.45,5,10000,0,144000.0,143553.0,143407.0,0.9968958333333333,0.9989829540309154,0.2240734375,2.0,9.293772,11.293772,2.998041,0.0,0.0,0.0,430232.0,0.0,0.0,10000.0
B4_dpesc_v5_s4_global,torus3d_transpose,0.5,5,10000,0,160000.0,159452.0,159293.0,0.996575,0.9990028347088779,0.2488953125,2.0,9.324904,11.324904,2.997608,0.0,0.0,0.0,477808.0,0.0,0.0,10000.0
B6_dpesc_v7_s6_global,torus3d_transpose,0.05,7,10000,0,16000.0,15968.0,15949.0,0.998,0.998810120240481,0.0249203125,2.0,9.042072,11.042072,3.003825,0.0,0.0,0.0,47945.0,0.0,0.0,10000.0
B6_dpesc_v7_s6_global,torus3d_transpose,0.1,7,10000,0,32000.0,31948.0,31906.0,0.998375,0.9986853637160386,0.049853125,2.0,9.076694,11.076694,3.00351,0.0,0.0,0.0,95915.0,0.0,0.0,10000.0
B6_dpesc_v7_s6_global,torus3d_transpose,0.15,7,10000,0,48000.0,47760.0,47703.0,0.995,0.9988065326633165,0.0745359375,2.0,9.098799,11.098799,2.999057,0.0,0.0,0.0,143183.0,0.0,0.0,10000.0
B6_dpesc_v7_s6_global,torus3d_transpose,0.2,7,10000,0,64000.0,63806.0,63731.0,0.99696875,0.9988245619534213,0.0995796875,2.0,9.137547,11.137547,3.001553,0.0,0.0,0.0,191442.0,0.0,0.0,10000.0
B6_dpesc_v7_s6_global,torus3d_transpose,0.25,7,10000,0,80000.0,79713.0,79625.0,0.9964125,0.9988960395418565,0.1244140625,2.0,9.174355,11.174355,3.00368,0.0,0.0,0.0,239345.0,0.0,0.0,10000.0
B6_dpesc_v7_s6_global,torus3d_transpose,0.3,7,10000,0,96000.0,95810.0,95709.0,0.9980208333333334,0.9989458302891139,0.1495453125,2.0,9.203513,11.203513,3.001243,0.0,0.0,0.0,287439.0,0.0,0.0,10000.0
B6_dpesc_v7_s6_global,torus3d_transpose,0.35,7,10000,0,112000.0,111703.0,111591.0,0.9973482142857143,0.9989973411636214,0.1743609375,2.0,9.234195,11.234195,3.000762,0.0,0.0,0.0,335075.0,0.0,0.0,10000.0
B6_dpesc_v7_s6_global,torus3d_transpose,0.4,7,10000,0,128000.0,127637.0,127506.0,0.9971640625,0.9989736518407671,0.199228125,2.0,9.266427,11.266427,3.000094,0.0,0.0,0.0,382790.0,0.0,0.0,10000.0
B6_dpesc_v7_s6_global,torus3d_transpose,0.45,7,10000,0,144000.0,143553.0,143407.0,0.9968958333333333,0.9989829540309154,0.2240734375,2.0,9.293772,11.293772,2.998041,0.0,0.0,0.0,430232.0,0.0,0.0,10000.0
B6_dpesc_v7_s6_global,torus3d_transpose,0.5,7,10000,0,160000.0,159452.0,159293.0,0.996575,0.9990028347088779,0.2488953125,2.0,9.324904,11.324904,2.997608,0.0,0.0,0.0,477808.0,0.0,0.0,10000.0
B2_dpesc_v3_s2_global,torus3d_neighbor,0.05,3,10000,0,16000.0,15968.0,15957.0,0.998,0.9993111222444889,0.0249328125,2.002945,5.0,7.002945,1.0,0.0,0.0,0.0,15963.0,0.0,0.0,10000.0
B2_dpesc_v3_s2_global,torus3d_neighbor,0.1,3,10000,0,32000.0,31948.0,31924.0,0.998375,0.9992487792663077,0.04988125,2.010462,5.0,7.010462,1.0,0.0,0.0,0.0,31938.0,0.0,0.0,10000.0
B2_dpesc_v3_s2_global,torus3d_neighbor,0.15,3,10000,0,48000.0,47760.0,47729.0,0.995,0.9993509212730318,0.0745765625,2.023927,5.0,7.023927,1.0,0.0,0.0,0.0,47747.0,0.0,0.0,10000.0
B2_dpesc_v3_s2_global,torus3d_neighbor,0.2,3,10000,0,64000.0,63805.0,63763.0,0.996953125,0.9993417443773999,0.0996296875,2.044226,5.0,7.044226,1.0,0.0,0.0,0.0,63787.0,0.0,0.0,10000.0
B2_dpesc_v3_s2_global,torus3d_neighbor,0.25,3,10000,0,80000.0,79712.0,79662.0,0.9964,0.9993727418707347,0.124471875,2.06815,5.0,7.06815,1.0,0.0,0.0,0.0,79692.0,0.0,0.0,10000.0
B2_dpesc_v3_s2_global,torus3d_neighbor,0.3,3,10000,0,96000.0,95809.0,95751.0,0.9980104166666667,0.9993946288970764,0.1496109375,2.100563,5.0,7.100563,1.0,0.0,0.0,0.0,95784.0,0.0,0.0,10000.0
B2_dpesc_v3_s2_global,torus3d_neighbor,0.35,3,10000,0,112000.0,111701.0,111637.0,0.9973303571428571,0.9994270418348985,0.1744328125,2.140849,5.0,7.140849,1.0,0.0,0.0,0.0,111674.0,0.0,0.0,10000.0
B2_dpesc_v3_s2_global,torus3d_neighbor,0.4,3,10000,0,128000.0,127635.0,127560.0,0.9971484375,0.9994123868844753,0.1993125,2.194693,5.0,7.194693,1.0,0.0,0.0,0.0,127606.0,0.0,0.0,10000.0
B2_dpesc_v3_s2_global,torus3d_neighbor,0.45,3,10000,0,144000.0,143550.0,143468.0,0.996875,0.9994287704632532,0.22416875,2.266331,5.0,7.266331,1.0,0.0,0.0,0.0,143519.0,0.0,0.0,10000.0
B2_dpesc_v3_s2_global,torus3d_neighbor,0.5,3,10000,0,160000.0,159449.0,159357.0,0.99655625,0.9994230130010223,0.2489953125,2.361616,5.0,7.361616,1.0,0.0,0.0,0.0,159417.0,0.0,0.0,10000.0
B4_dpesc_v5_s4_global,torus3d_neighbor,0.05,5,10000,0,16000.0,15968.0,15957.0,0.998,0.9993111222444889,0.0249328125,2.0,5.0,7.0,1.0,0.0,0.0,0.0,15963.0,0.0,0.0,10000.0
B4_dpesc_v5_s4_global,torus3d_neighbor,0.1,5,10000,0,32000.0,31948.0,31924.0,0.998375,0.9992487792663077,0.04988125,2.0,5.0,7.0,1.0,0.0,0.0,0.0,31938.0,0.0,0.0,10000.0
B4_dpesc_v5_s4_global,torus3d_neighbor,0.15,5,10000,0,48000.0,47760.0,47729.0,0.995,0.9993509212730318,0.0745765625,2.0,5.0,7.0,1.0,0.0,0.0,0.0,47747.0,0.0,0.0,10000.0
B4_dpesc_v5_s4_global,torus3d_neighbor,0.2,5,10000,0,64000.0,63806.0,63763.0,0.99696875,0.9993260821866282,0.0996296875,2.0,5.0,7.0,1.0,0.0,0.0,0.0,63788.0,0.0,0.0,10000.0
B4_dpesc_v5_s4_global,torus3d_neighbor,0.25,5,10000,0,80000.0,79713.0,79662.0,0.9964125,0.999360204734485,0.124471875,2.0,5.0,7.0,1.0,0.0,0.0,0.0,79693.0,0.0,0.0,10000.0
B4_dpesc_v5_s4_global,torus3d_neighbor,0.3,5,10000,0,96000.0,95810.0,95751.0,0.9980208333333334,0.9993841978916606,0.1496109375,2.0,5.0,7.0,1.0,0.0,0.0,0.0,95785.0,0.0,0.0,10000.0
B4_dpesc_v5_s4_global,torus3d_neighbor,0.35,5,10000,0,112000.0,111703.0,111637.0,0.9973482142857143,0.9994091474714197,0.1744328125,2.0,5.0,7.0,1.0,0.0,0.0,0.0,111676.0,0.0,0.0,10000.0
B4_dpesc_v5_s4_global,torus3d_neighbor,0.4,5,10000,0,128000.0,127637.0,127562.0,0.9971640625,0.9994123960920422,0.199315625,2.0,5.0,7.0,1.0,0.0,0.0,0.0,127608.0,0.0,0.0,10000.0
B4_dpesc_v5_s4_global,torus3d_neighbor,0.45,5,10000,0,144000.0,143553.0,143470.0,0.9968958333333333,0.9994218163326437,0.224171875,2.0,5.0,7.0,1.0,0.0,0.0,0.0,143521.0,0.0,0.0,10000.0
B4_dpesc_v5_s4_global,torus3d_neighbor,0.5,5,10000,0,160000.0,159452.0,159359.0,0.996575,0.9994167523768909,0.2489984375,2.0,5.0,7.0,1.0,0.0,0.0,0.0,159419.0,0.0,0.0,10000.0
B6_dpesc_v7_s6_global,torus3d_neighbor,0.05,7,10000,0,16000.0,15968.0,15957.0,0.998,0.9993111222444889,0.0249328125,2.0,5.0,7.0,1.0,0.0,0.0,0.0,15963.0,0.0,0.0,10000.0
B6_dpesc_v7_s6_global,torus3d_neighbor,0.1,7,10000,0,32000.0,31948.0,31924.0,0.998375,0.9992487792663077,0.04988125,2.0,5.0,7.0,1.0,0.0,0.0,0.0,31938.0,0.0,0.0,10000.0
B6_dpesc_v7_s6_global,torus3d_neighbor,0.15,7,10000,0,48000.0,47760.0,47729.0,0.995,0.9993509212730318,0.0745765625,2.0,5.0,7.0,1.0,0.0,0.0,0.0,47747.0,0.0,0.0,10000.0
B6_dpesc_v7_s6_global,torus3d_neighbor,0.2,7,10000,0,64000.0,63806.0,63763.0,0.99696875,0.9993260821866282,0.0996296875,2.0,5.0,7.0,1.0,0.0,0.0,0.0,63788.0,0.0,0.0,10000.0
B6_dpesc_v7_s6_global,torus3d_neighbor,0.25,7,10000,0,80000.0,79713.0,79662.0,0.9964125,0.999360204734485,0.124471875,2.0,5.0,7.0,1.0,0.0,0.0,0.0,79693.0,0.0,0.0,10000.0
B6_dpesc_v7_s6_global,torus3d_neighbor,0.3,7,10000,0,96000.0,95810.0,95751.0,0.9980208333333334,0.9993841978916606,0.1496109375,2.0,5.0,7.0,1.0,0.0,0.0,0.0,95785.0,0.0,0.0,10000.0
B6_dpesc_v7_s6_global,torus3d_neighbor,0.35,7,10000,0,112000.0,111703.0,111637.0,0.9973482142857143,0.9994091474714197,0.1744328125,2.0,5.0,7.0,1.0,0.0,0.0,0.0,111676.0,0.0,0.0,10000.0
B6_dpesc_v7_s6_global,torus3d_neighbor,0.4,7,10000,0,128000.0,127637.0,127562.0,0.9971640625,0.9994123960920422,0.199315625,2.0,5.0,7.0,1.0,0.0,0.0,0.0,127608.0,0.0,0.0,10000.0
B6_dpesc_v7_s6_global,torus3d_neighbor,0.45,7,10000,0,144000.0,143553.0,143470.0,0.9968958333333333,0.9994218163326437,0.224171875,2.0,5.0,7.0,1.0,0.0,0.0,0.0,143521.0,0.0,0.0,10000.0
B6_dpesc_v7_s6_global,torus3d_neighbor,0.5,7,10000,0,160000.0,159452.0,159359.0,0.996575,0.9994167523768909,0.2489984375,2.0,5.0,7.0,1.0,0.0,0.0,0.0,159419.0,0.0,0.0,10000.0
B2_dpesc_v3_s2_global,uniform_random,0.05,3,10000,0,16000.0,15980.0,15959.0,0.99875,0.998685857321652,0.0249359375,2.00213,9.038975,11.041105,2.996804,0.0,0.0,0.0,47863.0,1.0,1.0,10000.0
B2_dpesc_v3_s2_global,uniform_random,0.1,3,10000,0,32000.0,31970.0,31933.0,0.9990625,0.998842664998436,0.0498953125,2.009864,9.111577,11.121442,3.008894,0.0,0.0,0.0,96096.0,32.0,16.0,10000.0
B2_dpesc_v3_s2_global,uniform_random,0.15,3,10000,0,48000.0,47716.0,47665.0,0.9940833333333333,0.9989311761254087,0.0744765625,2.022427,9.139473,11.161901,3.001112,0.0,0.0,0.0,143029.0,121.0,87.0,10000.0
B2_dpesc_v3_s2_global,uniform_random,0.2,3,10000,0,64000.0,63801.0,63731.0,0.996890625,0.9989028385135029,0.0995796875,2.042162,9.178751,11.220913,2.99898,0.0,0.0,0.0,191029.0,260.0,178.0,10000.0
B2_dpesc_v3_s2_global,uniform_random,0.25,3,10000,0,80000.0,79865.0,79781.0,0.9983125,0.9989482251299067,0.1246578125,2.070267,9.228325,11.298592,3.004713,0.0,0.0,0.0,239189.0,678.0,431.0,10000.0
B2_dpesc_v3_s2_global,uniform_random,0.3,3,10000,0,96000.0,96060.0,95965.0,1.000625,0.9990110347699355,0.1499453125,2.107987,9.280821,11.388808,3.01042,0.0,0.0,0.0,287776.0,1318.0,887.0,10000.0
B2_dpesc_v3_s2_global,uniform_random,0.35,3,10000,0,112000.0,111997.0,111891.0,0.9999732142857143,0.999053546077127,0.1748296875,2.152246,9.310016,11.462262,3.004924,0.0,0.0,0.0,333826.0,2590.0,1726.0,10000.0
B2_dpesc_v3_s2_global,uniform_random,0.4,3,10000,0,128000.0,127850.0,127717.0,0.998828125,0.9989597184200235,0.1995578125,2.213527,9.37035,11.583877,3.008949,0.0,0.0,0.0,379934.0,4647.0,3087.0,10000.0
B2_dpesc_v3_s2_global,uniform_random,0.45,3,10000,0,144000.0,143786.0,143651.0,0.9985138888888889,0.9990611046972584,0.2244546875,2.301237,9.449353,11.75059,3.023077,0.0,0.0,0.0,426677.0,7857.0,5109.0,10000.0
B2_dpesc_v3_s2_global,uniform_random,0.5,3,10000,0,160000.0,159529.0,159386.0,0.99705625,0.9991036112556337,0.249040625,2.41264,9.512843,11.925483,3.023471,0.0,0.0,0.0,469993.0,12181.0,7955.0,10000.0
B4_dpesc_v5_s4_global,uniform_random,0.05,5,10000,0,16000.0,15980.0,15959.0,0.99875,0.998685857321652,0.0249359375,2.0,9.039852,11.039852,2.996804,0.0,0.0,0.0,47864.0,0.0,0.0,10000.0
B4_dpesc_v5_s4_global,uniform_random,0.1,5,10000,0,32000.0,31970.0,31933.0,0.9990625,0.998842664998436,0.0498953125,2.0,9.113832,11.113832,3.008393,0.0,0.0,0.0,96112.0,0.0,0.0,10000.0
B4_dpesc_v5_s4_global,uniform_random,0.15,5,10000,0,48000.0,47716.0,47665.0,0.9940833333333333,0.9989311761254087,0.0744765625,2.0,9.140019,11.140019,3.000462,0.0,0.0,0.0,143116.0,0.0,0.0,10000.0
B4_dpesc_v5_s4_global,uniform_random,0.2,5,10000,0,64000.0,63801.0,63731.0,0.996890625,0.9989028385135029,0.0995796875,2.0,9.180728,11.180728,2.997693,0.0,0.0,0.0,191207.0,0.0,0.0,10000.0
B4_dpesc_v5_s4_global,uniform_random,0.25,5,10000,0,80000.0,79865.0,79781.0,0.9983125,0.9989482251299067,0.1246578125,2.0,9.230218,11.230218,3.001629,0.0,0.0,0.0,239622.0,0.0,0.0,10000.0
B4_dpesc_v5_s4_global,uniform_random,0.3,5,10000,0,96000.0,96060.0,95966.0,1.000625,0.9990214449302519,0.149946875,2.0,9.285559,11.285559,3.005929,0.0,0.0,0.0,288664.0,0.0,0.0,10000.0
B4_dpesc_v5_s4_global,uniform_random,0.35,5,10000,0,112000.0,111998.0,111891.0,0.9999821428571428,0.9990446257968892,0.1748296875,2.0,9.308407,11.308407,2.997372,0.0,0.0,0.0,335574.0,0.0,0.0,10000.0
B4_dpesc_v5_s4_global,uniform_random,0.4,5,10000,0,128000.0,127850.0,127721.0,0.998828125,0.9989910050840829,0.1995640625,2.0,9.353113,11.353113,2.997181,0.0,0.0,0.0,383073.0,0.0,0.0,10000.0
B4_dpesc_v5_s4_global,uniform_random,0.45,5,10000,0,144000.0,143788.0,143650.0,0.9985277777777778,0.9990402537068462,0.224453125,2.0,9.411779,11.411779,3.004929,0.0,0.0,0.0,431938.0,0.0,0.0,10000.0
B4_dpesc_v5_s4_global,uniform_random,0.5,5,10000,0,160000.0,159529.0,159392.0,0.99705625,0.9991412219721806,0.24905,2.0,9.447946,11.447946,2.998896,0.0,0.0,0.0,478262.0,3.0,1.0,10000.0
B6_dpesc_v7_s6_global,uniform_random,0.05,7,10000,0,16000.0,15980.0,15959.0,0.99875,0.998685857321652,0.0249359375,2.0,9.039852,11.039852,2.996804,0.0,0.0,0.0,47864.0,0.0,0.0,10000.0
B6_dpesc_v7_s6_global,uniform_random,0.1,7,10000,0,32000.0,31970.0,31933.0,0.9990625,0.998842664998436,0.0498953125,2.0,9.113832,11.113832,3.008393,0.0,0.0,0.0,96112.0,0.0,0.0,10000.0
B6_dpesc_v7_s6_global,uniform_random,0.15,7,10000,0,48000.0,47716.0,47665.0,0.9940833333333333,0.9989311761254087,0.0744765625,2.0,9.140019,11.140019,3.000462,0.0,0.0,0.0,143116.0,0.0,0.0,10000.0
B6_dpesc_v7_s6_global,uniform_random,0.2,7,10000,0,64000.0,63801.0,63731.0,0.996890625,0.9989028385135029,0.0995796875,2.0,9.180728,11.180728,2.997693,0.0,0.0,0.0,191207.0,0.0,0.0,10000.0
B6_dpesc_v7_s6_global,uniform_random,0.25,7,10000,0,80000.0,79865.0,79781.0,0.9983125,0.9989482251299067,0.1246578125,2.0,9.230218,11.230218,3.001629,0.0,0.0,0.0,239622.0,0.0,0.0,10000.0
B6_dpesc_v7_s6_global,uniform_random,0.3,7,10000,0,96000.0,96060.0,95966.0,1.000625,0.9990214449302519,0.149946875,2.0,9.285559,11.285559,3.005929,0.0,0.0,0.0,288664.0,0.0,0.0,10000.0
B6_dpesc_v7_s6_global,uniform_random,0.35,7,10000,0,112000.0,111998.0,111891.0,0.9999821428571428,0.9990446257968892,0.1748296875,2.0,9.308407,11.308407,2.997372,0.0,0.0,0.0,335574.0,0.0,0.0,10000.0
B6_dpesc_v7_s6_global,uniform_random,0.4,7,10000,0,128000.0,127850.0,127721.0,0.998828125,0.9989910050840829,0.1995640625,2.0,9.353113,11.353113,2.997181,0.0,0.0,0.0,383073.0,0.0,0.0,10000.0
B6_dpesc_v7_s6_global,uniform_random,0.45,7,10000,0,144000.0,143788.0,143650.0,0.9985277777777778,0.9990402537068462,0.224453125,2.0,9.411779,11.411779,3.004929,0.0,0.0,0.0,431938.0,0.0,0.0,10000.0
B6_dpesc_v7_s6_global,uniform_random,0.5,7,10000,0,160000.0,159529.0,159392.0,0.99705625,0.9991412219721806,0.24905,2.0,9.4489,11.4489,2.998883,0.0,0.0,0.0,478263.0,0.0,0.0,10000.0
