config,pattern,rate,pd_throughput,global_throughput,throughput_delta_pct,pd_latency,global_latency,latency_delta_pct,pd_pool_blocks,global_pool_blocks,pd_deadlock,global_deadlock
B2_dpesc_v3_s2,torus3d_neighbor,0.05,0.0249328125,0.0249328125,0.0,7.002945,7.002945,0.0,0,0,0,0
B2_dpesc_v3_s2,torus3d_neighbor,0.1,0.04988125,0.04988125,0.0,7.010462,7.010462,0.0,0,0,0,0
B2_dpesc_v3_s2,torus3d_neighbor,0.15,0.0745765625,0.0745765625,0.0,7.023927,7.023927,0.0,0,0,0,0
B2_dpesc_v3_s2,torus3d_neighbor,0.2,0.0996296875,0.0996296875,0.0,7.044226,7.044226,0.0,0,0,0,0
B2_dpesc_v3_s2,torus3d_neighbor,0.25,0.124471875,0.124471875,0.0,7.06815,7.06815,0.0,0,0,0,0
B2_dpesc_v3_s2,torus3d_neighbor,0.3,0.1496109375,0.1496109375,0.0,7.100563,7.100563,0.0,0,0,0,0
B2_dpesc_v3_s2,torus3d_neighbor,0.35,0.1744328125,0.1744328125,0.0,7.140849,7.140849,0.0,0,0,0,0
B2_dpesc_v3_s2,torus3d_neighbor,0.4,0.1993125,0.1993125,0.0,7.194693,7.194693,0.0,0,0,0,0
B2_dpesc_v3_s2,torus3d_neighbor,0.45,0.22416875,0.22416875,0.0,7.266331,7.266331,0.0,0,0,0,0
B2_dpesc_v3_s2,torus3d_neighbor,0.5,0.2489953125,0.2489953125,0.0,7.361616,7.361616,0.0,0,0,0,0
B2_dpesc_v3_s2,torus3d_tornado,0.05,0.0249203125,0.0249203125,0.0,11.049031,11.049031,0.0,0,0,0,0
B2_dpesc_v3_s2,torus3d_tornado,0.1,0.04985,0.04985,0.0,11.101523,11.101523,0.0,0,0,0,0
B2_dpesc_v3_s2,torus3d_tornado,0.15,0.0745328125,0.0745328125,0.0,11.162806,11.162806,0.0,0,0,0,0
B2_dpesc_v3_s2,torus3d_tornado,0.2,0.099578125,0.099578125,0.0,11.232559,11.232559,0.0,0,0,0,0
B2_dpesc_v3_s2,torus3d_tornado,0.25,0.1244109375,0.1244109375,0.0,11.308215,11.308215,0.0,0,0,0,0
B2_dpesc_v3_s2,torus3d_tornado,0.3,0.14954375,0.14954375,0.0,11.396257,11.396257,0.0,0,0,0,0
B2_dpesc_v3_s2,torus3d_tornado,0.35,0.174359375,0.174359375,0.0,11.505941,11.505941,0.0,0,0,0,0
B2_dpesc_v3_s2,torus3d_tornado,0.4,0.19921875,0.19921875,0.0,11.638431,11.638431,0.0,0,0,0,0
B2_dpesc_v3_s2,torus3d_tornado,0.45,0.224065625,0.224065625,0.0,11.806886,11.806886,0.0,0,0,0,0
B2_dpesc_v3_s2,torus3d_tornado,0.5,0.2488796875,0.2488796875,0.0,12.023675,12.023675,0.0,0,0,0,0
B2_dpesc_v3_s2,torus3d_transpose,0.05,0.0249203125,0.0249203125,0.0,11.045645,11.04715,0.01362527946533465,0,0,0,0
B2_dpesc_v3_s2,torus3d_transpose,0.1,0.049853125,0.049853125,0.0,11.090516,11.086786,-0.033632339559308555,0,0,0,0
B2_dpesc_v3_s2,torus3d_transpose,0.15,0.0745359375,0.0745359375,0.0,11.134688,11.122424,-0.11014228687862282,0,0,0,0
B2_dpesc_v3_s2,torus3d_transpose,0.2,0.099578125,0.0995796875,0.0015691197238210108,11.203562,11.176806,-0.23881690483794626,0,0,0,0
B2_dpesc_v3_s2,torus3d_transpose,0.25,0.1244125,0.1244140625,0.001255902742891557,11.293856,11.236835,-0.504885134005606,0,0,0,0
B2_dpesc_v3_s2,torus3d_transpose,0.3,0.14954375,0.1495453125,0.0010448447360644764,11.387972,11.296973,-0.7990799415383165,0,0,0,0
B2_dpesc_v3_s2,torus3d_transpose,0.35,0.174359375,0.1743625,0.0017922752934884656,11.506381,11.371657,-1.17086336703085,0,0,0,0
B2_dpesc_v3_s2,torus3d_transpose,0.4,0.199225,0.199225,0.0,11.670685,11.466393,-1.750471373359841,0,0,0,0
B2_dpesc_v3_s2,torus3d_transpose,0.45,0.2240671875,0.2240734375,0.002789341924502864,11.872667,11.584274,-2.429049850383236,0,0,0,0
B2_dpesc_v3_s2,torus3d_transpose,0.5,0.24888125,0.2488828125,0.0006278094472733642,12.145809,11.751678,-3.2449958664754197,0,0,0,0
B2_dpesc_v3_s2,torus3d_xopposite,0.05,0.024928125,0.024928125,0.0,9.033471,9.027329,-0.06799158374450887,0,0,0,0
B2_dpesc_v3_s2,torus3d_xopposite,0.1,0.04986875,0.04986875,0.0,9.080963,9.061944,-0.20943813998581806,0,0,0,0
B2_dpesc_v3_s2,torus3d_xopposite,0.15,0.074559375,0.074559375,0.0,9.15141,9.100339,-0.5580670082533712,0,0,0,0
B2_dpesc_v3_s2,torus3d_xopposite,0.2,0.099609375,0.099609375,0.0,9.236235,9.14789,-0.956504463128105,0,0,0,0
B2_dpesc_v3_s2,torus3d_xopposite,0.25,0.12444375,0.124446875,0.0025111747275374796,9.346417,9.198177,-1.5860623381131145,0,0,0,0
B2_dpesc_v3_s2,torus3d_xopposite,0.3,0.149578125,0.1495796875,0.0010446046171397327,9.487057,9.258798,-2.4060043067096526,0,0,0,0
B2_dpesc_v3_s2,torus3d_xopposite,0.35,0.174396875,0.1744015625,0.0026878348594161494,9.673643,9.332503,-3.5264894518021728,0,0,0,0
B2_dpesc_v3_s2,torus3d_xopposite,0.4,0.19925625,0.1992671875,0.005489162824257043,9.928994,9.418557,-5.140873284846381,0,0,0,0
B2_dpesc_v3_s2,torus3d_xopposite,0.45,0.2241015625,0.224121875,0.0090639707164053,10.325773,9.528891,-7.717407694319833,0,0,0,0
B2_dpesc_v3_s2,torus3d_xopposite,0.5,0.24889375,0.2489375,0.017577781683963956,13.592177,9.670092,-28.8554585479574,0,0,0,0
B2_dpesc_v3_s2,uniform_random,0.05,0.0249359375,0.0249359375,0.0,11.043048,11.041105,-0.017594779991902953,0,0,0,0
B2_dpesc_v3_s2,uniform_random,0.1,0.0498953125,0.0498953125,0.0,11.129866,11.121442,-0.07568824278746389,0,0,0,0
B2_dpesc_v3_s2,uniform_random,0.15,0.0744765625,0.0744765625,0.0,11.182251,11.161901,-0.1819848257743506,0,0,0,0
B2_dpesc_v3_s2,uniform_random,0.2,0.0995765625,0.0995796875,0.0031382886911845986,11.254327,11.220913,-0.2968991393265896,0,0,0,0
B2_dpesc_v3_s2,uniform_random,0.25,0.1246578125,0.1246578125,0.0,11.347439,11.298592,-0.43046717413506297,0,0,0,0
B2_dpesc_v3_s2,uniform_random,0.3,0.1499421875,0.1499453125,0.002084136594326935,11.472276,11.388808,-0.7275626911347088,0,0,0,0
B2_dpesc_v3_s2,uniform_random,0.35,0.174828125,0.1748296875,0.000893734918228084,11.591152,11.462262,-1.111968853484091,0,0,0,0
B2_dpesc_v3_s2,uniform_random,0.4,0.19955625,0.1995578125,0.0007829872529674375,11.751347,11.583877,-1.4251132231905106,0,0,0,0
B2_dpesc_v3_s2,uniform_random,0.45,0.224446875,0.2244546875,0.003480779137610135,11.983411,11.75059,-1.9428608432106698,0,0,0,0
B2_dpesc_v3_s2,uniform_random,0.5,0.249025,0.249040625,0.006274470434686208,12.240827,11.925483,-2.576165809712039,0,0,0,0
B4_dpesc_v5_s4,torus3d_neighbor,0.05,0.0249328125,0.0249328125,0.0,7.0,7.0,0.0,0,0,0,0
B4_dpesc_v5_s4,torus3d_neighbor,0.1,0.04988125,0.04988125,0.0,7.0,7.0,0.0,0,0,0,0
B4_dpesc_v5_s4,torus3d_neighbor,0.15,0.0745765625,0.0745765625,0.0,7.0,7.0,0.0,0,0,0,0
B4_dpesc_v5_s4,torus3d_neighbor,0.2,0.0996296875,0.0996296875,0.0,7.0,7.0,0.0,0,0,0,0
B4_dpesc_v5_s4,torus3d_neighbor,0.25,0.124471875,0.124471875,0.0,7.0,7.0,0.0,0,0,0,0
B4_dpesc_v5_s4,torus3d_neighbor,0.3,0.1496109375,0.1496109375,0.0,7.0,7.0,0.0,0,0,0,0
B4_dpesc_v5_s4,torus3d_neighbor,0.35,0.1744328125,0.1744328125,0.0,7.0,7.0,0.0,0,0,0,0
B4_dpesc_v5_s4,torus3d_neighbor,0.4,0.199315625,0.199315625,0.0,7.0,7.0,0.0,0,0,0,0
B4_dpesc_v5_s4,torus3d_neighbor,0.45,0.224171875,0.224171875,0.0,7.0,7.0,0.0,0,0,0,0
B4_dpesc_v5_s4,torus3d_neighbor,0.5,0.2489984375,0.2489984375,0.0,7.0,7.0,0.0,0,0,0,0
B4_dpesc_v5_s4,torus3d_tornado,0.05,0.0249203125,0.0249203125,0.0,11.04157,11.04157,0.0,0,0,0,0
B4_dpesc_v5_s4,torus3d_tornado,0.1,0.04985,0.04985,0.0,11.094471,11.094471,0.0,0,0,0,0
B4_dpesc_v5_s4,torus3d_tornado,0.15,0.0745328125,0.0745328125,0.0,11.138551,11.138551,0.0,0,0,0,0
B4_dpesc_v5_s4,torus3d_tornado,0.2,0.099578125,0.099578125,0.0,11.193159,11.193159,0.0,0,0,0,0
B4_dpesc_v5_s4,torus3d_tornado,0.25,0.1244109375,0.1244109375,0.0,11.245482,11.245482,0.0,0,0,0,0
B4_dpesc_v5_s4,torus3d_tornado,0.3,0.14954375,0.14954375,0.0,11.30079,11.30079,0.0,0,0,0,0
B4_dpesc_v5_s4,torus3d_tornado,0.35,0.1743609375,0.1743609375,0.0,11.357654,11.357654,0.0,0,0,0,0
B4_dpesc_v5_s4,torus3d_tornado,0.4,0.199225,0.199225,0.0,11.424818,11.424818,0.0,0,0,0,0
B4_dpesc_v5_s4,torus3d_tornado,0.45,0.224075,0.224075,0.0,11.494491,11.494491,0.0,0,0,0,0
B4_dpesc_v5_s4,torus3d_tornado,0.5,0.248890625,0.248890625,0.0,11.565371,11.565371,0.0,0,0,0,0
B4_dpesc_v5_s4,torus3d_transpose,0.05,0.0249203125,0.0249203125,0.0,11.042072,11.042072,0.0,0,0,0,0
B4_dpesc_v5_s4,torus3d_transpose,0.1,0.049853125,0.049853125,0.0,11.076694,11.076694,0.0,0,0,0,0
B4_dpesc_v5_s4,torus3d_transpose,0.15,0.0745359375,0.0745359375,0.0,11.098799,11.098799,0.0,0,0,0,0
B4_dpesc_v5_s4,torus3d_transpose,0.2,0.0995796875,0.0995796875,0.0,11.137547,11.137547,0.0,0,0,0,0
B4_dpesc_v5_s4,torus3d_transpose,0.25,0.1244140625,0.1244140625,0.0,11.174355,11.174355,0.0,0,0,0,0
B4_dpesc_v5_s4,torus3d_transpose,0.3,0.1495453125,0.1495453125,0.0,11.20345,11.203513,0.0005623267832488565,0,0,0,0
B4_dpesc_v5_s4,torus3d_transpose,0.35,0.1743625,0.1743609375,-0.0008961215857694604,11.233556,11.234195,0.005688314546170581,0,0,0,0
B4_dpesc_v5_s4,torus3d_transpose,0.4,0.199225,0.199228125,0.0015685782406738014,11.263592,11.266427,0.02516959065990143,0,0,0,0
B4_dpesc_v5_s4,torus3d_transpose,0.45,0.2240765625,0.2240734375,-0.0013946126114827706,11.293782,11.293772,-8.854429809357356e-05,0,0,0,0
B4_dpesc_v5_s4,torus3d_transpose,0.5,0.2488953125,0.2488953125,0.0,11.325947,11.324904,-0.009208942969618494,0,0,0,0
B4_dpesc_v5_s4,torus3d_xopposite,0.05,0.024928125,0.024928125,0.0,9.025574,9.025574,0.0,0,0,0,0
B4_dpesc_v5_s4,torus3d_xopposite,0.1,0.04986875,0.04986875,0.0,9.051166,9.051166,0.0,0,0,0,0
B4_dpesc_v5_s4,torus3d_xopposite,0.15,0.074559375,0.074559375,0.0,9.076743,9.076743,0.0,0,0,0,0
B4_dpesc_v5_s4,torus3d_xopposite,0.2,0.099609375,0.099609375,0.0,9.107467,9.106886,-0.006379380787224775,0,0,0,0
B4_dpesc_v5_s4,torus3d_xopposite,0.25,0.124446875,0.124446875,0.0,9.132411,9.132737,0.0035697035536630395,0,0,0,0
B4_dpesc_v5_s4,torus3d_xopposite,0.3,0.1495796875,0.1495796875,0.0,9.162497,9.160011,-0.027132341762292622,0,0,0,0
B4_dpesc_v5_s4,torus3d_xopposite,0.35,0.1744015625,0.1744015625,0.0,9.189398,9.188278,-0.012187958340692528,0,0,0,0
B4_dpesc_v5_s4,torus3d_xopposite,0.4,0.199271875,0.199271875,0.0,9.217009,9.214351,-0.028837988549201832,0,0,0,0
B4_dpesc_v5_s4,torus3d_xopposite,0.45,0.2241265625,0.224125,-0.0006971507448993997,9.248743,9.241125,-0.08236794989329166,0,0,0,0
B4_dpesc_v5_s4,torus3d_xopposite,0.5,0.2489484375,0.248946875,-0.0006276400107974034,9.28021,9.267646,-0.13538486736831556,0,0,0,0
B4_dpesc_v5_s4,uniform_random,0.05,0.0249359375,0.0249359375,0.0,11.039852,11.039852,0.0,0,0,0,0
B4_dpesc_v5_s4,uniform_random,0.1,0.0498953125,0.0498953125,0.0,11.113832,11.113832,0.0,0,0,0,0
B4_dpesc_v5_s4,uniform_random,0.15,0.0744765625,0.0744765625,0.0,11.140753,11.140019,-0.006588423601161519,0,0,0,0
B4_dpesc_v5_s4,uniform_random,0.2,0.0995796875,0.0995796875,0.0,11.178798,11.180728,0.017264825788965155,0,0,0,0
B4_dpesc_v5_s4,uniform_random,0.25,0.1246578125,0.1246578125,0.0,11.229754,11.230218,0.004131880359992124,0,0,0,0
B4_dpesc_v5_s4,uniform_random,0.3,0.1499453125,0.149946875,0.001042046579469158,11.283041,11.285559,0.022316678632994247,0,0,0,0
B4_dpesc_v5_s4,uniform_random,0.35,0.17483125,0.1748296875,-0.0008937189432622894,11.307323,11.308407,0.009586707658404414,0,0,0,0
B4_dpesc_v5_s4,uniform_random,0.4,0.1995640625,0.1995640625,0.0,11.354421,11.353113,-0.011519741957777274,0,0,0,0
B4_dpesc_v5_s4,uniform_random,0.45,0.2244578125,0.224453125,-0.0020883657146031354,11.415989,11.411779,-0.03687810140672321,0,0,0,0
B4_dpesc_v5_s4,uniform_random,0.5,0.24905,0.24905,0.0,11.448724,11.447946,-0.006795517124880135,0,0,0,0
B6_dpesc_v7_s6,torus3d_neighbor,0.05,0.0249328125,0.0249328125,0.0,7.0,7.0,0.0,0,0,0,0
B6_dpesc_v7_s6,torus3d_neighbor,0.1,0.04988125,0.04988125,0.0,7.0,7.0,0.0,0,0,0,0
B6_dpesc_v7_s6,torus3d_neighbor,0.15,0.0745765625,0.0745765625,0.0,7.0,7.0,0.0,0,0,0,0
B6_dpesc_v7_s6,torus3d_neighbor,0.2,0.0996296875,0.0996296875,0.0,7.0,7.0,0.0,0,0,0,0
B6_dpesc_v7_s6,torus3d_neighbor,0.25,0.124471875,0.124471875,0.0,7.0,7.0,0.0,0,0,0,0
B6_dpesc_v7_s6,torus3d_neighbor,0.3,0.1496109375,0.1496109375,0.0,7.0,7.0,0.0,0,0,0,0
B6_dpesc_v7_s6,torus3d_neighbor,0.35,0.1744328125,0.1744328125,0.0,7.0,7.0,0.0,0,0,0,0
B6_dpesc_v7_s6,torus3d_neighbor,0.4,0.199315625,0.199315625,0.0,7.0,7.0,0.0,0,0,0,0
B6_dpesc_v7_s6,torus3d_neighbor,0.45,0.224171875,0.224171875,0.0,7.0,7.0,0.0,0,0,0,0
B6_dpesc_v7_s6,torus3d_neighbor,0.5,0.2489984375,0.2489984375,0.0,7.0,7.0,0.0,0,0,0,0
B6_dpesc_v7_s6,torus3d_tornado,0.05,0.0249203125,0.0249203125,0.0,11.04157,11.04157,0.0,0,0,0,0
B6_dpesc_v7_s6,torus3d_tornado,0.1,0.04985,0.04985,0.0,11.094471,11.094471,0.0,0,0,0,0
B6_dpesc_v7_s6,torus3d_tornado,0.15,0.0745328125,0.0745328125,0.0,11.138551,11.138551,0.0,0,0,0,0
B6_dpesc_v7_s6,torus3d_tornado,0.2,0.099578125,0.099578125,0.0,11.193159,11.193159,0.0,0,0,0,0
B6_dpesc_v7_s6,torus3d_tornado,0.25,0.1244109375,0.1244109375,0.0,11.245482,11.245482,0.0,0,0,0,0
B6_dpesc_v7_s6,torus3d_tornado,0.3,0.14954375,0.14954375,0.0,11.30079,11.30079,0.0,0,0,0,0
B6_dpesc_v7_s6,torus3d_tornado,0.35,0.1743609375,0.1743609375,0.0,11.357654,11.357654,0.0,0,0,0,0
B6_dpesc_v7_s6,torus3d_tornado,0.4,0.199225,0.199225,0.0,11.424818,11.424818,0.0,0,0,0,0
B6_dpesc_v7_s6,torus3d_tornado,0.45,0.224075,0.224075,0.0,11.494491,11.494491,0.0,0,0,0,0
B6_dpesc_v7_s6,torus3d_tornado,0.5,0.248890625,0.248890625,0.0,11.565371,11.565371,0.0,0,0,0,0
B6_dpesc_v7_s6,torus3d_transpose,0.05,0.0249203125,0.0249203125,0.0,11.042072,11.042072,0.0,0,0,0,0
B6_dpesc_v7_s6,torus3d_transpose,0.1,0.049853125,0.049853125,0.0,11.076694,11.076694,0.0,0,0,0,0
B6_dpesc_v7_s6,torus3d_transpose,0.15,0.0745359375,0.0745359375,0.0,11.098799,11.098799,0.0,0,0,0,0
B6_dpesc_v7_s6,torus3d_transpose,0.2,0.0995796875,0.0995796875,0.0,11.137547,11.137547,0.0,0,0,0,0
B6_dpesc_v7_s6,torus3d_transpose,0.25,0.1244140625,0.1244140625,0.0,11.174355,11.174355,0.0,0,0,0,0
B6_dpesc_v7_s6,torus3d_transpose,0.3,0.1495453125,0.1495453125,0.0,11.203513,11.203513,0.0,0,0,0,0
B6_dpesc_v7_s6,torus3d_transpose,0.35,0.1743609375,0.1743609375,0.0,11.234195,11.234195,0.0,0,0,0,0
B6_dpesc_v7_s6,torus3d_transpose,0.4,0.199228125,0.199228125,0.0,11.266427,11.266427,0.0,0,0,0,0
B6_dpesc_v7_s6,torus3d_transpose,0.45,0.2240734375,0.2240734375,0.0,11.293772,11.293772,0.0,0,0,0,0
B6_dpesc_v7_s6,torus3d_transpose,0.5,0.2488953125,0.2488953125,0.0,11.324904,11.324904,0.0,0,0,0,0
B6_dpesc_v7_s6,torus3d_xopposite,0.05,0.024928125,0.024928125,0.0,9.025574,9.025574,0.0,0,0,0,0
B6_dpesc_v7_s6,torus3d_xopposite,0.1,0.04986875,0.04986875,0.0,9.051166,9.051166,0.0,0,0,0,0
B6_dpesc_v7_s6,torus3d_xopposite,0.15,0.074559375,0.074559375,0.0,9.076743,9.076743,0.0,0,0,0,0
B6_dpesc_v7_s6,torus3d_xopposite,0.2,0.099609375,0.099609375,0.0,9.106886,9.106886,0.0,0,0,0,0
B6_dpesc_v7_s6,torus3d_xopposite,0.25,0.124446875,0.124446875,0.0,9.132737,9.132737,0.0,0,0,0,0
B6_dpesc_v7_s6,torus3d_xopposite,0.3,0.1495796875,0.1495796875,0.0,9.160011,9.160011,0.0,0,0,0,0
B6_dpesc_v7_s6,torus3d_xopposite,0.35,0.1744015625,0.1744015625,0.0,9.188278,9.188278,0.0,0,0,0,0
B6_dpesc_v7_s6,torus3d_xopposite,0.4,0.199271875,0.199271875,0.0,9.214351,9.214351,0.0,0,0,0,0
B6_dpesc_v7_s6,torus3d_xopposite,0.45,0.224125,0.224125,0.0,9.241125,9.241125,0.0,0,0,0,0
B6_dpesc_v7_s6,torus3d_xopposite,0.5,0.248946875,0.248946875,0.0,9.267646,9.267646,0.0,0,0,0,0
B6_dpesc_v7_s6,uniform_random,0.05,0.0249359375,0.0249359375,0.0,11.039852,11.039852,0.0,0,0,0,0
B6_dpesc_v7_s6,uniform_random,0.1,0.0498953125,0.0498953125,0.0,11.113832,11.113832,0.0,0,0,0,0
B6_dpesc_v7_s6,uniform_random,0.15,0.0744765625,0.0744765625,0.0,11.140019,11.140019,0.0,0,0,0,0
B6_dpesc_v7_s6,uniform_random,0.2,0.0995796875,0.0995796875,0.0,11.180728,11.180728,0.0,0,0,0,0
B6_dpesc_v7_s6,uniform_random,0.25,0.1246578125,0.1246578125,0.0,11.230218,11.230218,0.0,0,0,0,0
B6_dpesc_v7_s6,uniform_random,0.3,0.149946875,0.149946875,0.0,11.285559,11.285559,0.0,0,0,0,0
B6_dpesc_v7_s6,uniform_random,0.35,0.1748296875,0.1748296875,0.0,11.308407,11.308407,0.0,0,0,0,0
B6_dpesc_v7_s6,uniform_random,0.4,0.1995640625,0.1995640625,0.0,11.353113,11.353113,0.0,0,0,0,0
B6_dpesc_v7_s6,uniform_random,0.45,0.224453125,0.224453125,0.0,11.411779,11.411779,0.0,0,0,0,0
B6_dpesc_v7_s6,uniform_random,0.5,0.2490484375,0.24905,0.0006273879955553952,11.448219,11.4489,0.005948523521426274,0,0,0,0
